[
  {
    "title": "",
    "body": "The hand book is perfect for reference.. all you need to know with some beautiful photos",
    "rating": 5,
    "review_date": "2023-10-09 06:48:29 UTC",
    "source": "shop-app",
    "curated": "ok",
    "product_id": "7088522559569",
    "product_handle": "2023-handbook-of-roses",
    "reply": "",
    "reply_date": "",
    "picture_urls": "",
    "ip_address": "",
    "location": "",
    "metaobject_handle": "shop-2519111-39245795-32cbadaa-b7cf-4cac-a25b-4f2950b8153a"
  },
  {
    "title": "",
    "body": "Didn't receive it",
    "rating": 1,
    "review_date": "2023-11-02 13:53:25 UTC",
    "source": "shop-app",
    "curated": "ok",
    "product_id": "7088522559569",
    "product_handle": "2023-handbook-of-roses",
    "reply": "",
    "reply_date": "",
    "picture_urls": "",
    "ip_address": "",
    "location": "",
    "metaobject_handle": "shop-2519111-47005382-09cdf671-ab6b-4ff7-b64e-8f2821a376ff"
  }
]