[
  {
    "title": "",
    "body": "Just planted. It hasn\u2019t flowered as yet but as it\u2019s a David Austin rose, I expect it will be fabulous",
    "rating": 5,
    "review_date": "2023-04-26 10:16:38 UTC",
    "source": "shop-app",
    "curated": "ok",
    "product_id": "4114144034897",
    "product_handle": "a-whiter-shade-of-pale-bare-root",
    "reply": "",
    "reply_date": "",
    "picture_urls": "",
    "ip_address": "",
    "location": "",
    "metaobject_handle": "shop-2519111-12741768-8e355ce0-5d86-44b3-a92b-3adb17f2dfe0"
  },
  {
    "title": "",
    "body": "So far so good. They look healthy and are bedded in for the winter so fingers crossed some beauties will flower next summer",
    "rating": 5,
    "review_date": "2023-11-03 15:53:46 UTC",
    "source": "shop-app",
    "curated": "ok",
    "product_id": "4114144034897",
    "product_handle": "a-whiter-shade-of-pale-bare-root",
    "reply": "",
    "reply_date": "",
    "picture_urls": "",
    "ip_address": "",
    "location": "",
    "metaobject_handle": "shop-2519111-47264290-09aca753-ba78-4570-ae9e-63622729b9d8"
  },
  {
    "title": "",
    "body": "The most beautiful rose I have ever bought. It looked amazing in my garden but then the heavens opened and the petals were knocked to the ground. Glad there are plenty of new buds.",
    "rating": 5,
    "review_date": "2023-06-26 15:37:18 UTC",
    "source": "shop-app",
    "curated": "ok",
    "product_id": "4114113527889",
    "product_handle": "a-whiter-shade-of-pale-potted",
    "reply": "",
    "reply_date": "",
    "picture_urls": "",
    "ip_address": "",
    "location": "",
    "metaobject_handle": "shop-2519111-14453605-f6f4cf9b-785d-48cc-b996-3269eb122864"
  },
  {
    "title": "",
    "body": "Lovely very pale pink rose. Well packed for the journey. Already in bloom or bud as it arrived. Seems to have settled despite the sun/rain cycle we seem to be having",
    "rating": 5,
    "review_date": "2023-09-20 11:22:00 UTC",
    "source": "shop-app",
    "curated": "ok",
    "product_id": "4114113527889",
    "product_handle": "a-whiter-shade-of-pale-potted",
    "reply": "",
    "reply_date": "",
    "picture_urls": "",
    "ip_address": "",
    "location": "",
    "metaobject_handle": "shop-2519111-37143375-438d2924-815a-47f3-a69a-1237cf25cec6"
  },
  {
    "title": "",
    "body": "As always, fantastic service and product from David Austin Roses.",
    "rating": 5,
    "review_date": "2024-06-15 10:53:42 UTC",
    "source": "shop-app",
    "curated": "ok",
    "product_id": "4114113527889",
    "product_handle": "a-whiter-shade-of-pale-potted",
    "reply": "",
    "reply_date": "",
    "picture_urls": "",
    "ip_address": "",
    "location": "",
    "metaobject_handle": "shop-2519111-144591191-dab26653-edfa-4d9b-803e-a7673ec17763"
  },
  {
    "title": "",
    "body": "Beautiful rose, very healthy and fabulous scent. I\u2019m growing it in a large terracotta pot, so it can be moved around. It has looked good in its first year, hoping it performs well next summer.",
    "rating": 5,
    "review_date": "2024-10-11 08:26:28 UTC",
    "source": "shop-app",
    "curated": "ok",
    "product_id": "4114113527889",
    "product_handle": "a-whiter-shade-of-pale-potted",
    "reply": "",
    "reply_date": "",
    "picture_urls": "",
    "ip_address": "",
    "location": "",
    "metaobject_handle": "shop-2519111-162080045-16083f27-1b4f-442b-8ddb-97af3d1ff9ca"
  },
  {
    "title": "",
    "body": "Fantastic roses always buy from David Austin",
    "rating": 5,
    "review_date": "2024-12-07 14:24:21 UTC",
    "source": "shop-app",
    "curated": "ok",
    "product_id": "4114026496081",
    "product_handle": "a-whiter-shade-of-pale",
    "reply": "",
    "reply_date": "",
    "picture_urls": "",
    "ip_address": "",
    "location": "",
    "metaobject_handle": "shop-2519111-171744635-53d6e478-5bda-46bb-971c-54ef97bb68e8"
  },
  {
    "title": "Beautiful Rose",
    "body": "Whiter Shade of Pale is a beautiful rose which is pale pink/blush and smells gorgeous. Had it for 2 years very healthy, dark green leaves and good repeat flowering. If I had a bigger garden I\u2019d plant more. One of the National Trust gardens has a stunning rose bed of this variety.",
    "rating": 5,
    "review_date": "2025-06-08 18:58:26 UTC",
    "source": "web",
    "curated": "ok",
    "product_id": "4114026496081",
    "product_handle": "a-whiter-shade-of-pale",
    "reply": "",
    "reply_date": "",
    "picture_urls": "",
    "ip_address": "62.49.173.89",
    "location": "Wandsworth, England, United Kingdom",
    "metaobject_handle": "review-690799c2-d754-428d-927e-930f3e6abfad"
  },
  {
    "title": "Beautiful rose",
    "body": "Good, strong healthy rose bush",
    "rating": 5,
    "review_date": "2025-05-22 17:26:57 UTC",
    "source": "web",
    "curated": "ok",
    "product_id": "4114026496081",
    "product_handle": "a-whiter-shade-of-pale",
    "reply": "",
    "reply_date": "",
    "picture_urls": "",
    "ip_address": "86.131.167.47",
    "location": "Wirral, England, United Kingdom",
    "metaobject_handle": "review-374d660e-01b8-4724-9445-cd5bb34efdfd"
  },
  {
    "title": "A beautiful rose",
    "body": "I am glad I noted your suggestion and bought this rose: Whiter Shade of Pale.  It has only been planted for a few months yet it is flourishing and the rose is beautiful with a lovely perfume.  Your pot grown roses are such a high standard and always do well.",
    "rating": 5,
    "review_date": "2025-05-24 09:40:20 UTC",
    "source": "web",
    "curated": "ok",
    "product_id": "4114026496081",
    "product_handle": "a-whiter-shade-of-pale",
    "reply": "",
    "reply_date": "",
    "picture_urls": "",
    "ip_address": "86.149.208.95",
    "location": "Seaford, England, United Kingdom",
    "metaobject_handle": "review-999d9f70-3da0-4d8d-a573-0919925cd73c"
  },
  {
    "title": "Beautiful",
    "body": "I love this rose, so delicate. Since discovering David Austin I haven't bought a rose from anyone else.",
    "rating": 5,
    "review_date": "2025-05-13 07:36:25 UTC",
    "source": "web",
    "curated": "ok",
    "product_id": "4114026496081",
    "product_handle": "a-whiter-shade-of-pale",
    "reply": "",
    "reply_date": "",
    "picture_urls": "https://s3.amazonaws.com/me.judge.review-images/david-austin-roses-uk/1747121786__1000052489__original.jpg, https://s3.amazonaws.com/me.judge.review-images/david-austin-roses-uk/1747121787__1000052460__original.jpg",
    "ip_address": "92.18.34.71",
    "location": "Aylesbury, England, United Kingdom",
    "metaobject_handle": "review-e0ffa0ad-4c2c-480b-958b-a5448ce6e503"
  },
  {
    "title": "Most beautiful rose....",
    "body": "Hard to choose my favourite DA rose but WSOP is certainly in my top 3 \ud83d\ude01 \nI have at least 15 planted in front borders.  They usually keep flowering until late October which for a north facing aspect on West of Scotland is amazing.  The rose is beautiful in summer but even more magical to still have blooms so late in year too. Wonderful fragrance.",
    "rating": 5,
    "review_date": "2025-06-24 16:50:52 UTC",
    "source": "web",
    "curated": "ok",
    "product_id": "4114026496081",
    "product_handle": "a-whiter-shade-of-pale",
    "reply": "",
    "reply_date": "",
    "picture_urls": "",
    "ip_address": "86.133.89.145",
    "location": "Kilwinning, Scotland, United Kingdom",
    "metaobject_handle": "review-c5c3b0e6-5739-4191-a417-f1c7299e0333"
  }
]