[
  {
    "title": "Stunningly beautiful",
    "body": "My rambler at my front door blooms every year with constant evergreen leaves all year round I adore the way the flowers hang and the scent is like perfume in the air",
    "rating": 5,
    "review_date": "2025-05-28 20:29:08 UTC",
    "source": "web",
    "curated": "ok",
    "product_id": "4113778704465",
    "product_handle": "adelaide-d-orleans",
    "reply": "",
    "reply_date": "",
    "picture_urls": "https://s3.amazonaws.com/me.judge.review-images/david-austin-roses-uk/1748464148__img_6975__original.png",
    "ip_address": "86.10.243.150",
    "location": "North Tyneside, England, United Kingdom",
    "metaobject_handle": "review-8372c612-7ee1-455f-8b2c-296c7972bd59"
  },
  {
    "title": "",
    "body": "So beautiful",
    "rating": 5,
    "review_date": "2025-05-11 09:42:10 UTC",
    "source": "shop-app",
    "curated": "ok",
    "product_id": "4113778704465",
    "product_handle": "adelaide-d-orleans",
    "reply": "",
    "reply_date": "",
    "picture_urls": "",
    "ip_address": "",
    "location": "",
    "metaobject_handle": "shop-2519111-208962737-373aad93-ac63-4a43-aacf-019129fee44c"
  }
]