[
  {
    "title": "",
    "body": "Lovely rose in great condition",
    "rating": 5,
    "review_date": "2023-06-19 04:26:44 UTC",
    "source": "shop-app",
    "curated": "ok",
    "product_id": "4114094653521",
    "product_handle": "alberic-barbier-potted",
    "reply": "",
    "reply_date": "",
    "picture_urls": "",
    "ip_address": "",
    "location": "",
    "metaobject_handle": "shop-2519111-14248804-8723d04a-2e7b-427e-b6c1-16a56c688faa"
  },
  {
    "title": "",
    "body": "Beautiful roses. I recently moved so had to leave my Austin roses in my last place. It's the only roses I will buy as Iv never had any problems with them and are always healthy. Bough this climbing rose for my new garden",
    "rating": 5,
    "review_date": "2024-05-16 10:53:15 UTC",
    "source": "shop-app",
    "curated": "ok",
    "product_id": "4114094653521",
    "product_handle": "alberic-barbier-potted",
    "reply": "",
    "reply_date": "",
    "picture_urls": "",
    "ip_address": "",
    "location": "",
    "metaobject_handle": "shop-2519111-138835085-1aeec1d8-176f-4c9d-abea-4896981f5004"
  },
  {
    "title": "A total Triffid, and gorgeous",
    "body": "This took a couple years to get really established but it\u2019s vigorous, has a massive spread and flowers abundantly for months. It has a tendency to root suckers, so you do have to prune it quite strictly to avoid a 100% Alberic Barbier garden.",
    "rating": 5,
    "review_date": "2025-06-24 11:17:14 UTC",
    "source": "web",
    "curated": "ok",
    "product_id": "4186189758545",
    "product_handle": "alberic-barbier",
    "reply": "",
    "reply_date": "",
    "picture_urls": "https://s3.amazonaws.com/me.judge.review-images/david-austin-roses-uk/1750763834__img_9890__original.jpeg",
    "ip_address": "92.40.168.45",
    "location": "Epsom, England, United Kingdom",
    "metaobject_handle": "review-09f1691d-2e8e-43ad-9451-65b9ab36b07a"
  }
]