[
  {
    "title": "",
    "body": "Thank you for the lovely bare root rose. Very pleased and waiting for it to flower on the summer.",
    "rating": 5,
    "review_date": "2025-04-02 10:06:18 UTC",
    "source": "shop-app",
    "curated": "ok",
    "product_id": "4113809277009",
    "product_handle": "alec-s-red",
    "reply": "",
    "reply_date": "",
    "picture_urls": "",
    "ip_address": "",
    "location": "",
    "metaobject_handle": "shop-2519111-200971180-c260e036-9ece-4bca-aa6b-a4d814d2eb9e"
  }
]