[
  {
    "title": "Amazing flowers !!",
    "body": "Amazing flowers !!",
    "rating": 5,
    "review_date": "2025-06-06 10:10:19 UTC",
    "source": "new-rre-flow",
    "curated": "ok",
    "product_id": "4113809113169",
    "product_handle": "alexandre-girault",
    "reply": "",
    "reply_date": "",
    "picture_urls": "",
    "ip_address": "148.64.9.180",
    "location": "Enfield, England, United Kingdom",
    "metaobject_handle": "review-986ef08b-a7b2-498e-8e56-8dc6a9ada058"
  },
  {
    "title": "Excellent  rose...does what it says on the tin",
    "body": "Planted one  about 3 years  ago..it now covers a pergola at the top of the garden excellent buy from David  Austin.",
    "rating": 5,
    "review_date": "2025-06-15 17:45:40 UTC",
    "source": "web",
    "curated": "ok",
    "product_id": "4113809113169",
    "product_handle": "alexandre-girault",
    "reply": "",
    "reply_date": "",
    "picture_urls": "",
    "ip_address": "86.167.213.82",
    "location": "Kettering, England, United Kingdom",
    "metaobject_handle": "review-abef2498-0a0b-46dd-be60-e6961d1de758"
  }
]