[
  {
    "title": "An absolute star.",
    "body": "We bought an Arthur  Bell floribunda from you a year ago. This was its first real summer and I expected a few flowers. Well! It has actually been flowering for weeks and has had at least 14 flowers so far with more buds still appearing.\nWe have always admired the quality of any roses from you but this has been over and above our expectations. Thankyou so much. We will be back for more!",
    "rating": 5,
    "review_date": "2025-07-05 18:59:57 UTC",
    "source": "web",
    "curated": "ok",
    "product_id": "4113811669073",
    "product_handle": "arthur-bell",
    "reply": "",
    "reply_date": "",
    "picture_urls": "https://s3.amazonaws.com/me.judge.review-images/david-austin-roses-uk/1751741997__img_7816__original.jpeg",
    "ip_address": "31.53.146.240",
    "location": "Biggleswade, England, United Kingdom",
    "metaobject_handle": "review-6d1497c1-8bd0-4858-895f-fdc5f8845118"
  }
]