[
  {
    "title": "",
    "body": "Beautiful and healthy",
    "rating": 5,
    "review_date": "2023-05-08 15:39:20 UTC",
    "source": "shop-app",
    "curated": "ok",
    "product_id": "4114040488017",
    "product_handle": "ballerina-bare-root",
    "reply": "",
    "reply_date": "",
    "picture_urls": "",
    "ip_address": "",
    "location": "",
    "metaobject_handle": "shop-2519111-13110760-7d7b445f-06e7-4920-bda2-dc5377a40f4d"
  },
  {
    "title": "",
    "body": "This is my second one as I loved the first so much. So many pretty flowers all summer.",
    "rating": 5,
    "review_date": "2024-04-07 10:49:41 UTC",
    "source": "shop-app",
    "curated": "ok",
    "product_id": "4114040488017",
    "product_handle": "ballerina-bare-root",
    "reply": "",
    "reply_date": "",
    "picture_urls": "",
    "ip_address": "",
    "location": "",
    "metaobject_handle": "shop-2519111-132366355-414262fb-7640-4226-afd1-60ad226ec3de"
  },
  {
    "title": "",
    "body": "Beautiful rose, delivered in perfect condition, with a guide on growing roses.",
    "rating": 5,
    "review_date": "2023-05-12 17:55:24 UTC",
    "source": "shop-app",
    "curated": "ok",
    "product_id": "4114095341649",
    "product_handle": "ballerina-potted",
    "reply": "",
    "reply_date": "",
    "picture_urls": "",
    "ip_address": "",
    "location": "",
    "metaobject_handle": "shop-2519111-13237424-38c7eebf-b790-4686-a7a7-137e2dbfdc4f"
  },
  {
    "title": "",
    "body": "David Austin roses are ALWAYS fabulous",
    "rating": 5,
    "review_date": "2025-02-22 15:55:02 UTC",
    "source": "shop-app",
    "curated": "ok",
    "product_id": "4113812586577",
    "product_handle": "ballerina",
    "reply": "",
    "reply_date": "",
    "picture_urls": "",
    "ip_address": "",
    "location": "",
    "metaobject_handle": "shop-2519111-188093089-bd071048-2e5d-4dc0-88f0-8d93c2b74edf"
  },
  {
    "title": "",
    "body": "Beautiful and the best service end to end as always",
    "rating": 5,
    "review_date": "2025-05-09 08:31:21 UTC",
    "source": "shop-app",
    "curated": "ok",
    "product_id": "4113812586577",
    "product_handle": "ballerina",
    "reply": "",
    "reply_date": "",
    "picture_urls": "",
    "ip_address": "",
    "location": "",
    "metaobject_handle": "shop-2519111-208629714-ec97bf9c-368b-4c49-aa63-096dd84249c8"
  },
  {
    "title": "",
    "body": "Beautiful rose lots of small flowers really stunning. Delivery took about 5 days.",
    "rating": 5,
    "review_date": "2025-07-09 09:56:59 UTC",
    "source": "shop-app",
    "curated": "ok",
    "product_id": "4113812586577",
    "product_handle": "ballerina",
    "reply": "",
    "reply_date": "",
    "picture_urls": "",
    "ip_address": "",
    "location": "",
    "metaobject_handle": "shop-2519111-222021941-a4a1306a-d528-427c-95f8-4526c91ce689"
  }
]