[
  {
    "title": "",
    "body": "My friend was over the moon with this. Well wrapped and received promptly. Thank you",
    "rating": 5,
    "review_date": "2024-02-28 16:04:40 UTC",
    "source": "shop-app",
    "curated": "ok",
    "product_id": "4114040782929",
    "product_handle": "barbara-austin-shrub-rose-bare-root",
    "reply": "",
    "reply_date": "",
    "picture_urls": "",
    "ip_address": "",
    "location": "",
    "metaobject_handle": "shop-2519111-121392795-f6b6a31c-377b-414c-8ef0-eef3ca25fbe6"
  }
]