[
  {
    "title": "",
    "body": "Can\u2019t wait to see this flower. Healthy plant, arrived in excellent condition. Would definitely recommend.",
    "rating": 5,
    "review_date": "2023-05-12 17:57:28 UTC",
    "source": "shop-app",
    "curated": "ok",
    "product_id": "4114095439953",
    "product_handle": "bathsheba-climbing-rose-potted",
    "reply": "",
    "reply_date": "",
    "picture_urls": "",
    "ip_address": "",
    "location": "",
    "metaobject_handle": "shop-2519111-13237529-f897ed3b-d763-4689-8fab-3e2a559b53d4"
  },
  {
    "title": "",
    "body": "Beautifully packed in excellent condition planted out and it is thieving very pleased with it  would  recommend to everyone to buy",
    "rating": 5,
    "review_date": "2023-06-13 16:38:24 UTC",
    "source": "shop-app",
    "curated": "ok",
    "product_id": "4114095439953",
    "product_handle": "bathsheba-climbing-rose-potted",
    "reply": "",
    "reply_date": "",
    "picture_urls": "",
    "ip_address": "",
    "location": "",
    "metaobject_handle": "shop-2519111-14094687-d0edbd6e-457b-446b-8dca-f9cf4976827f"
  },
  {
    "title": "",
    "body": "This is a delightful rose. It arrived earlier than expected and was clearly a strong specimen that has grown away since planting. Delighted",
    "rating": 5,
    "review_date": "2023-07-29 07:32:18 UTC",
    "source": "shop-app",
    "curated": "ok",
    "product_id": "4114095439953",
    "product_handle": "bathsheba-climbing-rose-potted",
    "reply": "",
    "reply_date": "",
    "picture_urls": "",
    "ip_address": "",
    "location": "",
    "metaobject_handle": "shop-2519111-33808892-2a9aa48d-7b88-49cb-8b97-1633f10891d0"
  },
  {
    "title": "",
    "body": "Healthy rose thanks",
    "rating": 5,
    "review_date": "2023-12-11 19:15:57 UTC",
    "source": "shop-app",
    "curated": "ok",
    "product_id": "4114095439953",
    "product_handle": "bathsheba-climbing-rose-potted",
    "reply": "",
    "reply_date": "",
    "picture_urls": "",
    "ip_address": "",
    "location": "",
    "metaobject_handle": "shop-2519111-65765184-a8e70fbb-6988-41e1-8765-858d5b328573"
  },
  {
    "title": "",
    "body": "As usual beautiful healthy plants. I have many David Austin roses, some I\u2019ve moved from one house to another and they always produce masses of beautiful roses.",
    "rating": 5,
    "review_date": "2024-05-08 06:24:36 UTC",
    "source": "shop-app",
    "curated": "ok",
    "product_id": "4114095439953",
    "product_handle": "bathsheba-climbing-rose-potted",
    "reply": "",
    "reply_date": "",
    "picture_urls": "",
    "ip_address": "",
    "location": "",
    "metaobject_handle": "shop-2519111-137456764-4f28eadc-d896-4a39-8537-a0d09b765289"
  },
  {
    "title": "",
    "body": "Flowers look dull",
    "rating": 3,
    "review_date": "2024-07-30 11:39:59 UTC",
    "source": "shop-app",
    "curated": "ok",
    "product_id": "4114095439953",
    "product_handle": "bathsheba-climbing-rose-potted",
    "reply": "",
    "reply_date": "",
    "picture_urls": "",
    "ip_address": "",
    "location": "",
    "metaobject_handle": "shop-2519111-151839778-5d82a280-a2a2-440e-8534-e6f5ba530b81"
  },
  {
    "title": "",
    "body": "Received bare root in great condition and well packaged",
    "rating": 5,
    "review_date": "2023-11-04 21:59:23 UTC",
    "source": "shop-app",
    "curated": "ok",
    "product_id": "4114041405521",
    "product_handle": "bathsheba-climbing-rose-bare-root",
    "reply": "",
    "reply_date": "",
    "picture_urls": "",
    "ip_address": "",
    "location": "",
    "metaobject_handle": "shop-2519111-47424427-8f33b06c-68f1-40d1-89c3-8e61a42801fa"
  },
  {
    "title": "",
    "body": "Seems to be a good quality plant. One of the stems had been broken off but im guessing that was the courier",
    "rating": 5,
    "review_date": "2023-11-08 21:11:06 UTC",
    "source": "shop-app",
    "curated": "ok",
    "product_id": "4114041405521",
    "product_handle": "bathsheba-climbing-rose-bare-root",
    "reply": "",
    "reply_date": "",
    "picture_urls": "",
    "ip_address": "",
    "location": "",
    "metaobject_handle": "shop-2519111-47990054-fbf9b1eb-5fca-430c-b93b-dd192c29a2ca"
  },
  {
    "title": "",
    "body": "Convenient way to buy roses in the Autumn Looking forward to seeing the flowers next year.Always pleased with David Austin roses",
    "rating": 5,
    "review_date": "2023-11-09 11:18:25 UTC",
    "source": "shop-app",
    "curated": "ok",
    "product_id": "4114041405521",
    "product_handle": "bathsheba-climbing-rose-bare-root",
    "reply": "",
    "reply_date": "",
    "picture_urls": "",
    "ip_address": "",
    "location": "",
    "metaobject_handle": "shop-2519111-48078011-c171bff3-d24d-497e-94e5-1488dc218715"
  },
  {
    "title": "",
    "body": "Excellent quality bare root rose.",
    "rating": 5,
    "review_date": "2023-11-14 07:29:06 UTC",
    "source": "shop-app",
    "curated": "ok",
    "product_id": "4114041405521",
    "product_handle": "bathsheba-climbing-rose-bare-root",
    "reply": "",
    "reply_date": "",
    "picture_urls": "",
    "ip_address": "",
    "location": "",
    "metaobject_handle": "shop-2519111-52276998-29b28b7c-a10e-410a-afda-98fac8bcf309"
  },
  {
    "title": "",
    "body": "Fabulous as always",
    "rating": 5,
    "review_date": "2023-12-02 15:30:19 UTC",
    "source": "shop-app",
    "curated": "ok",
    "product_id": "4114041405521",
    "product_handle": "bathsheba-climbing-rose-bare-root",
    "reply": "",
    "reply_date": "",
    "picture_urls": "",
    "ip_address": "",
    "location": "",
    "metaobject_handle": "shop-2519111-56204403-751832db-2d6e-42c8-a430-2b4418164209"
  }
]