[
  {
    "title": "",
    "body": "Wow. A stunning colour. We have only had this rose for a few weeks but already it is already flowering prolifically. A truly beautiful rise",
    "rating": 5,
    "review_date": "2023-07-21 18:27:44 UTC",
    "source": "shop-app",
    "curated": "ok",
    "product_id": "4114095898705",
    "product_handle": "blue-for-you-potted",
    "reply": "",
    "reply_date": "",
    "picture_urls": "",
    "ip_address": "",
    "location": "",
    "metaobject_handle": "shop-2519111-33391991-a70918ec-7d64-4973-8db3-4ee25b0a8bb9"
  },
  {
    "title": "",
    "body": "Lovely flowering rose bush producing blooms on arrival and immediately after.\n\nShame that the gift greeting entered in the order was NOT sent with the rose bush. The receiver did not know that we had sent it to them for their special wedding anniversary.",
    "rating": 4,
    "review_date": "2023-08-31 17:28:25 UTC",
    "source": "shop-app",
    "curated": "ok",
    "product_id": "4114095898705",
    "product_handle": "blue-for-you-potted",
    "reply": "",
    "reply_date": "",
    "picture_urls": "",
    "ip_address": "",
    "location": "",
    "metaobject_handle": "shop-2519111-35802076-75dd09a7-53aa-4200-a9be-59610d284042"
  },
  {
    "title": "",
    "body": "Always arrives in perfect condidtion",
    "rating": 5,
    "review_date": "2025-04-26 13:29:47 UTC",
    "source": "shop-app",
    "curated": "ok",
    "product_id": "4113816027217",
    "product_handle": "blue-for-you",
    "reply": "",
    "reply_date": "",
    "picture_urls": "",
    "ip_address": "",
    "location": "",
    "metaobject_handle": "shop-2519111-206321104-b9b0bd5d-2ed4-43ee-8738-763501c435bc"
  },
  {
    "title": "",
    "body": "David austin are always great quality, beautiful rose!",
    "rating": 5,
    "review_date": "2025-06-06 17:37:20 UTC",
    "source": "shop-app",
    "curated": "ok",
    "product_id": "4113816027217",
    "product_handle": "blue-for-you",
    "reply": "",
    "reply_date": "",
    "picture_urls": "",
    "ip_address": "",
    "location": "",
    "metaobject_handle": "shop-2519111-214928603-3b6babba-b950-4c68-bbe3-980e4f7c6c30"
  },
  {
    "title": "Very pretty",
    "body": "Bought as bare root, just had 1st bloom, very pretty.",
    "rating": 5,
    "review_date": "2025-06-09 16:26:47 UTC",
    "source": "web",
    "curated": "ok",
    "product_id": "4113816027217",
    "product_handle": "blue-for-you",
    "reply": "",
    "reply_date": "",
    "picture_urls": "https://s3.amazonaws.com/me.judge.review-images/david-austin-roses-uk/1749486407__img_3958__original.jpeg",
    "ip_address": "90.243.102.115",
    "location": "Chorley, England, United Kingdom",
    "metaobject_handle": "review-9f7aaf48-6ba7-4cbb-b16a-bfd1d9052076"
  },
  {
    "title": "lovely colour",
    "body": "the most beautiful rose!",
    "rating": 5,
    "review_date": "2025-05-21 23:44:34 UTC",
    "source": "web",
    "curated": "ok",
    "product_id": "4113816027217",
    "product_handle": "blue-for-you",
    "reply": "",
    "reply_date": "",
    "picture_urls": "https://s3.amazonaws.com/me.judge.review-images/david-austin-roses-uk/1747871075__img_5090__original.jpeg, https://s3.amazonaws.com/me.judge.review-images/david-austin-roses-uk/1747871078__img_5124__original.jpeg",
    "ip_address": "81.131.76.147",
    "location": "Crewe, England, United Kingdom",
    "metaobject_handle": "review-6262a200-a743-41d4-8efc-a03fe324bec9"
  },
  {
    "title": "Beautiful",
    "body": "Beautiful rose that has glowered consistently since I received it a few weeks ago. It is more mauve than it looks on the photo.",
    "rating": 5,
    "review_date": "2025-06-19 10:12:57 UTC",
    "source": "web",
    "curated": "ok",
    "product_id": "4113816027217",
    "product_handle": "blue-for-you",
    "reply": "",
    "reply_date": "",
    "picture_urls": "https://s3.amazonaws.com/me.judge.review-images/david-austin-roses-uk/1750327977__20250618_1937072__original.jpg",
    "ip_address": "109.153.55.236",
    "location": "Huddersfield, England, United Kingdom",
    "metaobject_handle": "review-17728ed9-805b-4280-81b4-55f6f8112ffb"
  }
]