[
  {
    "title": "",
    "body": "Only just bought so can't give an honest review but it came from seller properly packed and in excellent condition.",
    "rating": 4,
    "review_date": "2023-05-18 18:50:11 UTC",
    "source": "shop-app",
    "curated": "ok",
    "product_id": "3272299413585",
    "product_handle": "bonica-potted",
    "reply": "",
    "reply_date": "",
    "picture_urls": "",
    "ip_address": "",
    "location": "",
    "metaobject_handle": "shop-2519111-13406421-699ba5e6-1592-412a-b033-538873548c6d"
  },
  {
    "title": "",
    "body": "Beautiful roses!!",
    "rating": 5,
    "review_date": "2024-04-22 15:59:17 UTC",
    "source": "shop-app",
    "curated": "ok",
    "product_id": "3272299413585",
    "product_handle": "bonica-potted",
    "reply": "",
    "reply_date": "",
    "picture_urls": "",
    "ip_address": "",
    "location": "",
    "metaobject_handle": "shop-2519111-134898515-3286b096-ae10-436a-9759-f2f99d967b64"
  }
]