[
  {
    "title": "Time will tell",
    "body": "I planted a pair of these as bare roots in November and they're doing well and flowering, the flowers are beautiful and smell DIVINE, however they lose marks as they flowers only look good and in full bloom for a maybe 2 days before they look sad and in need of deadheading. I also have a Lady of Shallot standard and 2 established lady of shallot shrubs and the flowers on those last so much longer.  I can only hope this will improve as the plants establish.",
    "rating": 3,
    "review_date": "2025-05-30 19:06:18 UTC",
    "source": "web",
    "curated": "ok",
    "product_id": "4113976950865",
    "product_handle": "boscobel-standard-rose",
    "reply": "",
    "reply_date": "",
    "picture_urls": "",
    "ip_address": "86.132.98.171",
    "location": "Ipswich, England, United Kingdom",
    "metaobject_handle": "review-dc24cadd-555f-4ddd-a289-6a1cce239044"
  },
  {
    "title": "I am in heaven",
    "body": "This is my first tree rose and I then bought 3 more. The Boscobel has got me \u2026 she is stunning and after 4 weeks she is still as beautiful as ever \u2026. \nI want more \u2026. \ud83d\ude0d\ud83d\ude0d\ud83d\ude0d",
    "rating": 5,
    "review_date": "2025-07-01 16:36:36 UTC",
    "source": "web",
    "curated": "ok",
    "product_id": "4113976950865",
    "product_handle": "boscobel-standard-rose",
    "reply": "",
    "reply_date": "",
    "picture_urls": "https://s3.amazonaws.com/me.judge.review-images/david-austin-roses-uk/1751387796__img_8612__original.jpeg, https://s3.amazonaws.com/me.judge.review-images/david-austin-roses-uk/1751387800__img_8697__original.jpeg, https://s3.amazonaws.com/me.judge.review-images/david-austin-roses-uk/1751387803__img_8654__original.jpeg",
    "ip_address": "145.224.66.164",
    "location": "London, England, United Kingdom",
    "metaobject_handle": "review-a5ff1217-5f3c-42d2-aa68-bf8d29a2ff91"
  }
]