[
  {
    "title": "",
    "body": "Great",
    "rating": 5,
    "review_date": "2023-05-11 16:28:15 UTC",
    "source": "shop-app",
    "curated": "ok",
    "product_id": "3272332050513",
    "product_handle": "boscobel-shrub-rose-bare-root",
    "reply": "",
    "reply_date": "",
    "picture_urls": "",
    "ip_address": "",
    "location": "",
    "metaobject_handle": "shop-2519111-13202578-fa84698a-3933-4521-9555-c3dada571b2a"
  },
  {
    "title": "",
    "body": "Pretty. But rather floppy and weak. Hopefully she perks up in time.",
    "rating": 4,
    "review_date": "2023-08-31 11:07:38 UTC",
    "source": "shop-app",
    "curated": "ok",
    "product_id": "3272332050513",
    "product_handle": "boscobel-shrub-rose-bare-root",
    "reply": "",
    "reply_date": "",
    "picture_urls": "",
    "ip_address": "",
    "location": "",
    "metaobject_handle": "shop-2519111-35779950-66cab245-d5ef-43c2-bb6a-9f56d5825941"
  },
  {
    "title": "",
    "body": "I brought the Angel Lichfield rose tree 3 years ago. And I was thinking which one to get so I got a bare root Boscobel I just like the pinky colour and the petals I have never seen them like that before very captivating I can wait to smell the fragrance from this rose bush. I have never been disappointed from David Austin roses. I will be definitely buying from you again. Thank you.",
    "rating": 5,
    "review_date": "2023-11-07 18:09:57 UTC",
    "source": "shop-app",
    "curated": "ok",
    "product_id": "3272332050513",
    "product_handle": "boscobel-shrub-rose-bare-root",
    "reply": "",
    "reply_date": "",
    "picture_urls": "",
    "ip_address": "",
    "location": "",
    "metaobject_handle": "shop-2519111-47758777-a82f3786-f856-4e9f-87d2-f8de29cabe58"
  },
  {
    "title": "",
    "body": "Great",
    "rating": 5,
    "review_date": "2023-08-21 11:10:49 UTC",
    "source": "shop-app",
    "curated": "ok",
    "product_id": "3272332083281",
    "product_handle": "boscobel-shrub-rose-potted",
    "reply": "",
    "reply_date": "",
    "picture_urls": "",
    "ip_address": "",
    "location": "",
    "metaobject_handle": "shop-2519111-35107332-3a27022f-fb3e-4478-9c37-266a8873a5c5"
  },
  {
    "title": "",
    "body": "Stunning rose delivered super quickly",
    "rating": 5,
    "review_date": "2023-09-25 05:01:59 UTC",
    "source": "shop-app",
    "curated": "ok",
    "product_id": "3272332083281",
    "product_handle": "boscobel-shrub-rose-potted",
    "reply": "",
    "reply_date": "",
    "picture_urls": "",
    "ip_address": "",
    "location": "",
    "metaobject_handle": "shop-2519111-37612052-3c09451e-489a-48bf-ac1c-d9c6db3247ce"
  },
  {
    "title": "",
    "body": "Divine",
    "rating": 5,
    "review_date": "2024-03-23 09:15:32 UTC",
    "source": "shop-app",
    "curated": "ok",
    "product_id": "3272332083281",
    "product_handle": "boscobel-shrub-rose-potted",
    "reply": "",
    "reply_date": "",
    "picture_urls": "",
    "ip_address": "",
    "location": "",
    "metaobject_handle": "shop-2519111-129283508-438653be-089c-474c-970d-9db20982e9f9"
  }
]