[
  {
    "title": "",
    "body": "In good condition",
    "rating": 5,
    "review_date": "2024-12-08 15:52:48 UTC",
    "source": "shop-app",
    "curated": "ok",
    "product_id": "7641851199569",
    "product_handle": "bring-me-sunshine-climbing",
    "reply": "",
    "reply_date": "",
    "picture_urls": "",
    "ip_address": "",
    "location": "",
    "metaobject_handle": "shop-2519111-171949464-bff09f5b-1c8d-422b-b0f1-957040204d0f"
  },
  {
    "title": "",
    "body": "Only a bare root but looks in good health - green stems. Lota of lovely roots. I have bought DA roses before and have never been disappointed.",
    "rating": 5,
    "review_date": "2025-03-25 20:07:40 UTC",
    "source": "shop-app",
    "curated": "ok",
    "product_id": "7641851199569",
    "product_handle": "bring-me-sunshine-climbing",
    "reply": "",
    "reply_date": "",
    "picture_urls": "",
    "ip_address": "",
    "location": "",
    "metaobject_handle": "shop-2519111-197518506-d1361063-bbb5-45c0-841f-c377c2b5b725"
  },
  {
    "title": "Bare Root",
    "body": "Ordered my climber just in time before bare roots are not available and received it really quickly. After soaking the roots for 2 hours she was planted into an enormous pot ready for her to spread her roots and climb up a wall. She looks beautiful already, albeit a couple of twigs with tiny growth. I've named her Alwyn after someone dear who recently passed.",
    "rating": 5,
    "review_date": "2025-04-11 14:40:12 UTC",
    "source": "web",
    "curated": "ok",
    "product_id": "7641851199569",
    "product_handle": "bring-me-sunshine-climbing",
    "reply": "",
    "reply_date": "",
    "picture_urls": "",
    "ip_address": "82.12.149.186",
    "location": "Ellesmere Port, England, United Kingdom",
    "metaobject_handle": "review-7c449754-ed2a-42af-8aa9-78df517e2653"
  },
  {
    "title": "Very Good!",
    "body": "Very Good!",
    "rating": 5,
    "review_date": "2025-06-11 20:21:32 UTC",
    "source": "web",
    "curated": "ok",
    "product_id": "7641851199569",
    "product_handle": "bring-me-sunshine-climbing",
    "reply": "",
    "reply_date": "",
    "picture_urls": "",
    "ip_address": "92.30.111.240",
    "location": "Leeds, England, United Kingdom",
    "metaobject_handle": "review-bc451596-c4ef-4f73-9095-fec75acf5b44"
  },
  {
    "title": "Sunshine in a pot",
    "body": "Just bought \u2018bring me sunshine \u2018  as a potted climber. The 6th David Austin in my little Garden. They are just beautiful",
    "rating": 5,
    "review_date": "2025-06-16 19:07:28 UTC",
    "source": "web",
    "curated": "ok",
    "product_id": "7641851199569",
    "product_handle": "bring-me-sunshine-climbing",
    "reply": "",
    "reply_date": "",
    "picture_urls": "https://s3.amazonaws.com/me.judge.review-images/david-austin-roses-uk/1750100849__image__original.jpg",
    "ip_address": "84.69.92.90",
    "location": "Coventry, England, United Kingdom",
    "metaobject_handle": "review-d8f4fd42-a3e2-4313-85e2-be903878dbcd"
  }
]