[
  {
    "title": "",
    "body": "Great product does the job highly recommend",
    "rating": 5,
    "review_date": "2024-07-05 11:48:39 UTC",
    "source": "shop-app",
    "curated": "ok",
    "product_id": "7089499111505",
    "product_handle": "bronte-rose-defence",
    "reply": "",
    "reply_date": "",
    "picture_urls": "",
    "ip_address": "",
    "location": "",
    "metaobject_handle": "shop-2519111-147848010-1445996a-513a-45b4-8a8e-700ca60770de"
  },
  {
    "title": "",
    "body": "Love that this product is pesticide free.",
    "rating": 5,
    "review_date": "2025-05-03 14:00:34 UTC",
    "source": "shop-app",
    "curated": "ok",
    "product_id": "7089499111505",
    "product_handle": "bronte-rose-defence",
    "reply": "",
    "reply_date": "",
    "picture_urls": "",
    "ip_address": "",
    "location": "",
    "metaobject_handle": "shop-2519111-207560960-1533f433-2e6f-40d9-94ce-17d18e1a386f"
  },
  {
    "title": "",
    "body": "Works well",
    "rating": 5,
    "review_date": "2025-06-13 10:02:44 UTC",
    "source": "shop-app",
    "curated": "ok",
    "product_id": "7089499111505",
    "product_handle": "bronte-rose-defence",
    "reply": "",
    "reply_date": "",
    "picture_urls": "",
    "ip_address": "",
    "location": "",
    "metaobject_handle": "shop-2519111-216498292-f12b4bbc-d873-409a-b650-ecb62915f36a"
  }
]