[
  {
    "title": "",
    "body": "perfect",
    "rating": 4,
    "review_date": "2022-12-05 15:56:56 UTC",
    "source": "shop-app",
    "curated": "ok",
    "product_id": "4208097460305",
    "product_handle": "burgon-ball-deadheading-snips",
    "reply": "",
    "reply_date": "",
    "picture_urls": "",
    "ip_address": "",
    "location": "",
    "metaobject_handle": "shop-2519111-1842126-58e2ecfe-49ed-41b1-9334-c9d04b3babaf"
  },
  {
    "title": "",
    "body": "Bought these snips for a gardening friend for Christmas.  She is delighted with how easy they are to use  and how comfortable .",
    "rating": 5,
    "review_date": "2023-01-04 19:45:15 UTC",
    "source": "shop-app",
    "curated": "ok",
    "product_id": "4208097460305",
    "product_handle": "burgon-ball-deadheading-snips",
    "reply": "",
    "reply_date": "",
    "picture_urls": "",
    "ip_address": "",
    "location": "",
    "metaobject_handle": "shop-2519111-2748433-a7f577c2-def3-4394-ace9-d152f67de420"
  },
  {
    "title": "",
    "body": "Great deadheading snips. They feel very comfortable in your hand and are easy to use. Simply the best snips you can buy.",
    "rating": 5,
    "review_date": "2023-04-04 17:11:47 UTC",
    "source": "shop-app",
    "curated": "ok",
    "product_id": "4208097460305",
    "product_handle": "burgon-ball-deadheading-snips",
    "reply": "",
    "reply_date": "",
    "picture_urls": "",
    "ip_address": "",
    "location": "",
    "metaobject_handle": "shop-2519111-12129667-713e4120-c9cc-4e3c-a1c5-da7ee80cad24"
  },
  {
    "title": "",
    "body": "Easily rusts (mine has been kept inside the house and dry) but otherwise works fine",
    "rating": 3,
    "review_date": "2023-03-29 10:40:01 UTC",
    "source": "shop-app",
    "curated": "ok",
    "product_id": "4208097460305",
    "product_handle": "burgon-ball-deadheading-snips",
    "reply": "",
    "reply_date": "",
    "picture_urls": "",
    "ip_address": "",
    "location": "",
    "metaobject_handle": "shop-2519111-11956741-43527514-58bb-4d9f-b3c7-d754797e57fc"
  },
  {
    "title": "",
    "body": "Light, easy and comfortable to use. Sharp blades make deadheading my roses better.",
    "rating": 5,
    "review_date": "2023-07-07 09:51:06 UTC",
    "source": "shop-app",
    "curated": "ok",
    "product_id": "4208097460305",
    "product_handle": "burgon-ball-deadheading-snips",
    "reply": "",
    "reply_date": "",
    "picture_urls": "",
    "ip_address": "",
    "location": "",
    "metaobject_handle": "shop-2519111-26986665-a6c5ff45-9c00-4298-a31a-74a03db41091"
  },
  {
    "title": "",
    "body": "Great quality snips that are excellent for deadheading roses and are very comfortable in your hand.",
    "rating": 5,
    "review_date": "2023-11-20 21:53:41 UTC",
    "source": "shop-app",
    "curated": "ok",
    "product_id": "4208097460305",
    "product_handle": "burgon-ball-deadheading-snips",
    "reply": "",
    "reply_date": "",
    "picture_urls": "",
    "ip_address": "",
    "location": "",
    "metaobject_handle": "shop-2519111-53386879-1f0012ab-e908-4db7-8ab6-395cbb2ec3bc"
  }
]