[
  {
    "title": "Beautiful Tool",
    "body": "Really pleased with my purchase a pleasure to use. Thought it a little expensive for a spade but liked the shape for digging.  After receiving changed my mind such brillant quality and makes such a difference digging in the garden. Cannot recommend highly enough!",
    "rating": 5,
    "review_date": "2025-04-15 13:56:05 UTC",
    "source": "web",
    "curated": "ok",
    "product_id": "4262483558481",
    "product_handle": "burgon-ball-ladies-groundbreaker-spade",
    "reply": "",
    "reply_date": "",
    "picture_urls": "",
    "ip_address": "",
    "location": "",
    "metaobject_handle": "review-f66a5ff1-10bf-4dfa-94ae-e0a63e8dcd12"
  }
]