[
  {
    "title": "",
    "body": "Excellent quality, this Rose had grown amazingly during the year, even flowering twice, which was unexpected",
    "rating": 5,
    "review_date": "2023-12-10 21:43:39 UTC",
    "source": "shop-app",
    "curated": "ok",
    "product_id": "4114047926353",
    "product_handle": "cariad-shrub-rose-bare-root",
    "reply": "",
    "reply_date": "",
    "picture_urls": "",
    "ip_address": "",
    "location": "",
    "metaobject_handle": "shop-2519111-65034296-79f33b5a-2e3c-4500-88c2-078ac5dc4f29"
  }
]