[
  {
    "title": "",
    "body": "Wonderful",
    "rating": 5,
    "review_date": "2022-12-13 18:43:27 UTC",
    "source": "shop-app",
    "curated": "ok",
    "product_id": "4208099688529",
    "product_handle": "carrs-special-organic-soil-improver",
    "reply": "",
    "reply_date": "",
    "picture_urls": "",
    "ip_address": "",
    "location": "",
    "metaobject_handle": "shop-2519111-2099714-92a14d9a-55af-4777-b942-bea37f16e1cf"
  },
  {
    "title": "",
    "body": "Excellent product - repeat purchase that does the job!",
    "rating": 5,
    "review_date": "2023-03-07 19:26:44 UTC",
    "source": "shop-app",
    "curated": "ok",
    "product_id": "4208099688529",
    "product_handle": "carrs-special-organic-soil-improver",
    "reply": "",
    "reply_date": "",
    "picture_urls": "",
    "ip_address": "",
    "location": "",
    "metaobject_handle": "shop-2519111-5730310-062c06ca-a7e8-4a1a-a535-2644bcd35735"
  },
  {
    "title": "",
    "body": "Great packaging and great to use",
    "rating": 5,
    "review_date": "2023-03-27 19:33:45 UTC",
    "source": "shop-app",
    "curated": "ok",
    "product_id": "4208099688529",
    "product_handle": "carrs-special-organic-soil-improver",
    "reply": "",
    "reply_date": "",
    "picture_urls": "",
    "ip_address": "",
    "location": "",
    "metaobject_handle": "shop-2519111-11907712-a7ef8ebf-c682-4f0c-b5c1-d2aa29c831b8"
  },
  {
    "title": "",
    "body": "Excellent quality & easy to use. Quite expensive but very good!",
    "rating": 5,
    "review_date": "2023-03-21 15:44:47 UTC",
    "source": "shop-app",
    "curated": "ok",
    "product_id": "4208099688529",
    "product_handle": "carrs-special-organic-soil-improver",
    "reply": "",
    "reply_date": "",
    "picture_urls": "",
    "ip_address": "",
    "location": "",
    "metaobject_handle": "shop-2519111-11628279-653a7910-60d0-4a5b-aa3a-51a12d2f64f4"
  },
  {
    "title": "",
    "body": "Great stuff",
    "rating": 5,
    "review_date": "2023-04-28 07:32:11 UTC",
    "source": "shop-app",
    "curated": "ok",
    "product_id": "4208099688529",
    "product_handle": "carrs-special-organic-soil-improver",
    "reply": "",
    "reply_date": "",
    "picture_urls": "",
    "ip_address": "",
    "location": "",
    "metaobject_handle": "shop-2519111-12812455-c173c714-6e4e-4b38-a972-beeda4c43b80"
  },
  {
    "title": "",
    "body": "Wonderful stuff for new plants and a yearly treat for roses and bulbs, fairly priced and fast delivery too.",
    "rating": 5,
    "review_date": "2023-07-10 12:27:59 UTC",
    "source": "shop-app",
    "curated": "ok",
    "product_id": "4208099688529",
    "product_handle": "carrs-special-organic-soil-improver",
    "reply": "",
    "reply_date": "",
    "picture_urls": "",
    "ip_address": "",
    "location": "",
    "metaobject_handle": "shop-2519111-31650281-28fda1ce-ac40-40fa-afb9-8ed15723a880"
  },
  {
    "title": "",
    "body": "Expensive to pay postage",
    "rating": 4,
    "review_date": "2023-09-01 11:38:02 UTC",
    "source": "shop-app",
    "curated": "ok",
    "product_id": "4208099688529",
    "product_handle": "carrs-special-organic-soil-improver",
    "reply": "",
    "reply_date": "",
    "picture_urls": "",
    "ip_address": "",
    "location": "",
    "metaobject_handle": "shop-2519111-35853912-77455eca-888c-4dd0-9d54-e3d40234ede4"
  },
  {
    "title": "",
    "body": "Does what you need it to do",
    "rating": 5,
    "review_date": "2023-10-08 11:19:14 UTC",
    "source": "shop-app",
    "curated": "ok",
    "product_id": "4208099688529",
    "product_handle": "carrs-special-organic-soil-improver",
    "reply": "",
    "reply_date": "",
    "picture_urls": "",
    "ip_address": "",
    "location": "",
    "metaobject_handle": "shop-2519111-39159737-0f5c3b1a-28d9-46f1-b37a-ab1f2b2a2eb9"
  },
  {
    "title": "",
    "body": "Outstanding product for establishing your new rose. \nEnjoyed the most amazing repeat flowering all summer long and still flowering in mid October !",
    "rating": 5,
    "review_date": "2023-10-20 10:53:54 UTC",
    "source": "shop-app",
    "curated": "ok",
    "product_id": "4208099688529",
    "product_handle": "carrs-special-organic-soil-improver",
    "reply": "",
    "reply_date": "",
    "picture_urls": "",
    "ip_address": "",
    "location": "",
    "metaobject_handle": "shop-2519111-40626338-6482cc5e-0f86-413d-8c38-f3515e4d5e25"
  },
  {
    "title": "",
    "body": "Arrived promptly and well packaged",
    "rating": 5,
    "review_date": "2023-11-16 14:44:44 UTC",
    "source": "shop-app",
    "curated": "ok",
    "product_id": "4208099688529",
    "product_handle": "carrs-special-organic-soil-improver",
    "reply": "",
    "reply_date": "",
    "picture_urls": "",
    "ip_address": "",
    "location": "",
    "metaobject_handle": "shop-2519111-52730853-bb48438a-c3d9-4da7-9696-37454a3763a7"
  },
  {
    "title": "",
    "body": "Real quality mulch.",
    "rating": 5,
    "review_date": "2024-04-12 17:50:50 UTC",
    "source": "shop-app",
    "curated": "ok",
    "product_id": "4208099688529",
    "product_handle": "carrs-special-organic-soil-improver",
    "reply": "",
    "reply_date": "",
    "picture_urls": "",
    "ip_address": "",
    "location": "",
    "metaobject_handle": "shop-2519111-133224682-ea368683-f4a1-4fa2-9f53-07e9f4152ecd"
  },
  {
    "title": "",
    "body": "Essential for establishing your new rose .",
    "rating": 5,
    "review_date": "2024-06-06 16:08:28 UTC",
    "source": "shop-app",
    "curated": "ok",
    "product_id": "4208099688529",
    "product_handle": "carrs-special-organic-soil-improver",
    "reply": "",
    "reply_date": "",
    "picture_urls": "",
    "ip_address": "",
    "location": "",
    "metaobject_handle": "shop-2519111-142425504-24fa8d89-2fa2-4485-b049-0fb9065b3576"
  },
  {
    "title": "",
    "body": "Fabulous quality.",
    "rating": 5,
    "review_date": "2024-11-14 12:39:58 UTC",
    "source": "shop-app",
    "curated": "ok",
    "product_id": "4208099688529",
    "product_handle": "carrs-special-organic-soil-improver",
    "reply": "",
    "reply_date": "",
    "picture_urls": "",
    "ip_address": "",
    "location": "",
    "metaobject_handle": "shop-2519111-167092971-1dfea0ae-ab40-4dae-9de8-e6ecba214e1c"
  },
  {
    "title": "Absolutely love this Carrs.",
    "body": "I have brought this now 3 years running swear by this Carrs soil has immensely improved the quality of my roses and other plants. I can recommend garden lovers to buy this from David Austin.",
    "rating": 5,
    "review_date": "2025-06-14 08:51:42 UTC",
    "source": "web",
    "curated": "ok",
    "product_id": "4208099688529",
    "product_handle": "carrs-special-organic-soil-improver",
    "reply": "",
    "reply_date": "",
    "picture_urls": "https://s3.amazonaws.com/me.judge.review-images/david-austin-roses-uk/1749891102__img_20230717_080456_058__original.jpg",
    "ip_address": "90.203.4.171",
    "location": "Cannock, England, United Kingdom",
    "metaobject_handle": "review-d9c821ed-f686-46b9-b1f8-48da108da8e7"
  }
]