[
  {
    "title": "",
    "body": "Lovely item. Arrived well packed.",
    "rating": 5,
    "review_date": "2023-06-19 17:34:26 UTC",
    "source": "shop-app",
    "curated": "ok",
    "product_id": "4114098683985",
    "product_handle": "champagne-moment-potted",
    "reply": "",
    "reply_date": "",
    "picture_urls": "",
    "ip_address": "",
    "location": "",
    "metaobject_handle": "shop-2519111-14260118-44a6ea20-a622-4c21-9f96-9b21178cd9eb"
  },
  {
    "title": "",
    "body": "Lovely colour and delivered in great condition",
    "rating": 5,
    "review_date": "2023-07-22 10:59:10 UTC",
    "source": "shop-app",
    "curated": "ok",
    "product_id": "4114098683985",
    "product_handle": "champagne-moment-potted",
    "reply": "",
    "reply_date": "",
    "picture_urls": "",
    "ip_address": "",
    "location": "",
    "metaobject_handle": "shop-2519111-33422277-c9cc427d-ccea-4da5-ae26-120cce5b3b25"
  },
  {
    "title": "",
    "body": "Lovely rose, arrived with lots of blooms and plenty of buds to follow. Excellent despatch time and delivery.",
    "rating": 5,
    "review_date": "2023-07-25 15:53:00 UTC",
    "source": "shop-app",
    "curated": "ok",
    "product_id": "4114098683985",
    "product_handle": "champagne-moment-potted",
    "reply": "",
    "reply_date": "",
    "picture_urls": "",
    "ip_address": "",
    "location": "",
    "metaobject_handle": "shop-2519111-33580898-f7026f27-486e-44c8-92a5-089863d164a3"
  },
  {
    "title": "",
    "body": "Good service, efficient and on time.  Rose arrived in good condition.  Thank you.",
    "rating": 5,
    "review_date": "2023-08-08 10:59:56 UTC",
    "source": "shop-app",
    "curated": "ok",
    "product_id": "4114098683985",
    "product_handle": "champagne-moment-potted",
    "reply": "",
    "reply_date": "",
    "picture_urls": "",
    "ip_address": "",
    "location": "",
    "metaobject_handle": "shop-2519111-34414933-78316790-54d3-41f6-92eb-0d8b99ae4f35"
  },
  {
    "title": "",
    "body": "Another beautiful rose. Very nice bushy plant with fabulous flowers",
    "rating": 5,
    "review_date": "2023-08-08 13:26:00 UTC",
    "source": "shop-app",
    "curated": "ok",
    "product_id": "4114098683985",
    "product_handle": "champagne-moment-potted",
    "reply": "",
    "reply_date": "",
    "picture_urls": "",
    "ip_address": "",
    "location": "",
    "metaobject_handle": "shop-2519111-34420431-acfe7f22-1d7d-48ee-90ba-b41db52fa959"
  },
  {
    "title": "",
    "body": "Beautiful rose, extremely healthy as always, looking forward to seeing it in bloom next summer. \ud83c\udf39\u2764\ufe0f",
    "rating": 5,
    "review_date": "2024-12-08 14:52:28 UTC",
    "source": "shop-app",
    "curated": "ok",
    "product_id": "4113829757009",
    "product_handle": "champagne-moment",
    "reply": "",
    "reply_date": "",
    "picture_urls": "",
    "ip_address": "",
    "location": "",
    "metaobject_handle": "shop-2519111-171940629-74d71fb2-9779-4d95-884f-cd2bac10a69f"
  },
  {
    "title": "",
    "body": "Arrived quickly and in great condition, already growing nicely.",
    "rating": 5,
    "review_date": "2025-05-01 08:59:05 UTC",
    "source": "shop-app",
    "curated": "ok",
    "product_id": "4113829757009",
    "product_handle": "champagne-moment",
    "reply": "",
    "reply_date": "",
    "picture_urls": "",
    "ip_address": "",
    "location": "",
    "metaobject_handle": "shop-2519111-207197063-5eeb6402-1d18-493e-bced-2b2f724e2783"
  }
]