[
  {
    "title": "",
    "body": "Brilliant. Delivered fast, well packed. Lovely plants.",
    "rating": 5,
    "review_date": "2024-07-02 15:38:50 UTC",
    "source": "shop-app",
    "curated": "ok",
    "product_id": "4114098356305",
    "product_handle": "charles-darwin-shrub-rose-potted",
    "reply": "",
    "reply_date": "",
    "picture_urls": "",
    "ip_address": "",
    "location": "",
    "metaobject_handle": "shop-2519111-147388374-fabcec84-2096-44d7-8373-220deb986f7b"
  },
  {
    "title": "",
    "body": "Beautiful rose for a birthday present",
    "rating": 5,
    "review_date": "2023-06-17 07:45:13 UTC",
    "source": "shop-app",
    "curated": "ok",
    "product_id": "4114098356305",
    "product_handle": "charles-darwin-shrub-rose-potted",
    "reply": "",
    "reply_date": "",
    "picture_urls": "",
    "ip_address": "",
    "location": "",
    "metaobject_handle": "shop-2519111-14210729-f561826e-bcec-4756-9821-30e851c7b640"
  },
  {
    "title": "",
    "body": "Beautiful",
    "rating": 5,
    "review_date": "2023-07-13 17:18:27 UTC",
    "source": "shop-app",
    "curated": "ok",
    "product_id": "4114098356305",
    "product_handle": "charles-darwin-shrub-rose-potted",
    "reply": "",
    "reply_date": "",
    "picture_urls": "",
    "ip_address": "",
    "location": "",
    "metaobject_handle": "shop-2519111-32883009-29893f46-1ca4-4fd4-b455-753e3c010aac"
  },
  {
    "title": "",
    "body": "Beautiful",
    "rating": 5,
    "review_date": "2023-09-14 14:22:12 UTC",
    "source": "shop-app",
    "curated": "ok",
    "product_id": "4114098356305",
    "product_handle": "charles-darwin-shrub-rose-potted",
    "reply": "",
    "reply_date": "",
    "picture_urls": "",
    "ip_address": "",
    "location": "",
    "metaobject_handle": "shop-2519111-36748689-e034c074-b05b-42a1-b789-6dfd38c5222b"
  },
  {
    "title": "",
    "body": "Beautiful! As always arrived well packaged and very healthy rose. Can\u2019t beat David Austin Roses and wouldn\u2019t buy any other - I\u2019m just running out of room!",
    "rating": 5,
    "review_date": "2024-07-15 12:36:25 UTC",
    "source": "shop-app",
    "curated": "ok",
    "product_id": "4114098356305",
    "product_handle": "charles-darwin-shrub-rose-potted",
    "reply": "",
    "reply_date": "",
    "picture_urls": "",
    "ip_address": "",
    "location": "",
    "metaobject_handle": "shop-2519111-149501339-a3a56fbc-d1a1-4d46-8544-af99634ccb85"
  }
]