[
  {
    "title": "",
    "body": "The Roses weren\u2019t in peak condition upon delivery, which was the expectation based on price.",
    "rating": 3,
    "review_date": "2025-04-10 19:07:12 UTC",
    "source": "shop-app",
    "curated": "ok",
    "product_id": "4113829625937",
    "product_handle": "charles-de-mills",
    "reply": "",
    "reply_date": "",
    "picture_urls": "",
    "ip_address": "",
    "location": "",
    "metaobject_handle": "shop-2519111-203389553-c12eed8f-bac2-4de4-b01c-8d12c5b8f534"
  }
]