[
  {
    "title": "",
    "body": "Beautiful Rose. Just what I wanted",
    "rating": 5,
    "review_date": "2024-12-29 23:58:56 UTC",
    "source": "shop-app",
    "curated": "ok",
    "product_id": "4113829199953",
    "product_handle": "charles-darwin",
    "reply": "",
    "reply_date": "",
    "picture_urls": "",
    "ip_address": "",
    "location": "",
    "metaobject_handle": "shop-2519111-176834094-a4b36948-3b20-4825-ac9f-98ed178f3a29"
  },
  {
    "title": "",
    "body": "Love it",
    "rating": 5,
    "review_date": "2025-02-26 10:31:56 UTC",
    "source": "shop-app",
    "curated": "ok",
    "product_id": "4113829199953",
    "product_handle": "charles-darwin",
    "reply": "",
    "reply_date": "",
    "picture_urls": "",
    "ip_address": "",
    "location": "",
    "metaobject_handle": "shop-2519111-188904442-ccf644a7-f1af-4663-9911-4101030253bf"
  },
  {
    "title": "Beautiful rose",
    "body": "I bought this as a bare root plant early in the year, so wasn't expecting much this year, but it's already putting on a stunning show & smells wonderful.",
    "rating": 5,
    "review_date": "2025-05-18 15:38:27 UTC",
    "source": "web",
    "curated": "ok",
    "product_id": "4113829199953",
    "product_handle": "charles-darwin",
    "reply": "",
    "reply_date": "",
    "picture_urls": "https://s3.amazonaws.com/me.judge.review-images/david-austin-roses-uk/1747582708__img_20250518_124822__original.jpg",
    "ip_address": "86.178.79.81",
    "location": "Newport, England, United Kingdom",
    "metaobject_handle": "review-7b5d47df-181b-4948-a22a-2b3e6fff9a92"
  },
  {
    "title": "",
    "body": "Great product great service",
    "rating": 5,
    "review_date": "2025-06-25 11:41:45 UTC",
    "source": "shop-app",
    "curated": "ok",
    "product_id": "4113829199953",
    "product_handle": "charles-darwin",
    "reply": "",
    "reply_date": "",
    "picture_urls": "",
    "ip_address": "",
    "location": "",
    "metaobject_handle": "shop-2519111-219066196-cd98e1e9-5750-43a0-ac25-81927a2a4c34"
  },
  {
    "title": "Gorgeous!",
    "body": "I bought this rose last weekend and it arrived very healthy looking with several buds. It has bloomed beautifully this week and is managing well in the heatwave we are currently having. It smells absolutely divine!",
    "rating": 5,
    "review_date": "2025-06-30 17:28:15 UTC",
    "source": "web",
    "curated": "ok",
    "product_id": "4113829199953",
    "product_handle": "charles-darwin",
    "reply": "",
    "reply_date": "",
    "picture_urls": "https://s3.amazonaws.com/me.judge.review-images/david-austin-roses-uk/1751304495__1000023758__original.jpg",
    "ip_address": "82.132.228.226",
    "location": "Lewisham, England, United Kingdom",
    "metaobject_handle": "review-e05fe41f-0e65-433d-be12-ddf702bfc42f"
  }
]