[
  {
    "title": "",
    "body": "Always first class rose's supplied by David Austin, well packaged and lightning quick delivery and at a good price",
    "rating": 5,
    "review_date": "2023-12-11 16:45:00 UTC",
    "source": "shop-app",
    "curated": "ok",
    "product_id": "4114061721681",
    "product_handle": "chris-bare-root",
    "reply": "",
    "reply_date": "",
    "picture_urls": "",
    "ip_address": "",
    "location": "",
    "metaobject_handle": "shop-2519111-65673237-1dad158a-e6af-4cb6-86df-2f611e061c6b"
  }
]