[
  {
    "title": "A delightful addition to the garden",
    "body": "I have only recently started growing roses in the garden and while I had a climbing rose - it wasn\u201a\u00c4\u00f4t quite right. After looking for a replacement I came across Clare Austen and I knew it would complement my garden perfectly. I can\u201a\u00c4\u00f4t wait to see how she flourishes this summer. My garden will be awash with David Austen\u201a\u00c4\u00f4s finest roses.",
    "rating": 5,
    "review_date": "2025-02-14 00:00:00 UTC",
    "source": "judge-me",
    "curated": "ok",
    "product_id": "4113819664465",
    "product_handle": "claire-austin-climbing-rose",
    "reply": "",
    "reply_date": "",
    "picture_urls": "",
    "ip_address": "",
    "location": "",
    "metaobject_handle": "review-9bb7b02c-dbce-43a3-ab2a-048227d5dfce"
  },
  {
    "title": "Best Rose Ever",
    "body": "This beautiful rose gets better year after year. It is the best rose ever for health and repeated abundance of flowers. It is the first rose to bloom in Spring and is still flowering in October. Simply wonderful",
    "rating": 5,
    "review_date": "2025-02-11 00:00:00 UTC",
    "source": "judge-me",
    "curated": "ok",
    "product_id": "4113819664465",
    "product_handle": "claire-austin-climbing-rose",
    "reply": "",
    "reply_date": "",
    "picture_urls": "",
    "ip_address": "",
    "location": "",
    "metaobject_handle": "review-17900404-ee58-4c4d-8521-aa7eda00f52b"
  },
  {
    "title": "",
    "body": "I have about a dozen DA roses and as a painter and gardener they give me endless pleasure. I thank you for the advice you send and have completed my pruning!\n I am sending you a painting of Clare Austin with metal scul[tures of swallows, hope you enjoy",
    "rating": 5,
    "review_date": "2025-02-07 00:00:00 UTC",
    "source": "judge-me",
    "curated": "ok",
    "product_id": "4113819664465",
    "product_handle": "claire-austin-climbing-rose",
    "reply": "",
    "reply_date": "",
    "picture_urls": "https://s3-us-west-1.amazonaws.com/user-files-1/servar/198908/ff9d519e-c1b4-4d37-b4ae-562db3caf7c3/da12cbe9-b97e-4d5a-a33e-5ffc113a5716/2025-02-07T08%253A47%253A15.371393%252B00%253A00/IMG_0476.JPG",
    "ip_address": "",
    "location": "",
    "metaobject_handle": "review-f899b79d-02ba-49fb-b453-017559e2a1d0"
  },
  {
    "title": "",
    "body": "David Austin roses are always healthy and of a high quality.",
    "rating": 5,
    "review_date": "2025-02-05 00:00:00 UTC",
    "source": "judge-me",
    "curated": "ok",
    "product_id": "4113819664465",
    "product_handle": "claire-austin-climbing-rose",
    "reply": "",
    "reply_date": "",
    "picture_urls": "",
    "ip_address": "",
    "location": "",
    "metaobject_handle": "review-1e6a14ef-3064-4c54-ac4d-674cb42a1681"
  },
  {
    "title": "Divine",
    "body": "Absolutely beautiful climber. Has done really well over a wooden trellis arch. Lovely shaped blooms in gorgeous concentric circles. Fragrance is a strong lemony myrrh scent. I have X2 and in the rest of the garden about 5 Desdemona shrub roses which are my favourite. They really complement one another. I would not hesitate to recommend this rose. Really good quality. Fast delivery and well packaged.",
    "rating": 5,
    "review_date": "2025-02-05 00:00:00 UTC",
    "source": "judge-me",
    "curated": "ok",
    "product_id": "4113819664465",
    "product_handle": "claire-austin-climbing-rose",
    "reply": "",
    "reply_date": "",
    "picture_urls": "",
    "ip_address": "",
    "location": "",
    "metaobject_handle": "review-17e6da50-93c5-491a-9b5b-32845ecaf48b"
  },
  {
    "title": "",
    "body": "Had these roses for years and now I've moved I just had to add some to my new Scottish garden. If there were six stars I'd take em.",
    "rating": 5,
    "review_date": "2025-02-24 16:18:10 UTC",
    "source": "shop-app",
    "curated": "ok",
    "product_id": "4113819664465",
    "product_handle": "claire-austin-climbing-rose",
    "reply": "",
    "reply_date": "",
    "picture_urls": "",
    "ip_address": "",
    "location": "",
    "metaobject_handle": "shop-2519111-188527581-c0e1eb0e-4707-487a-9ef1-fc731a5a549c"
  },
  {
    "title": "",
    "body": "Great",
    "rating": 5,
    "review_date": "2024-12-24 00:52:09 UTC",
    "source": "shop-app",
    "curated": "ok",
    "product_id": "4113819664465",
    "product_handle": "claire-austin-climbing-rose",
    "reply": "",
    "reply_date": "",
    "picture_urls": "",
    "ip_address": "",
    "location": "",
    "metaobject_handle": "shop-2519111-175631819-9db2e6bc-945b-4b48-89af-ddb2dea7ccbd"
  },
  {
    "title": "",
    "body": "Strong plants, love that as bare root it gives time to sort area for planting.",
    "rating": 5,
    "review_date": "2025-03-05 13:27:17 UTC",
    "source": "shop-app",
    "curated": "ok",
    "product_id": "4113819664465",
    "product_handle": "claire-austin-climbing-rose",
    "reply": "",
    "reply_date": "",
    "picture_urls": "",
    "ip_address": "",
    "location": "",
    "metaobject_handle": "shop-2519111-190420718-35bde5d4-3cce-4673-bde3-870bdb374186"
  },
  {
    "title": "",
    "body": "Sent as a gift",
    "rating": 4,
    "review_date": "2025-02-09 17:39:44 UTC",
    "source": "shop-app",
    "curated": "ok",
    "product_id": "4113819664465",
    "product_handle": "claire-austin-climbing-rose",
    "reply": "",
    "reply_date": "",
    "picture_urls": "",
    "ip_address": "",
    "location": "",
    "metaobject_handle": "shop-2519111-184701492-6d7007ce-3f2e-43fc-96df-b8e1d0fc2f7f"
  },
  {
    "title": "",
    "body": "Well packaged, arrived on time. Growing well. V pleased.",
    "rating": 5,
    "review_date": "2025-04-09 19:19:32 UTC",
    "source": "shop-app",
    "curated": "ok",
    "product_id": "4113819664465",
    "product_handle": "claire-austin-climbing-rose",
    "reply": "",
    "reply_date": "",
    "picture_urls": "",
    "ip_address": "",
    "location": "",
    "metaobject_handle": "shop-2519111-203143472-351c2ff8-0f4b-4292-9d9d-ae9df56c7b11"
  },
  {
    "title": "",
    "body": "Fabulous plant - so bushy and healthy. A few brances were badly crossing which is annoying, but apart from that really healthy plant",
    "rating": 4,
    "review_date": "2025-04-26 08:15:50 UTC",
    "source": "shop-app",
    "curated": "ok",
    "product_id": "4113819664465",
    "product_handle": "claire-austin-climbing-rose",
    "reply": "",
    "reply_date": "",
    "picture_urls": "",
    "ip_address": "",
    "location": "",
    "metaobject_handle": "shop-2519111-206297955-4417d345-e8f4-444d-bea4-ea22a2455e09"
  },
  {
    "title": "Unhealthy rose,don't buy.",
    "body": "Do not by from David Austin, my Claire Austin rose\ncame with aphids all over the buds and the leaves had rust and black spot. which could be passed onto plants nearby. They would not refund or exchange my money or plant.\nAt \u00a333.00 the y should be sending healthy plants out.\nI shouldn't have to treat the rose with insecticide and black spot remover, \nSave your money and buy one elsewhere. \nNot a good company.",
    "rating": 1,
    "review_date": "2025-05-07 17:26:49 UTC",
    "source": "web",
    "curated": "ok",
    "product_id": "4113819664465",
    "product_handle": "claire-austin-climbing-rose",
    "reply": "",
    "reply_date": "",
    "picture_urls": "",
    "ip_address": "176.255.87.60",
    "location": "Sheffield, England, United Kingdom",
    "metaobject_handle": "review-e19eb75d-2919-4aa5-ad3b-f5f6bc54ee07"
  },
  {
    "title": "Wrong rose sent",
    "body": "I ordered a climber Claire Austin but i got a pink rose bush!!! Best to buy from a shop. DA standards sliding.",
    "rating": 1,
    "review_date": "2025-05-29 19:32:22 UTC",
    "source": "web",
    "curated": "ok",
    "product_id": "4113819664465",
    "product_handle": "claire-austin-climbing-rose",
    "reply": "",
    "reply_date": "",
    "picture_urls": "https://s3.amazonaws.com/me.judge.review-images/david-austin-roses-uk/1748547142__img_1338__original.jpeg",
    "ip_address": "92.236.32.165",
    "location": "Croydon, England, United Kingdom",
    "metaobject_handle": "review-568c4e65-b5b4-4aca-87a3-46fcff2471b8"
  },
  {
    "title": "Claire Austin",
    "body": "First year. Healthy rose . Beautiful creamy bloom . Delicate but disease resistant.No black spot so far although in back border.",
    "rating": 5,
    "review_date": "2025-06-11 10:42:53 UTC",
    "source": "web",
    "curated": "ok",
    "product_id": "4113819664465",
    "product_handle": "claire-austin-climbing-rose",
    "reply": "",
    "reply_date": "",
    "picture_urls": "https://s3.amazonaws.com/me.judge.review-images/david-austin-roses-uk/1749638573__20250611_112943__original.jpg",
    "ip_address": "2.126.164.32",
    "location": "Derby, England, United Kingdom",
    "metaobject_handle": "review-d044210f-11a9-4d99-97f3-b20b6fc850f3"
  },
  {
    "title": "",
    "body": "Great rose, well packaged and within a few weeks of being planted showed signs of growth.",
    "rating": 5,
    "review_date": "2025-05-24 07:58:33 UTC",
    "source": "shop-app",
    "curated": "ok",
    "product_id": "4113819664465",
    "product_handle": "claire-austin-climbing-rose",
    "reply": "",
    "reply_date": "",
    "picture_urls": "",
    "ip_address": "",
    "location": "",
    "metaobject_handle": "shop-2519111-212017614-7de746b0-d483-40a5-a004-27b845b12f5a"
  },
  {
    "title": "Simply beautiful",
    "body": "I\u2019ve had my Clare Austin 2 years this autumn and it\u2019s absolutely divine. It\u2019s grown well over 8ft extremely healthy and is still getting bigger! It\u2019s smell is the most beautiful perfume and the roses are absolutely stunning. It\u2019s in a mostly shady spot and the recommendations for the website were spot on for a fragrant climber that enjoys shade. DA has made me fall in love with roses in the garden!!! They\u2019re also beautiful for bouquets as the flowering is so abundant!",
    "rating": 5,
    "review_date": "2025-06-03 12:32:00 UTC",
    "source": "web",
    "curated": "ok",
    "product_id": "4113819664465",
    "product_handle": "claire-austin-climbing-rose",
    "reply": "",
    "reply_date": "",
    "picture_urls": "https://s3.amazonaws.com/me.judge.review-images/david-austin-roses-uk/1748953920__img_9125__original.jpeg",
    "ip_address": "217.42.246.213",
    "location": "Dereham, England, United Kingdom",
    "metaobject_handle": "review-3f922815-3578-41b3-96d7-4a0644de6944"
  },
  {
    "title": "Stunning!",
    "body": "My first David Austin rose and I wasn\u2019t disappointed at all, when they get delivered looking like this.\nI popped them on the side for a while (out of the way of renovations) and the scent was flowing through the house! \nIt\u2019s absolutely beautiful, more than I expected",
    "rating": 5,
    "review_date": "2025-06-17 16:08:12 UTC",
    "source": "web",
    "curated": "ok",
    "product_id": "4113819664465",
    "product_handle": "claire-austin-climbing-rose",
    "reply": "",
    "reply_date": "",
    "picture_urls": "https://s3.amazonaws.com/me.judge.review-images/david-austin-roses-uk/1750176493__img_9653__original.jpeg, https://s3.amazonaws.com/me.judge.review-images/david-austin-roses-uk/1750176496__img_9652__original.jpeg, https://s3.amazonaws.com/me.judge.review-images/david-austin-roses-uk/1750176499__img_9630__original.jpeg, https://s3.amazonaws.com/me.judge.review-images/david-austin-roses-uk/1750176504__img_9629__original.jpeg",
    "ip_address": "146.75.174.17",
    "location": "Birmingham, England, United Kingdom",
    "metaobject_handle": "review-d30e4ad0-9b19-438a-85e4-2074c21c6d31"
  },
  {
    "title": "",
    "body": "Lovely rose, ive planted in a pot to grow up trellacing. Not as fragrant as I had hoped. It arrived fresh and healthy. Watered well as soon as it arrived. Flowering very well.",
    "rating": 4,
    "review_date": "2025-06-27 13:53:53 UTC",
    "source": "shop-app",
    "curated": "ok",
    "product_id": "4113819664465",
    "product_handle": "claire-austin-climbing-rose",
    "reply": "",
    "reply_date": "",
    "picture_urls": "",
    "ip_address": "",
    "location": "",
    "metaobject_handle": "shop-2519111-219540183-81885dee-24a1-45b0-90a0-21ad30e6005c"
  },
  {
    "title": "",
    "body": "Can't wait for it to flower",
    "rating": 5,
    "review_date": "2023-06-02 23:17:36 UTC",
    "source": "shop-app",
    "curated": "ok",
    "product_id": "4114096881745",
    "product_handle": "claire-austin-climbing-rose-potted",
    "reply": "",
    "reply_date": "",
    "picture_urls": "",
    "ip_address": "",
    "location": "",
    "metaobject_handle": "shop-2519111-13814389-3ddea475-ac94-4ce8-90f3-7822da9f72ac"
  },
  {
    "title": "",
    "body": "Great service, premium package. Lovely quality rose",
    "rating": 5,
    "review_date": "2023-08-10 10:35:15 UTC",
    "source": "shop-app",
    "curated": "ok",
    "product_id": "4114096881745",
    "product_handle": "claire-austin-climbing-rose-potted",
    "reply": "",
    "reply_date": "",
    "picture_urls": "",
    "ip_address": "",
    "location": "",
    "metaobject_handle": "shop-2519111-34525003-32b78b19-6b67-498d-a4c4-e30d8d87572c"
  },
  {
    "title": "",
    "body": "Lovely roses",
    "rating": 5,
    "review_date": "2023-08-27 18:39:44 UTC",
    "source": "shop-app",
    "curated": "ok",
    "product_id": "4114096881745",
    "product_handle": "claire-austin-climbing-rose-potted",
    "reply": "",
    "reply_date": "",
    "picture_urls": "",
    "ip_address": "",
    "location": "",
    "metaobject_handle": "shop-2519111-35505349-b165c62f-6429-4a0d-9c61-23cdae64e55b"
  },
  {
    "title": "",
    "body": "Only planted Claire Austin earlier this year . She has performed superbly .\nA beautiful climbing rose I can highly recommend.",
    "rating": 5,
    "review_date": "2023-10-20 11:00:50 UTC",
    "source": "shop-app",
    "curated": "ok",
    "product_id": "4114096881745",
    "product_handle": "claire-austin-climbing-rose-potted",
    "reply": "",
    "reply_date": "",
    "picture_urls": "",
    "ip_address": "",
    "location": "",
    "metaobject_handle": "shop-2519111-40626864-359218f8-adcc-4ee0-8508-5c2a326a60df"
  },
  {
    "title": "",
    "body": "Flowered straight away last year. Can\u2019t see what it does this summer. Beautiful plant and great customer service as always.",
    "rating": 5,
    "review_date": "2024-04-03 09:07:26 UTC",
    "source": "shop-app",
    "curated": "ok",
    "product_id": "4114096881745",
    "product_handle": "claire-austin-climbing-rose-potted",
    "reply": "",
    "reply_date": "",
    "picture_urls": "",
    "ip_address": "",
    "location": "",
    "metaobject_handle": "shop-2519111-131126784-ae0c041a-f4a8-4f31-815a-d6613ac67f48"
  },
  {
    "title": "",
    "body": "Just planted but lots of buds apparent \ud83d\udc4d\ud83c\udffb",
    "rating": 5,
    "review_date": "2024-10-06 15:39:31 UTC",
    "source": "shop-app",
    "curated": "ok",
    "product_id": "4114096881745",
    "product_handle": "claire-austin-climbing-rose-potted",
    "reply": "",
    "reply_date": "",
    "picture_urls": "",
    "ip_address": "",
    "location": "",
    "metaobject_handle": "shop-2519111-161418722-ff027dce-7671-473f-aed5-c908ea25db09"
  },
  {
    "title": "",
    "body": "Always delivered in correct packaging with full detailed instructions on how to care for roses from receiving them throughout the year, excellent roses.",
    "rating": 5,
    "review_date": "2023-11-17 10:29:36 UTC",
    "source": "shop-app",
    "curated": "ok",
    "product_id": "4114051072081",
    "product_handle": "claire-austin-climbing-rose-bare-root",
    "reply": "",
    "reply_date": "",
    "picture_urls": "",
    "ip_address": "",
    "location": "",
    "metaobject_handle": "shop-2519111-52879119-c1047ca9-7b40-4eb5-920b-2421ceda33da"
  },
  {
    "title": "",
    "body": "My favourite rose !",
    "rating": 5,
    "review_date": "2023-11-20 10:45:14 UTC",
    "source": "shop-app",
    "curated": "ok",
    "product_id": "4114051072081",
    "product_handle": "claire-austin-climbing-rose-bare-root",
    "reply": "",
    "reply_date": "",
    "picture_urls": "",
    "ip_address": "",
    "location": "",
    "metaobject_handle": "shop-2519111-53304795-12d16522-07b9-438b-947a-0627ad49bd08"
  },
  {
    "title": "",
    "body": "Arrived as expected, packaged well and great communication from seller with an enquiry I had. Very happy with the service so far and hope it grows beautifully!",
    "rating": 5,
    "review_date": "2024-01-04 21:26:45 UTC",
    "source": "shop-app",
    "curated": "ok",
    "product_id": "4114051072081",
    "product_handle": "claire-austin-climbing-rose-bare-root",
    "reply": "",
    "reply_date": "",
    "picture_urls": "",
    "ip_address": "",
    "location": "",
    "metaobject_handle": "shop-2519111-109341775-bc12e58d-5d63-4da0-ab61-cf7a4537d38b"
  },
  {
    "title": "",
    "body": "Looked a healthy twig with lots of roots. Planted and hopefully grows well",
    "rating": 5,
    "review_date": "2024-03-20 09:41:26 UTC",
    "source": "shop-app",
    "curated": "ok",
    "product_id": "4114051072081",
    "product_handle": "claire-austin-climbing-rose-bare-root",
    "reply": "",
    "reply_date": "",
    "picture_urls": "",
    "ip_address": "",
    "location": "",
    "metaobject_handle": "shop-2519111-128788209-fbb1f2a5-6c41-4fad-acad-543b8229cede"
  }
]