[
  {
    "title": "",
    "body": "Top quality plants, well packaged and promptly dispatched",
    "rating": 5,
    "review_date": "2023-06-07 09:57:35 UTC",
    "source": "shop-app",
    "curated": "ok",
    "product_id": "4114064474193",
    "product_handle": "crimson-shower-bare-root",
    "reply": "",
    "reply_date": "",
    "picture_urls": "",
    "ip_address": "",
    "location": "",
    "metaobject_handle": "shop-2519111-13915194-f494a276-e0f2-47ed-bf8a-d9ac3ec0fdf4"
  },
  {
    "title": "",
    "body": "Fantastic rose",
    "rating": 2,
    "review_date": "2023-07-15 06:07:10 UTC",
    "source": "shop-app",
    "curated": "ok",
    "product_id": "4114099306577",
    "product_handle": "crimson-shower-potted",
    "reply": "",
    "reply_date": "",
    "picture_urls": "",
    "ip_address": "",
    "location": "",
    "metaobject_handle": "shop-2519111-32975615-b6eb69c4-afb8-4a8f-b652-158b43654d41"
  },
  {
    "title": "More pink",
    "body": "I was after a lovely red rambler and opted for this one as it\u2019s in the red category & looks red in the picture, however, it\u2019s not, even when bud it looks more pink. Please put this in the pink category as it\u2019s misleading , I have now got to find another place for it & buy a red one but I\u2019ll be doing that in person so I can see if it\u2019s actually red. The photo is true to colour.",
    "rating": 3,
    "review_date": "2025-07-04 15:08:25 UTC",
    "source": "web",
    "curated": "ok",
    "product_id": "4113834410065",
    "product_handle": "crimson-shower",
    "reply": "",
    "reply_date": "",
    "picture_urls": "https://s3.amazonaws.com/me.judge.review-images/david-austin-roses-uk/1751641705__image__original.jpg",
    "ip_address": "86.130.90.251",
    "location": "Peterborough, England, United Kingdom",
    "metaobject_handle": "review-1b82450e-941b-4e04-9c41-984066842ecd"
  }
]