[
  {
    "title": "",
    "body": "Looks fine but is dormant and will need to wait until spring to review but everything I have previously bought from David Austin has been excellent",
    "rating": 5,
    "review_date": "2025-01-11 11:04:02 UTC",
    "source": "shop-app",
    "curated": "ok",
    "product_id": "4113834836049",
    "product_handle": "dame-judi-dench",
    "reply": "",
    "reply_date": "",
    "picture_urls": "",
    "ip_address": "",
    "location": "",
    "metaobject_handle": "shop-2519111-179254305-a9643e5e-a008-471a-9bdc-ff0cca8050df"
  },
  {
    "title": "",
    "body": "Lovely plant. Got it's leaves on already. I would recommend this shop.",
    "rating": 5,
    "review_date": "2025-05-20 14:37:23 UTC",
    "source": "shop-app",
    "curated": "ok",
    "product_id": "4113834836049",
    "product_handle": "dame-judi-dench",
    "reply": "",
    "reply_date": "",
    "picture_urls": "",
    "ip_address": "",
    "location": "",
    "metaobject_handle": "shop-2519111-211083716-0ff978dc-cd87-4736-9c52-826dde78f76b"
  },
  {
    "title": "",
    "body": "Stunning colour and beautifully formed.",
    "rating": 5,
    "review_date": "2025-06-09 16:56:08 UTC",
    "source": "web",
    "curated": "ok",
    "product_id": "4113834836049",
    "product_handle": "dame-judi-dench",
    "reply": "",
    "reply_date": "",
    "picture_urls": "https://s3.amazonaws.com/me.judge.review-images/david-austin-roses-uk/1749488168__img_9126__original.jpeg, https://s3.amazonaws.com/me.judge.review-images/david-austin-roses-uk/1749488171__img_9111__original.jpeg",
    "ip_address": "90.212.202.47",
    "location": "Leek, England, United Kingdom",
    "metaobject_handle": "review-adf96c22-32e0-487e-bf77-c9739e7ba4a3"
  },
  {
    "title": "",
    "body": "Beautiful rose as always, the scent is amazing and the quality is excellent",
    "rating": 5,
    "review_date": "2025-07-02 15:38:43 UTC",
    "source": "shop-app",
    "curated": "ok",
    "product_id": "4113834836049",
    "product_handle": "dame-judi-dench",
    "reply": "",
    "reply_date": "",
    "picture_urls": "",
    "ip_address": "",
    "location": "",
    "metaobject_handle": "shop-2519111-220638689-d96c0362-1621-44f4-b3fc-3aa714362f01"
  },
  {
    "title": "Gorgeous rich colour",
    "body": "This is such a beautiful colour, and the colour doesn't fade or change at all as the blooms age. Each rose flower is a beautiful shape and I feel that the description is correct in saying the the blooms have a very good resistance to rain. It stood out at the David Austin gardens as being one of the most vivid peach/oranges. Gorgeous!",
    "rating": 5,
    "review_date": "2025-07-07 06:13:48 UTC",
    "source": "web",
    "curated": "ok",
    "product_id": "4113834836049",
    "product_handle": "dame-judi-dench",
    "reply": "",
    "reply_date": "",
    "picture_urls": "",
    "ip_address": "109.152.209.45",
    "location": "Dumfries, Scotland, United Kingdom",
    "metaobject_handle": "review-b6c176bc-77f3-48b8-b9c7-cbbe72c3cdb7"
  }
]