[
  {
    "title": "",
    "body": "Arrived as predicted and in excellent condition.",
    "rating": 5,
    "review_date": "2023-05-05 16:45:00 UTC",
    "source": "shop-app",
    "curated": "ok",
    "product_id": "4114099372113",
    "product_handle": "dame-judi-dench-rose-potted",
    "reply": "",
    "reply_date": "",
    "picture_urls": "",
    "ip_address": "",
    "location": "",
    "metaobject_handle": "shop-2519111-13043732-3f07d5a2-7b27-40e5-8362-628202fd5d13"
  },
  {
    "title": "",
    "body": "Absolutely gorgeous. Bought as a gift and almost kept it for myself.",
    "rating": 5,
    "review_date": "2023-06-26 15:35:18 UTC",
    "source": "shop-app",
    "curated": "ok",
    "product_id": "4114099372113",
    "product_handle": "dame-judi-dench-rose-potted",
    "reply": "",
    "reply_date": "",
    "picture_urls": "",
    "ip_address": "",
    "location": "",
    "metaobject_handle": "shop-2519111-14453561-d699362a-a1aa-4ee2-b99a-97c9844d6de3"
  },
  {
    "title": "",
    "body": "Beautiful",
    "rating": 5,
    "review_date": "2023-09-01 01:12:42 UTC",
    "source": "shop-app",
    "curated": "ok",
    "product_id": "4114099372113",
    "product_handle": "dame-judi-dench-rose-potted",
    "reply": "",
    "reply_date": "",
    "picture_urls": "",
    "ip_address": "",
    "location": "",
    "metaobject_handle": "shop-2519111-35831940-64e9594e-b389-4c50-abed-a61f012fe47f"
  },
  {
    "title": "",
    "body": "Beautiful roses shame about the delivery company",
    "rating": 4,
    "review_date": "2023-11-30 09:42:14 UTC",
    "source": "shop-app",
    "curated": "ok",
    "product_id": "4114099372113",
    "product_handle": "dame-judi-dench-rose-potted",
    "reply": "",
    "reply_date": "",
    "picture_urls": "",
    "ip_address": "",
    "location": "",
    "metaobject_handle": "shop-2519111-55186612-ffdbff87-d406-421e-9755-506bb008fa95"
  },
  {
    "title": "",
    "body": "Gorgeous as always",
    "rating": 5,
    "review_date": "2024-03-31 14:54:40 UTC",
    "source": "shop-app",
    "curated": "ok",
    "product_id": "4114099372113",
    "product_handle": "dame-judi-dench-rose-potted",
    "reply": "",
    "reply_date": "",
    "picture_urls": "",
    "ip_address": "",
    "location": "",
    "metaobject_handle": "shop-2519111-130617304-f55a43ad-0e31-44b2-9f38-9552038b36e4"
  },
  {
    "title": "",
    "body": "Amazing as usual.",
    "rating": 5,
    "review_date": "2024-04-29 12:54:04 UTC",
    "source": "shop-app",
    "curated": "ok",
    "product_id": "4114099372113",
    "product_handle": "dame-judi-dench-rose-potted",
    "reply": "",
    "reply_date": "",
    "picture_urls": "",
    "ip_address": "",
    "location": "",
    "metaobject_handle": "shop-2519111-135999029-d14a4039-f589-43e1-b218-aec285d23ba8"
  }
]