[
  {
    "title": "",
    "body": "Too early to tell how these rises will grow, but judging by the condition of the bareroots all looks promising. A very good supplier who ive dealt with for over 25 years.",
    "rating": 4,
    "review_date": "2025-04-08 09:12:54 UTC",
    "source": "shop-app",
    "curated": "ok",
    "product_id": "4113834967121",
    "product_handle": "danse-de-feu",
    "reply": "",
    "reply_date": "",
    "picture_urls": "",
    "ip_address": "",
    "location": "",
    "metaobject_handle": "shop-2519111-202791909-23bded90-bebf-4e67-8fcd-a099e348e60a"
  }
]