[
  {
    "title": "",
    "body": "My daughter was delighted with her rose.",
    "rating": 5,
    "review_date": "2024-08-20 07:21:28 UTC",
    "source": "shop-app",
    "curated": "ok",
    "product_id": "4777795846225",
    "product_handle": "david-austin-roses-gift-card",
    "reply": "",
    "reply_date": "",
    "picture_urls": "",
    "ip_address": "",
    "location": "",
    "metaobject_handle": "shop-2519111-154958563-e4982fee-5dde-4e2b-aeac-0a81b30d9188"
  },
  {
    "title": "",
    "body": "Great gift for a friend",
    "rating": 5,
    "review_date": "2024-10-31 08:38:08 UTC",
    "source": "shop-app",
    "curated": "ok",
    "product_id": "4777795846225",
    "product_handle": "david-austin-roses-gift-card",
    "reply": "",
    "reply_date": "",
    "picture_urls": "",
    "ip_address": "",
    "location": "",
    "metaobject_handle": "shop-2519111-164951941-b7cba19c-53e9-4e7d-9c5f-bf4cc6e03477"
  },
  {
    "title": "",
    "body": "Received quickly, beautifully presented gift voucher with a gorgeous rose catalogue.would recommend as a gift voucher gift.",
    "rating": 5,
    "review_date": "2024-12-29 09:59:50 UTC",
    "source": "shop-app",
    "curated": "ok",
    "product_id": "4777795846225",
    "product_handle": "david-austin-roses-gift-card",
    "reply": "",
    "reply_date": "",
    "picture_urls": "",
    "ip_address": "",
    "location": "",
    "metaobject_handle": "shop-2519111-176725524-cccb5727-cde2-40e4-9682-1a8918581375"
  },
  {
    "title": "",
    "body": "Bought as a Christmas gift and recipient was delighted. Love the way it\u2019s a cardboard and not plastic card and the fact it comes with the current handbook which gives the receiver advice and support to choose the right type of rose for your garden and the directory of David Austin Roses. Will be ordering a second one soon as a birthday present. Very impressed.",
    "rating": 5,
    "review_date": "2024-12-29 14:03:22 UTC",
    "source": "shop-app",
    "curated": "ok",
    "product_id": "4777795846225",
    "product_handle": "david-austin-roses-gift-card",
    "reply": "",
    "reply_date": "",
    "picture_urls": "",
    "ip_address": "",
    "location": "",
    "metaobject_handle": "shop-2519111-176744765-187df169-a776-4dbd-adb9-c8609ebd771f"
  },
  {
    "title": "",
    "body": "Delivered quickly and the packaging looks the part.",
    "rating": 5,
    "review_date": "2023-06-02 22:56:16 UTC",
    "source": "shop-app",
    "curated": "ok",
    "product_id": "4777795846225",
    "product_handle": "david-austin-roses-gift-card",
    "reply": "",
    "reply_date": "",
    "picture_urls": "",
    "ip_address": "",
    "location": "",
    "metaobject_handle": "shop-2519111-13813760-29b6edfc-4501-4378-9c07-8004945d640c"
  },
  {
    "title": "",
    "body": "Perfect",
    "rating": 5,
    "review_date": "2023-06-05 09:51:56 UTC",
    "source": "shop-app",
    "curated": "ok",
    "product_id": "4777795846225",
    "product_handle": "david-austin-roses-gift-card",
    "reply": "",
    "reply_date": "",
    "picture_urls": "",
    "ip_address": "",
    "location": "",
    "metaobject_handle": "shop-2519111-13861838-2bac1753-c77a-4bb3-89a5-91c627fa07f2"
  },
  {
    "title": "",
    "body": "Lovely card. Arrived a couple of days after being ordered. Great service. No complaints.",
    "rating": 5,
    "review_date": "2023-07-07 10:34:37 UTC",
    "source": "shop-app",
    "curated": "ok",
    "product_id": "4777795846225",
    "product_handle": "david-austin-roses-gift-card",
    "reply": "",
    "reply_date": "",
    "picture_urls": "",
    "ip_address": "",
    "location": "",
    "metaobject_handle": "shop-2519111-26987438-9172cace-b6fb-4ff4-af90-3e676c862604"
  },
  {
    "title": "",
    "body": "Ordered as gift.  Well packaged on delivery.",
    "rating": 5,
    "review_date": "2023-11-14 14:25:15 UTC",
    "source": "shop-app",
    "curated": "ok",
    "product_id": "4777795846225",
    "product_handle": "david-austin-roses-gift-card",
    "reply": "",
    "reply_date": "",
    "picture_urls": "",
    "ip_address": "",
    "location": "",
    "metaobject_handle": "shop-2519111-52378396-1c9317f9-ae96-48e6-9a02-925fad918f9d"
  },
  {
    "title": "",
    "body": "Quick delivery - excellent",
    "rating": 5,
    "review_date": "2024-01-01 18:18:12 UTC",
    "source": "shop-app",
    "curated": "ok",
    "product_id": "4777795846225",
    "product_handle": "david-austin-roses-gift-card",
    "reply": "",
    "reply_date": "",
    "picture_urls": "",
    "ip_address": "",
    "location": "",
    "metaobject_handle": "shop-2519111-107721305-afd6829b-c1e5-4298-beab-c5a781667d7c"
  },
  {
    "title": "",
    "body": "Great",
    "rating": 5,
    "review_date": "2024-11-27 20:16:09 UTC",
    "source": "shop-app",
    "curated": "ok",
    "product_id": "4777795846225",
    "product_handle": "david-austin-roses-gift-card",
    "reply": "",
    "reply_date": "",
    "picture_urls": "",
    "ip_address": "",
    "location": "",
    "metaobject_handle": "shop-2519111-169886283-97122aa7-5ee4-4002-8ad9-8a0fa6941635"
  },
  {
    "title": "",
    "body": "Fantastic gift!",
    "rating": 5,
    "review_date": "2024-12-11 14:43:17 UTC",
    "source": "shop-app",
    "curated": "ok",
    "product_id": "4777795846225",
    "product_handle": "david-austin-roses-gift-card",
    "reply": "",
    "reply_date": "",
    "picture_urls": "",
    "ip_address": "",
    "location": "",
    "metaobject_handle": "shop-2519111-172688836-728d678a-1d59-4b5c-9063-217db15489c2"
  },
  {
    "title": "",
    "body": "Well received gift, thank you",
    "rating": 5,
    "review_date": "2025-05-01 13:16:15 UTC",
    "source": "shop-app",
    "curated": "ok",
    "product_id": "4777795846225",
    "product_handle": "david-austin-roses-gift-card",
    "reply": "",
    "reply_date": "",
    "picture_urls": "",
    "ip_address": "",
    "location": "",
    "metaobject_handle": "shop-2519111-207221606-0eec063f-9b8b-4409-b5c0-235272e4c34a"
  }
]