[
  {
    "title": "",
    "body": "Perfect calendar for rose lovers \ud83d\ude0a",
    "rating": 5,
    "review_date": "2024-12-20 22:34:15 UTC",
    "source": "shop-app",
    "curated": "ok",
    "product_id": "14652336243068",
    "product_handle": "david-austin-2025-wall-calendar",
    "reply": "",
    "reply_date": "",
    "picture_urls": "",
    "ip_address": "",
    "location": "",
    "metaobject_handle": "shop-2519111-175030289-cf1c94c3-0254-4664-a375-fbea4ecef87d"
  },
  {
    "title": "",
    "body": "Beautiful prints very pleased",
    "rating": 5,
    "review_date": "2025-01-15 16:21:52 UTC",
    "source": "shop-app",
    "curated": "ok",
    "product_id": "14652336243068",
    "product_handle": "david-austin-2025-wall-calendar",
    "reply": "",
    "reply_date": "",
    "picture_urls": "",
    "ip_address": "",
    "location": "",
    "metaobject_handle": "shop-2519111-180033389-a8026ad2-6f3c-4937-aeee-a7c7743f9c00"
  },
  {
    "title": "",
    "body": "Lovely quality calendar. Arrived in pristine condition and was well received.",
    "rating": 5,
    "review_date": "2025-01-16 10:34:15 UTC",
    "source": "shop-app",
    "curated": "ok",
    "product_id": "14652336243068",
    "product_handle": "david-austin-2025-wall-calendar",
    "reply": "",
    "reply_date": "",
    "picture_urls": "",
    "ip_address": "",
    "location": "",
    "metaobject_handle": "shop-2519111-180188995-8777f4c5-b807-48c4-96af-cbde8079cee8"
  },
  {
    "title": "",
    "body": "A colourful and well presented Calendar. I like it \ud83d\ude00",
    "rating": 5,
    "review_date": "2025-01-23 12:06:57 UTC",
    "source": "shop-app",
    "curated": "ok",
    "product_id": "14652336243068",
    "product_handle": "david-austin-2025-wall-calendar",
    "reply": "",
    "reply_date": "",
    "picture_urls": "",
    "ip_address": "",
    "location": "",
    "metaobject_handle": "shop-2519111-181569790-f04eb83b-eeb1-4e12-ab9f-3b93eca131f2"
  }
]