[
  {
    "title": "",
    "body": "Brilliant product",
    "rating": 5,
    "review_date": "2022-11-17 10:32:29 UTC",
    "source": "shop-app",
    "curated": "ok",
    "product_id": "6957196378193",
    "product_handle": "david-austin-controlled-release-rose-food",
    "reply": "",
    "reply_date": "",
    "picture_urls": "",
    "ip_address": "",
    "location": "",
    "metaobject_handle": "shop-2519111-1391634-3308310a-07da-45e3-8ece-358170d1c7e6"
  },
  {
    "title": "",
    "body": "Very good product",
    "rating": 5,
    "review_date": "2022-11-16 15:51:26 UTC",
    "source": "shop-app",
    "curated": "ok",
    "product_id": "6957196378193",
    "product_handle": "david-austin-controlled-release-rose-food",
    "reply": "",
    "reply_date": "",
    "picture_urls": "",
    "ip_address": "",
    "location": "",
    "metaobject_handle": "shop-2519111-1365816-20f8c65f-8639-4181-831e-178e8b889790"
  },
  {
    "title": "",
    "body": "I\u2019ve grown David Austin roses for over 40 years.  I love them",
    "rating": 5,
    "review_date": "2022-12-09 14:05:26 UTC",
    "source": "shop-app",
    "curated": "ok",
    "product_id": "6957196378193",
    "product_handle": "david-austin-controlled-release-rose-food",
    "reply": "",
    "reply_date": "",
    "picture_urls": "",
    "ip_address": "",
    "location": "",
    "metaobject_handle": "shop-2519111-1966706-6fdd5416-625d-4965-9b87-836b7784e4e8"
  },
  {
    "title": "",
    "body": "Excellent",
    "rating": 5,
    "review_date": "2022-12-19 13:52:14 UTC",
    "source": "shop-app",
    "curated": "ok",
    "product_id": "6957196378193",
    "product_handle": "david-austin-controlled-release-rose-food",
    "reply": "",
    "reply_date": "",
    "picture_urls": "",
    "ip_address": "",
    "location": "",
    "metaobject_handle": "shop-2519111-2250825-3fcda3e3-0be8-4406-b8e1-f898dca302f9"
  },
  {
    "title": "",
    "body": "Good",
    "rating": 5,
    "review_date": "2023-04-04 10:46:44 UTC",
    "source": "shop-app",
    "curated": "ok",
    "product_id": "6957196378193",
    "product_handle": "david-austin-controlled-release-rose-food",
    "reply": "",
    "reply_date": "",
    "picture_urls": "",
    "ip_address": "",
    "location": "",
    "metaobject_handle": "shop-2519111-12122116-ba6ef6a9-e86b-41a8-b4de-6b0a5f1a1754"
  },
  {
    "title": "",
    "body": "Packed beautifully, delivered with care and the plants were in great condition",
    "rating": 5,
    "review_date": "2023-01-18 15:25:48 UTC",
    "source": "shop-app",
    "curated": "ok",
    "product_id": "6957196378193",
    "product_handle": "david-austin-controlled-release-rose-food",
    "reply": "",
    "reply_date": "",
    "picture_urls": "",
    "ip_address": "",
    "location": "",
    "metaobject_handle": "shop-2519111-3110742-5797f0b5-63e4-4300-9db2-a8f0d94ae7f0"
  },
  {
    "title": "",
    "body": "Spot on did what they said",
    "rating": 5,
    "review_date": "2023-01-14 02:53:35 UTC",
    "source": "shop-app",
    "curated": "ok",
    "product_id": "6957196378193",
    "product_handle": "david-austin-controlled-release-rose-food",
    "reply": "",
    "reply_date": "",
    "picture_urls": "",
    "ip_address": "",
    "location": "",
    "metaobject_handle": "shop-2519111-3000873-f50680d9-28ad-478d-af59-2ca5b3c4ab4c"
  },
  {
    "title": "",
    "body": "Great quality roses",
    "rating": 5,
    "review_date": "2023-02-09 17:12:10 UTC",
    "source": "shop-app",
    "curated": "ok",
    "product_id": "6957196378193",
    "product_handle": "david-austin-controlled-release-rose-food",
    "reply": "",
    "reply_date": "",
    "picture_urls": "",
    "ip_address": "",
    "location": "",
    "metaobject_handle": "shop-2519111-3808159-aca90bfd-1e7b-4907-8bc6-b88b07df0725"
  },
  {
    "title": "",
    "body": "Very good product for the climbing rose!",
    "rating": 5,
    "review_date": "2023-02-27 11:04:25 UTC",
    "source": "shop-app",
    "curated": "ok",
    "product_id": "6957196378193",
    "product_handle": "david-austin-controlled-release-rose-food",
    "reply": "",
    "reply_date": "",
    "picture_urls": "",
    "ip_address": "",
    "location": "",
    "metaobject_handle": "shop-2519111-4619748-80424f4f-ad01-450d-95b6-f8c384aab753"
  },
  {
    "title": "",
    "body": "Easy to use and measure.",
    "rating": 5,
    "review_date": "2023-04-04 19:35:21 UTC",
    "source": "shop-app",
    "curated": "ok",
    "product_id": "6957196378193",
    "product_handle": "david-austin-controlled-release-rose-food",
    "reply": "",
    "reply_date": "",
    "picture_urls": "",
    "ip_address": "",
    "location": "",
    "metaobject_handle": "shop-2519111-12133925-0b165a8f-2deb-47c5-a972-9875733a1eb2"
  },
  {
    "title": "",
    "body": "The packet will last a while",
    "rating": 5,
    "review_date": "2023-03-26 19:43:30 UTC",
    "source": "shop-app",
    "curated": "ok",
    "product_id": "6957196378193",
    "product_handle": "david-austin-controlled-release-rose-food",
    "reply": "",
    "reply_date": "",
    "picture_urls": "",
    "ip_address": "",
    "location": "",
    "metaobject_handle": "shop-2519111-11781943-ca44a8ef-650f-4cb4-bb03-23e6957fea3c"
  },
  {
    "title": "",
    "body": "Quality product First class delivery",
    "rating": 5,
    "review_date": "2023-03-27 14:47:52 UTC",
    "source": "shop-app",
    "curated": "ok",
    "product_id": "6957196378193",
    "product_handle": "david-austin-controlled-release-rose-food",
    "reply": "",
    "reply_date": "",
    "picture_urls": "",
    "ip_address": "",
    "location": "",
    "metaobject_handle": "shop-2519111-11898364-abb8dc3e-eb1d-499f-a40f-cbd39e757c7e"
  },
  {
    "title": "",
    "body": "Great",
    "rating": 5,
    "review_date": "2023-03-30 16:21:51 UTC",
    "source": "shop-app",
    "curated": "ok",
    "product_id": "6957196378193",
    "product_handle": "david-austin-controlled-release-rose-food",
    "reply": "",
    "reply_date": "",
    "picture_urls": "",
    "ip_address": "",
    "location": "",
    "metaobject_handle": "shop-2519111-11996694-a5c73ffd-b7e7-42ab-9d7d-7cd0324e5efa"
  },
  {
    "title": "",
    "body": "First time using this year, hope to have the best if health rises!",
    "rating": 5,
    "review_date": "2023-03-15 16:48:36 UTC",
    "source": "shop-app",
    "curated": "ok",
    "product_id": "6957196378193",
    "product_handle": "david-austin-controlled-release-rose-food",
    "reply": "",
    "reply_date": "",
    "picture_urls": "",
    "ip_address": "",
    "location": "",
    "metaobject_handle": "shop-2519111-10416271-c4bfe14a-d008-4771-bef5-3e7df0371001"
  },
  {
    "title": "",
    "body": "From David Austin it is bound to be good for my roses!!",
    "rating": 5,
    "review_date": "2023-03-23 15:39:50 UTC",
    "source": "shop-app",
    "curated": "ok",
    "product_id": "6957196378193",
    "product_handle": "david-austin-controlled-release-rose-food",
    "reply": "",
    "reply_date": "",
    "picture_urls": "",
    "ip_address": "",
    "location": "",
    "metaobject_handle": "shop-2519111-11690596-e80e279a-95f0-4328-8d38-91018eb94a05"
  },
  {
    "title": "",
    "body": "Very effective slow release rose feed that\u2019s quick an easy to use. It even comes with a measuring scoop.",
    "rating": 5,
    "review_date": "2023-03-29 15:34:11 UTC",
    "source": "shop-app",
    "curated": "ok",
    "product_id": "6957196378193",
    "product_handle": "david-austin-controlled-release-rose-food",
    "reply": "",
    "reply_date": "",
    "picture_urls": "",
    "ip_address": "",
    "location": "",
    "metaobject_handle": "shop-2519111-11962434-2c801666-9bdf-41cc-bd4c-d736ddbdf466"
  },
  {
    "title": "",
    "body": "Simple to use. Now once a year - bonus!",
    "rating": 5,
    "review_date": "2023-04-03 13:35:12 UTC",
    "source": "shop-app",
    "curated": "ok",
    "product_id": "6957196378193",
    "product_handle": "david-austin-controlled-release-rose-food",
    "reply": "",
    "reply_date": "",
    "picture_urls": "",
    "ip_address": "",
    "location": "",
    "metaobject_handle": "shop-2519111-12093492-ae2c0337-e2d6-4ce9-8406-bd7705874273"
  },
  {
    "title": "",
    "body": "Brilliant stuff a great start to the season for all roses",
    "rating": 5,
    "review_date": "2023-03-29 20:22:04 UTC",
    "source": "shop-app",
    "curated": "ok",
    "product_id": "6957196378193",
    "product_handle": "david-austin-controlled-release-rose-food",
    "reply": "",
    "reply_date": "",
    "picture_urls": "",
    "ip_address": "",
    "location": "",
    "metaobject_handle": "shop-2519111-11973297-584ac503-63f5-47dd-bc01-c6cb806000ca"
  },
  {
    "title": "",
    "body": "Easy to use\nGood product",
    "rating": 5,
    "review_date": "2023-03-31 05:39:56 UTC",
    "source": "shop-app",
    "curated": "ok",
    "product_id": "6957196378193",
    "product_handle": "david-austin-controlled-release-rose-food",
    "reply": "",
    "reply_date": "",
    "picture_urls": "",
    "ip_address": "",
    "location": "",
    "metaobject_handle": "shop-2519111-12019390-9f6fd04d-108f-48d4-a7b0-ac885e43c878"
  },
  {
    "title": "",
    "body": "Very helpful getting form you better than running down to the garden centre",
    "rating": 5,
    "review_date": "2023-04-05 14:23:20 UTC",
    "source": "shop-app",
    "curated": "ok",
    "product_id": "6957196378193",
    "product_handle": "david-austin-controlled-release-rose-food",
    "reply": "",
    "reply_date": "",
    "picture_urls": "",
    "ip_address": "",
    "location": "",
    "metaobject_handle": "shop-2519111-12155824-7dbaec24-1a01-497e-a0f0-a8b500a67e69"
  },
  {
    "title": "",
    "body": "Great service",
    "rating": 5,
    "review_date": "2023-04-07 09:35:04 UTC",
    "source": "shop-app",
    "curated": "ok",
    "product_id": "6957196378193",
    "product_handle": "david-austin-controlled-release-rose-food",
    "reply": "",
    "reply_date": "",
    "picture_urls": "",
    "ip_address": "",
    "location": "",
    "metaobject_handle": "shop-2519111-12211326-09c7a279-f76b-428b-afaf-c370149eab5e"
  },
  {
    "title": "",
    "body": "Excellent",
    "rating": 5,
    "review_date": "2023-04-10 09:24:11 UTC",
    "source": "shop-app",
    "curated": "ok",
    "product_id": "6957196378193",
    "product_handle": "david-austin-controlled-release-rose-food",
    "reply": "",
    "reply_date": "",
    "picture_urls": "",
    "ip_address": "",
    "location": "",
    "metaobject_handle": "shop-2519111-12276408-084690a1-65d2-4423-bf22-8572b8b7cbe2"
  },
  {
    "title": "",
    "body": "I found the rose food very easy to use. And you only have to use it once a year which is a bonus.",
    "rating": 5,
    "review_date": "2023-04-13 11:59:35 UTC",
    "source": "shop-app",
    "curated": "ok",
    "product_id": "6957196378193",
    "product_handle": "david-austin-controlled-release-rose-food",
    "reply": "",
    "reply_date": "",
    "picture_urls": "",
    "ip_address": "",
    "location": "",
    "metaobject_handle": "shop-2519111-12371258-c15d3dee-02b0-4062-b18b-c70f24d2414c"
  },
  {
    "title": "",
    "body": "Good purchase a little too early to tell what the grown rose will be like.",
    "rating": 4,
    "review_date": "2023-04-13 18:32:38 UTC",
    "source": "shop-app",
    "curated": "ok",
    "product_id": "6957196378193",
    "product_handle": "david-austin-controlled-release-rose-food",
    "reply": "",
    "reply_date": "",
    "picture_urls": "",
    "ip_address": "",
    "location": "",
    "metaobject_handle": "shop-2519111-12381776-6ce4389b-c709-495d-ae71-e532a0464a16"
  },
  {
    "title": "",
    "body": "Easy to apply and roses look better for it",
    "rating": 5,
    "review_date": "2023-04-15 16:47:05 UTC",
    "source": "shop-app",
    "curated": "ok",
    "product_id": "6957196378193",
    "product_handle": "david-austin-controlled-release-rose-food",
    "reply": "",
    "reply_date": "",
    "picture_urls": "",
    "ip_address": "",
    "location": "",
    "metaobject_handle": "shop-2519111-12435574-ed93e2ad-ca3d-4378-9462-d5e6ef4b3c14"
  },
  {
    "title": "",
    "body": "Good",
    "rating": 5,
    "review_date": "2023-04-18 11:30:53 UTC",
    "source": "shop-app",
    "curated": "ok",
    "product_id": "6957196378193",
    "product_handle": "david-austin-controlled-release-rose-food",
    "reply": "",
    "reply_date": "",
    "picture_urls": "",
    "ip_address": "",
    "location": "",
    "metaobject_handle": "shop-2519111-12501837-70389dd1-1c0c-45d3-b414-fb4933709c0e"
  },
  {
    "title": "",
    "body": "Nice to have compact feed that has to applied only once. I have not used before but am sure it will be top quality like the roses and other products from David Austin",
    "rating": 5,
    "review_date": "2023-05-02 14:04:34 UTC",
    "source": "shop-app",
    "curated": "ok",
    "product_id": "6957196378193",
    "product_handle": "david-austin-controlled-release-rose-food",
    "reply": "",
    "reply_date": "",
    "picture_urls": "",
    "ip_address": "",
    "location": "",
    "metaobject_handle": "shop-2519111-12931922-6d64bade-d06f-4aaa-b371-0b15f5e49ea9"
  },
  {
    "title": "",
    "body": "Seems a good product",
    "rating": 5,
    "review_date": "2023-05-05 16:43:49 UTC",
    "source": "shop-app",
    "curated": "ok",
    "product_id": "6957196378193",
    "product_handle": "david-austin-controlled-release-rose-food",
    "reply": "",
    "reply_date": "",
    "picture_urls": "",
    "ip_address": "",
    "location": "",
    "metaobject_handle": "shop-2519111-13043693-3963aca9-719f-4c94-921b-695ab430b0ee"
  },
  {
    "title": "",
    "body": "Works fantastic",
    "rating": 5,
    "review_date": "2023-05-08 15:39:48 UTC",
    "source": "shop-app",
    "curated": "ok",
    "product_id": "6957196378193",
    "product_handle": "david-austin-controlled-release-rose-food",
    "reply": "",
    "reply_date": "",
    "picture_urls": "",
    "ip_address": "",
    "location": "",
    "metaobject_handle": "shop-2519111-13110773-224b238f-36d1-4b57-960b-eeb10a0d8642"
  },
  {
    "title": "",
    "body": "\ud83d\udc4d",
    "rating": 5,
    "review_date": "2023-05-10 11:10:07 UTC",
    "source": "shop-app",
    "curated": "ok",
    "product_id": "6957196378193",
    "product_handle": "david-austin-controlled-release-rose-food",
    "reply": "",
    "reply_date": "",
    "picture_urls": "",
    "ip_address": "",
    "location": "",
    "metaobject_handle": "shop-2519111-13165070-9b1fe1a9-b0e3-4b35-ac89-f426f24eb2e4"
  },
  {
    "title": "",
    "body": "Never received it",
    "rating": 2,
    "review_date": "2023-05-18 13:09:56 UTC",
    "source": "shop-app",
    "curated": "ok",
    "product_id": "6957196378193",
    "product_handle": "david-austin-controlled-release-rose-food",
    "reply": "",
    "reply_date": "",
    "picture_urls": "",
    "ip_address": "",
    "location": "",
    "metaobject_handle": "shop-2519111-13396518-5f01e65d-8a23-4217-920f-60ea541d5020"
  },
  {
    "title": "",
    "body": "Great for garden",
    "rating": 4,
    "review_date": "2023-06-11 11:22:14 UTC",
    "source": "shop-app",
    "curated": "ok",
    "product_id": "6957196378193",
    "product_handle": "david-austin-controlled-release-rose-food",
    "reply": "",
    "reply_date": "",
    "picture_urls": "",
    "ip_address": "",
    "location": "",
    "metaobject_handle": "shop-2519111-14031305-bd8f53f2-e185-4c8f-86e3-a96740217e2d"
  },
  {
    "title": "",
    "body": "Roses are thriving on it",
    "rating": 5,
    "review_date": "2023-06-12 19:12:56 UTC",
    "source": "shop-app",
    "curated": "ok",
    "product_id": "6957196378193",
    "product_handle": "david-austin-controlled-release-rose-food",
    "reply": "",
    "reply_date": "",
    "picture_urls": "",
    "ip_address": "",
    "location": "",
    "metaobject_handle": "shop-2519111-14062287-f3c4b607-9dce-45e4-a3a4-6f78099d087b"
  },
  {
    "title": "",
    "body": "Top notch as always",
    "rating": 5,
    "review_date": "2023-06-21 12:21:29 UTC",
    "source": "shop-app",
    "curated": "ok",
    "product_id": "6957196378193",
    "product_handle": "david-austin-controlled-release-rose-food",
    "reply": "",
    "reply_date": "",
    "picture_urls": "",
    "ip_address": "",
    "location": "",
    "metaobject_handle": "shop-2519111-14313622-f8c7d38f-7f07-4b22-9641-a65b4bdd6128"
  },
  {
    "title": "",
    "body": "Excellent",
    "rating": 5,
    "review_date": "2023-07-05 12:05:43 UTC",
    "source": "shop-app",
    "curated": "ok",
    "product_id": "6957196378193",
    "product_handle": "david-austin-controlled-release-rose-food",
    "reply": "",
    "reply_date": "",
    "picture_urls": "",
    "ip_address": "",
    "location": "",
    "metaobject_handle": "shop-2519111-15484024-878cfd70-a667-4b60-908b-8f8bafc83fc5"
  },
  {
    "title": "",
    "body": "Fab product",
    "rating": 5,
    "review_date": "2023-07-13 12:59:48 UTC",
    "source": "shop-app",
    "curated": "ok",
    "product_id": "6957196378193",
    "product_handle": "david-austin-controlled-release-rose-food",
    "reply": "",
    "reply_date": "",
    "picture_urls": "",
    "ip_address": "",
    "location": "",
    "metaobject_handle": "shop-2519111-32869977-ca04481d-9e06-4985-ac0f-4f1bc25b66ec"
  },
  {
    "title": "",
    "body": "Great condition and growing well- beautiful blooms",
    "rating": 5,
    "review_date": "2023-08-26 18:49:19 UTC",
    "source": "shop-app",
    "curated": "ok",
    "product_id": "6957196378193",
    "product_handle": "david-austin-controlled-release-rose-food",
    "reply": "",
    "reply_date": "",
    "picture_urls": "",
    "ip_address": "",
    "location": "",
    "metaobject_handle": "shop-2519111-35459219-bbfce775-ad2c-469b-9701-6fb73eae7d53"
  },
  {
    "title": "",
    "body": "\ud83d\udc4d\ud83c\udffb",
    "rating": 5,
    "review_date": "2023-08-31 08:45:40 UTC",
    "source": "shop-app",
    "curated": "ok",
    "product_id": "6957196378193",
    "product_handle": "david-austin-controlled-release-rose-food",
    "reply": "",
    "reply_date": "",
    "picture_urls": "",
    "ip_address": "",
    "location": "",
    "metaobject_handle": "shop-2519111-35774824-7d90e332-b5f4-4cdb-a908-61b213fd02d7"
  },
  {
    "title": "",
    "body": "Great",
    "rating": 5,
    "review_date": "2023-09-01 11:36:28 UTC",
    "source": "shop-app",
    "curated": "ok",
    "product_id": "6957196378193",
    "product_handle": "david-austin-controlled-release-rose-food",
    "reply": "",
    "reply_date": "",
    "picture_urls": "",
    "ip_address": "",
    "location": "",
    "metaobject_handle": "shop-2519111-35853836-9afb8b92-e4c3-473d-ad88-886187e453df"
  },
  {
    "title": "",
    "body": "Great",
    "rating": 5,
    "review_date": "2023-09-01 11:39:04 UTC",
    "source": "shop-app",
    "curated": "ok",
    "product_id": "6957196378193",
    "product_handle": "david-austin-controlled-release-rose-food",
    "reply": "",
    "reply_date": "",
    "picture_urls": "",
    "ip_address": "",
    "location": "",
    "metaobject_handle": "shop-2519111-35853961-0ee37622-1914-41f8-a816-b1e24211e15a"
  },
  {
    "title": "",
    "body": "All my roses have been fed with this amazing product . Outstanding repeat flowering all year long . It\u2019s now mid October and I\u2019ve still got beautiful roses.",
    "rating": 5,
    "review_date": "2023-10-20 11:03:06 UTC",
    "source": "shop-app",
    "curated": "ok",
    "product_id": "6957196378193",
    "product_handle": "david-austin-controlled-release-rose-food",
    "reply": "",
    "reply_date": "",
    "picture_urls": "",
    "ip_address": "",
    "location": "",
    "metaobject_handle": "shop-2519111-40626995-8b03ee8e-8487-4f9a-bcbc-b78cf7a70b61"
  },
  {
    "title": "",
    "body": "Excellent product",
    "rating": 5,
    "review_date": "2023-10-21 22:57:23 UTC",
    "source": "shop-app",
    "curated": "ok",
    "product_id": "6957196378193",
    "product_handle": "david-austin-controlled-release-rose-food",
    "reply": "",
    "reply_date": "",
    "picture_urls": "",
    "ip_address": "",
    "location": "",
    "metaobject_handle": "shop-2519111-40806536-bbaabf5d-82a7-47e3-a403-c7f91746a0bc"
  },
  {
    "title": "",
    "body": "Great annual treatment.",
    "rating": 5,
    "review_date": "2023-11-03 13:24:28 UTC",
    "source": "shop-app",
    "curated": "ok",
    "product_id": "6957196378193",
    "product_handle": "david-austin-controlled-release-rose-food",
    "reply": "",
    "reply_date": "",
    "picture_urls": "",
    "ip_address": "",
    "location": "",
    "metaobject_handle": "shop-2519111-47250975-5dcffe19-21ba-497a-a329-4a447ba8fccd"
  },
  {
    "title": "",
    "body": "Bought for my new bare root rose and should mean it thrives.",
    "rating": 5,
    "review_date": "2023-11-08 15:57:56 UTC",
    "source": "shop-app",
    "curated": "ok",
    "product_id": "6957196378193",
    "product_handle": "david-austin-controlled-release-rose-food",
    "reply": "",
    "reply_date": "",
    "picture_urls": "",
    "ip_address": "",
    "location": "",
    "metaobject_handle": "shop-2519111-47947551-fc5ce71b-7d57-4eb5-be5e-5c91afcd3a09"
  },
  {
    "title": "",
    "body": "Good rose food. Essential if you want masses of blooms.",
    "rating": 5,
    "review_date": "2023-12-04 17:40:15 UTC",
    "source": "shop-app",
    "curated": "ok",
    "product_id": "6957196378193",
    "product_handle": "david-austin-controlled-release-rose-food",
    "reply": "",
    "reply_date": "",
    "picture_urls": "",
    "ip_address": "",
    "location": "",
    "metaobject_handle": "shop-2519111-57103192-954c02f0-cf21-4dbf-b8fd-35798adc362c"
  },
  {
    "title": "",
    "body": "All DA products and plants are excellent.",
    "rating": 5,
    "review_date": "2023-12-30 09:54:06 UTC",
    "source": "shop-app",
    "curated": "ok",
    "product_id": "6957196378193",
    "product_handle": "david-austin-controlled-release-rose-food",
    "reply": "",
    "reply_date": "",
    "picture_urls": "",
    "ip_address": "",
    "location": "",
    "metaobject_handle": "shop-2519111-106664356-420ed91d-f69f-40b2-a098-5715d8d58ada"
  },
  {
    "title": "",
    "body": "Haven\u2019t used it yet but sure it will be good",
    "rating": 4,
    "review_date": "2024-01-29 14:40:22 UTC",
    "source": "shop-app",
    "curated": "ok",
    "product_id": "6957196378193",
    "product_handle": "david-austin-controlled-release-rose-food",
    "reply": "",
    "reply_date": "",
    "picture_urls": "",
    "ip_address": "",
    "location": "",
    "metaobject_handle": "shop-2519111-116078294-3b4c77d3-ca41-44f1-b6f4-0aabad4affa7"
  },
  {
    "title": "",
    "body": "With in weeks of applying this rose food the plants are looking healthier and preparing to set buds.",
    "rating": 5,
    "review_date": "2024-04-19 10:35:47 UTC",
    "source": "shop-app",
    "curated": "ok",
    "product_id": "6957196378193",
    "product_handle": "david-austin-controlled-release-rose-food",
    "reply": "",
    "reply_date": "",
    "picture_urls": "",
    "ip_address": "",
    "location": "",
    "metaobject_handle": "shop-2519111-134409157-799c2fab-bb45-408d-9f76-ff736aacefb0"
  },
  {
    "title": "",
    "body": "Nicely packaged. Useful scoop included. Good quality feed.",
    "rating": 5,
    "review_date": "2024-04-21 12:24:42 UTC",
    "source": "shop-app",
    "curated": "ok",
    "product_id": "6957196378193",
    "product_handle": "david-austin-controlled-release-rose-food",
    "reply": "",
    "reply_date": "",
    "picture_urls": "",
    "ip_address": "",
    "location": "",
    "metaobject_handle": "shop-2519111-134732621-436e5625-33ac-4d3e-9c79-13ae6f234a42"
  },
  {
    "title": "",
    "body": "Used this last year and it really made a difference to my roses, best year so far.",
    "rating": 5,
    "review_date": "2024-04-26 09:32:08 UTC",
    "source": "shop-app",
    "curated": "ok",
    "product_id": "6957196378193",
    "product_handle": "david-austin-controlled-release-rose-food",
    "reply": "",
    "reply_date": "",
    "picture_urls": "",
    "ip_address": "",
    "location": "",
    "metaobject_handle": "shop-2519111-135565760-f2c84785-f266-482f-9794-66c1ac7d6446"
  },
  {
    "title": "",
    "body": "Great",
    "rating": 5,
    "review_date": "2024-05-13 17:59:01 UTC",
    "source": "shop-app",
    "curated": "ok",
    "product_id": "6957196378193",
    "product_handle": "david-austin-controlled-release-rose-food",
    "reply": "",
    "reply_date": "",
    "picture_urls": "",
    "ip_address": "",
    "location": "",
    "metaobject_handle": "shop-2519111-138301422-65d4727e-49d7-41b1-9d29-7772ee4d0697"
  },
  {
    "title": "",
    "body": "Brilliant product worth every penny",
    "rating": 5,
    "review_date": "2024-06-03 15:23:03 UTC",
    "source": "shop-app",
    "curated": "ok",
    "product_id": "6957196378193",
    "product_handle": "david-austin-controlled-release-rose-food",
    "reply": "",
    "reply_date": "",
    "picture_urls": "",
    "ip_address": "",
    "location": "",
    "metaobject_handle": "shop-2519111-141792932-99726baa-19ea-4ed0-9b46-376164436a16"
  },
  {
    "title": "",
    "body": "One application each year provides your rose with strong healthy growth + abundant flowering.",
    "rating": 5,
    "review_date": "2024-06-06 16:29:09 UTC",
    "source": "shop-app",
    "curated": "ok",
    "product_id": "6957196378193",
    "product_handle": "david-austin-controlled-release-rose-food",
    "reply": "",
    "reply_date": "",
    "picture_urls": "",
    "ip_address": "",
    "location": "",
    "metaobject_handle": "shop-2519111-142429424-f1af1694-cfc9-496f-be74-1be1f3dd7025"
  },
  {
    "title": "",
    "body": "Looks good and hopefully it will help my roses",
    "rating": 5,
    "review_date": "2024-07-16 12:19:55 UTC",
    "source": "shop-app",
    "curated": "ok",
    "product_id": "6957196378193",
    "product_handle": "david-austin-controlled-release-rose-food",
    "reply": "",
    "reply_date": "",
    "picture_urls": "",
    "ip_address": "",
    "location": "",
    "metaobject_handle": "shop-2519111-149692601-9df12dbb-91b1-40c1-9e37-ebd04aee441b"
  },
  {
    "title": "",
    "body": "So easy to use and only once a year. The perfect rose product.",
    "rating": 5,
    "review_date": "2025-03-27 20:23:49 UTC",
    "source": "shop-app",
    "curated": "ok",
    "product_id": "6957196378193",
    "product_handle": "david-austin-controlled-release-rose-food",
    "reply": "",
    "reply_date": "",
    "picture_urls": "",
    "ip_address": "",
    "location": "",
    "metaobject_handle": "shop-2519111-198607140-9b14a36a-40c7-4562-9b54-bc7190648dd4"
  },
  {
    "title": "",
    "body": "Saw that this is a new rose feed from David Austin and decided to use it as they use it on their roses and it is a slow release feed lasting 9 months. Quick and Easy to apply and as an artifical feed , animals not attracted to it. I look after over 100 roses of all kinds so really interested how it goes.",
    "rating": 5,
    "review_date": "2025-03-28 08:49:16 UTC",
    "source": "shop-app",
    "curated": "ok",
    "product_id": "6957196378193",
    "product_handle": "david-austin-controlled-release-rose-food",
    "reply": "",
    "reply_date": "",
    "picture_urls": "",
    "ip_address": "",
    "location": "",
    "metaobject_handle": "shop-2519111-198834599-b30e918c-3856-4f37-8fed-62430e29dca5"
  },
  {
    "title": "",
    "body": "It will take me a little longer to assess its effectiveness",
    "rating": 3,
    "review_date": "2025-04-02 12:47:29 UTC",
    "source": "shop-app",
    "curated": "ok",
    "product_id": "6957196378193",
    "product_handle": "david-austin-controlled-release-rose-food",
    "reply": "",
    "reply_date": "",
    "picture_urls": "",
    "ip_address": "",
    "location": "",
    "metaobject_handle": "shop-2519111-200989086-85d1c880-532b-4356-b6d0-7d71e07febf8"
  },
  {
    "title": "",
    "body": "Great. Have fed my new rose and an old one that has historically not grown well. I am pleased to sayy that it is budding now so I am so excited to see how it grows.\nAlso, as this food only needs to be given once a year, it is so easy to use and great quality depending on how many more roses I am tempted to bye from David Austin.",
    "rating": 5,
    "review_date": "2025-04-06 11:52:54 UTC",
    "source": "shop-app",
    "curated": "ok",
    "product_id": "6957196378193",
    "product_handle": "david-austin-controlled-release-rose-food",
    "reply": "",
    "reply_date": "",
    "picture_urls": "",
    "ip_address": "",
    "location": "",
    "metaobject_handle": "shop-2519111-202318992-0571fa27-fa40-4308-8d86-e51344e529c0"
  },
  {
    "title": "",
    "body": "Great product and i have slso followed the advice provivided on David Autin Roses website on pruning and caring for my roses i used the feed on my roses and their leaves are green and healthy and the shrub is growing well. Very happy!",
    "rating": 5,
    "review_date": "2025-04-10 11:34:03 UTC",
    "source": "shop-app",
    "curated": "ok",
    "product_id": "6957196378193",
    "product_handle": "david-austin-controlled-release-rose-food",
    "reply": "",
    "reply_date": "",
    "picture_urls": "",
    "ip_address": "",
    "location": "",
    "metaobject_handle": "shop-2519111-203311511-d601541d-f95b-4ed5-b104-81fc395ac60e"
  },
  {
    "title": "",
    "body": "The bag includes a useful measring scoop for correct dosage and the bag is resealable to keep the granules dry. Good value.",
    "rating": 5,
    "review_date": "2025-04-17 11:15:12 UTC",
    "source": "shop-app",
    "curated": "ok",
    "product_id": "6957196378193",
    "product_handle": "david-austin-controlled-release-rose-food",
    "reply": "",
    "reply_date": "",
    "picture_urls": "",
    "ip_address": "",
    "location": "",
    "metaobject_handle": "shop-2519111-204625293-3d19e59e-59c6-47bf-9383-557607905588"
  },
  {
    "title": "",
    "body": "Easy to use and my roses are looking great.",
    "rating": 5,
    "review_date": "2025-04-29 13:49:20 UTC",
    "source": "shop-app",
    "curated": "ok",
    "product_id": "6957196378193",
    "product_handle": "david-austin-controlled-release-rose-food",
    "reply": "",
    "reply_date": "",
    "picture_urls": "",
    "ip_address": "",
    "location": "",
    "metaobject_handle": "shop-2519111-206835103-a616c985-f894-40b5-ab28-7f4ae0425250"
  },
  {
    "title": "",
    "body": "Well packed product, thank you so much",
    "rating": 5,
    "review_date": "2025-05-22 09:33:17 UTC",
    "source": "shop-app",
    "curated": "ok",
    "product_id": "6957196378193",
    "product_handle": "david-austin-controlled-release-rose-food",
    "reply": "",
    "reply_date": "",
    "picture_urls": "",
    "ip_address": "",
    "location": "",
    "metaobject_handle": "shop-2519111-211503577-b45c92c3-3929-4031-af77-fca2f59cad73"
  },
  {
    "title": "Impressive",
    "body": "Put some on my old roses that have been good but not brilliant. After a few weeks, a very notable difference! Great stuff",
    "rating": 5,
    "review_date": "2025-05-28 18:06:38 UTC",
    "source": "web",
    "curated": "ok",
    "product_id": "6957196378193",
    "product_handle": "david-austin-controlled-release-rose-food",
    "reply": "",
    "reply_date": "",
    "picture_urls": "",
    "ip_address": "90.251.19.149",
    "location": "Normanton, England, United Kingdom",
    "metaobject_handle": "review-90eeca56-01a1-49b7-be12-fef1ec2b3d96"
  },
  {
    "title": "",
    "body": "Excellent did my roses a power of good",
    "rating": 5,
    "review_date": "2025-05-29 16:45:39 UTC",
    "source": "shop-app",
    "curated": "ok",
    "product_id": "6957196378193",
    "product_handle": "david-austin-controlled-release-rose-food",
    "reply": "",
    "reply_date": "",
    "picture_urls": "",
    "ip_address": "",
    "location": "",
    "metaobject_handle": "shop-2519111-213211604-49784a68-0d72-417d-a92f-f3ee4cb9da2a"
  },
  {
    "title": "Great Rose Feed.",
    "body": "I noticed a big difference in my many roses after using this feed.\nOnce a year feed is handy too.\nCannot fault David Austin purchases over many years.",
    "rating": 5,
    "review_date": "2025-06-30 15:22:53 UTC",
    "source": "web",
    "curated": "ok",
    "product_id": "6957196378193",
    "product_handle": "david-austin-controlled-release-rose-food",
    "reply": "",
    "reply_date": "",
    "picture_urls": "",
    "ip_address": "31.127.241.14",
    "location": "Sheffield, England, United Kingdom",
    "metaobject_handle": "review-b41afa9d-2171-4b5e-9f9b-63f24d10acd7"
  }
]