[
  {
    "title": "",
    "body": "Excellent service just like the roses x",
    "rating": 5,
    "review_date": "2023-04-17 09:04:25 UTC",
    "source": "shop-app",
    "curated": "ok",
    "product_id": "7050144350289",
    "product_handle": "david-austin-roses-e-gift-card",
    "reply": "",
    "reply_date": "",
    "picture_urls": "",
    "ip_address": "",
    "location": "",
    "metaobject_handle": "shop-2519111-12469019-3d19ff20-0121-43eb-be7c-4aa500753fd4"
  },
  {
    "title": "",
    "body": "Received quickly, as you'd expect for an e-card, thank you. It would be a great addition to be able to state which date you'd like it delivered during the ordering/checkout process, maybe something the website developers could add?",
    "rating": 5,
    "review_date": "2023-07-02 08:15:18 UTC",
    "source": "shop-app",
    "curated": "ok",
    "product_id": "7050144350289",
    "product_handle": "david-austin-roses-e-gift-card",
    "reply": "",
    "reply_date": "",
    "picture_urls": "",
    "ip_address": "",
    "location": "",
    "metaobject_handle": "shop-2519111-14619603-72dc76ab-0a32-4c18-ae58-1827ba794bdc"
  },
  {
    "title": "",
    "body": "My son in law was delighted with this gift!",
    "rating": 5,
    "review_date": "2023-07-04 10:05:45 UTC",
    "source": "shop-app",
    "curated": "ok",
    "product_id": "7050144350289",
    "product_handle": "david-austin-roses-e-gift-card",
    "reply": "",
    "reply_date": "",
    "picture_urls": "",
    "ip_address": "",
    "location": "",
    "metaobject_handle": "shop-2519111-14696115-9d3cd2b0-1eff-4335-ba92-9dafede59d0c"
  },
  {
    "title": "",
    "body": "Easy to purchase. Able to print as well as email the gift card.",
    "rating": 5,
    "review_date": "2023-12-04 11:55:32 UTC",
    "source": "shop-app",
    "curated": "ok",
    "product_id": "7050144350289",
    "product_handle": "david-austin-roses-e-gift-card",
    "reply": "",
    "reply_date": "",
    "picture_urls": "",
    "ip_address": "",
    "location": "",
    "metaobject_handle": "shop-2519111-56819487-51357ae8-21ad-41c6-9d0f-d61d2a38d6b5"
  },
  {
    "title": "",
    "body": "Bought as a present No complaints. David Austin is always has top quality",
    "rating": 5,
    "review_date": "2023-12-23 08:40:15 UTC",
    "source": "shop-app",
    "curated": "ok",
    "product_id": "7050144350289",
    "product_handle": "david-austin-roses-e-gift-card",
    "reply": "",
    "reply_date": "",
    "picture_urls": "",
    "ip_address": "",
    "location": "",
    "metaobject_handle": "shop-2519111-105068530-daec7edf-ab79-4038-8bb8-1eadb9acda09"
  },
  {
    "title": "",
    "body": "Easy to do",
    "rating": 5,
    "review_date": "2024-01-05 22:07:01 UTC",
    "source": "shop-app",
    "curated": "ok",
    "product_id": "7050144350289",
    "product_handle": "david-austin-roses-e-gift-card",
    "reply": "",
    "reply_date": "",
    "picture_urls": "",
    "ip_address": "",
    "location": "",
    "metaobject_handle": "shop-2519111-110110805-401a4626-39e9-475a-9e72-97a19ab84b3a"
  },
  {
    "title": "",
    "body": "So easy to purchase thank you",
    "rating": 5,
    "review_date": "2024-10-07 19:32:14 UTC",
    "source": "shop-app",
    "curated": "ok",
    "product_id": "7050144350289",
    "product_handle": "david-austin-roses-e-gift-card",
    "reply": "",
    "reply_date": "",
    "picture_urls": "",
    "ip_address": "",
    "location": "",
    "metaobject_handle": "shop-2519111-161559349-5ff75191-4820-4ccd-bac0-54bf5aa6e55a"
  }
]