[
  {
    "title": "",
    "body": "Superb photographs very well produced and good size",
    "rating": 5,
    "review_date": "2022-12-07 19:43:30 UTC",
    "source": "shop-app",
    "curated": "ok",
    "product_id": "7026414911569",
    "product_handle": "david-austin-2023-wall-calendar",
    "reply": "",
    "reply_date": "",
    "picture_urls": "",
    "ip_address": "",
    "location": "",
    "metaobject_handle": "shop-2519111-1917580-9172c889-fb1b-4279-8435-80b078b50371"
  },
  {
    "title": "",
    "body": "Just what we were looking for",
    "rating": 5,
    "review_date": "2023-01-09 22:16:03 UTC",
    "source": "shop-app",
    "curated": "ok",
    "product_id": "7026414911569",
    "product_handle": "david-austin-2023-wall-calendar",
    "reply": "",
    "reply_date": "",
    "picture_urls": "",
    "ip_address": "",
    "location": "",
    "metaobject_handle": "shop-2519111-2864681-dfd928dc-a8c0-41d2-9354-f9427973b5a5"
  },
  {
    "title": "",
    "body": "Very beautiful but difficult for me  to to manage so I\u2019m giving it to a younger, more able, friend",
    "rating": 5,
    "review_date": "2023-01-30 11:30:26 UTC",
    "source": "shop-app",
    "curated": "ok",
    "product_id": "7026414911569",
    "product_handle": "david-austin-2023-wall-calendar",
    "reply": "",
    "reply_date": "",
    "picture_urls": "",
    "ip_address": "",
    "location": "",
    "metaobject_handle": "shop-2519111-3468465-b4a7a8e5-3d54-4981-a5a5-59f144aab916"
  },
  {
    "title": "",
    "body": "Gorgeous flowers on photo calendar.",
    "rating": 5,
    "review_date": "2023-02-15 15:06:17 UTC",
    "source": "shop-app",
    "curated": "ok",
    "product_id": "7026414911569",
    "product_handle": "david-austin-2023-wall-calendar",
    "reply": "",
    "reply_date": "",
    "picture_urls": "",
    "ip_address": "",
    "location": "",
    "metaobject_handle": "shop-2519111-3946155-ba195d15-74a2-48f7-bd7f-333163935990"
  }
]