[
  {
    "title": "",
    "body": "Beautiful, thank you",
    "rating": 5,
    "review_date": "2023-10-14 18:48:08 UTC",
    "source": "shop-app",
    "curated": "ok",
    "product_id": "7109696553041",
    "product_handle": "david-austin-2024-wall-calendar",
    "reply": "",
    "reply_date": "",
    "picture_urls": "",
    "ip_address": "",
    "location": "",
    "metaobject_handle": "shop-2519111-39955211-d2874094-f36f-4cbc-9da0-0801845bfc32"
  },
  {
    "title": "",
    "body": "Great addition to any kitchen wall or in my case, greenhouse!\nPlenty of space to write appointments or other information on each day, good colorful pictures",
    "rating": 5,
    "review_date": "2023-12-11 16:39:39 UTC",
    "source": "shop-app",
    "curated": "ok",
    "product_id": "7109696553041",
    "product_handle": "david-austin-2024-wall-calendar",
    "reply": "",
    "reply_date": "",
    "picture_urls": "",
    "ip_address": "",
    "location": "",
    "metaobject_handle": "shop-2519111-65668055-6e5140bb-3912-4696-a0e1-8491cfadab66"
  }
]