[
  {
    "title": "",
    "body": "Lovely plant good strong roots, cannot wait for flowers",
    "rating": 5,
    "review_date": "2023-04-25 20:57:15 UTC",
    "source": "shop-app",
    "curated": "ok",
    "product_id": "4114065784913",
    "product_handle": "desdemona-shrub-rose-bare-root",
    "reply": "",
    "reply_date": "",
    "picture_urls": "",
    "ip_address": "",
    "location": "",
    "metaobject_handle": "shop-2519111-12726375-236bda67-51fc-4685-b17a-9f6aedafbadd"
  },
  {
    "title": "",
    "body": "Excellent - very pleased as always",
    "rating": 5,
    "review_date": "2023-05-15 09:51:31 UTC",
    "source": "shop-app",
    "curated": "ok",
    "product_id": "4114065784913",
    "product_handle": "desdemona-shrub-rose-bare-root",
    "reply": "",
    "reply_date": "",
    "picture_urls": "",
    "ip_address": "",
    "location": "",
    "metaobject_handle": "shop-2519111-13296170-eec7e2c4-4f7f-438d-a945-c028399322e5"
  },
  {
    "title": "",
    "body": "Beautiful as always",
    "rating": 5,
    "review_date": "2023-05-15 09:52:15 UTC",
    "source": "shop-app",
    "curated": "ok",
    "product_id": "4114065784913",
    "product_handle": "desdemona-shrub-rose-bare-root",
    "reply": "",
    "reply_date": "",
    "picture_urls": "",
    "ip_address": "",
    "location": "",
    "metaobject_handle": "shop-2519111-13296175-f8d75e42-f284-4a0d-a634-9c3d97fd2270"
  },
  {
    "title": "",
    "body": "Top quality plants, well packaged and promptly dispatched",
    "rating": 5,
    "review_date": "2023-06-07 09:57:53 UTC",
    "source": "shop-app",
    "curated": "ok",
    "product_id": "4114065784913",
    "product_handle": "desdemona-shrub-rose-bare-root",
    "reply": "",
    "reply_date": "",
    "picture_urls": "",
    "ip_address": "",
    "location": "",
    "metaobject_handle": "shop-2519111-13915199-6cade602-4116-492f-98dd-877a2e784346"
  },
  {
    "title": "",
    "body": "Compact, has some sharp thorns which I did not expect from description.",
    "rating": 5,
    "review_date": "2023-12-04 16:34:19 UTC",
    "source": "shop-app",
    "curated": "ok",
    "product_id": "4114065784913",
    "product_handle": "desdemona-shrub-rose-bare-root",
    "reply": "",
    "reply_date": "",
    "picture_urls": "",
    "ip_address": "",
    "location": "",
    "metaobject_handle": "shop-2519111-57066916-108e8c89-6322-4faf-9c9d-89fc5af9d47a"
  },
  {
    "title": "",
    "body": "Beautiful and taken really well",
    "rating": 5,
    "review_date": "2024-03-26 14:16:32 UTC",
    "source": "shop-app",
    "curated": "ok",
    "product_id": "4114065784913",
    "product_handle": "desdemona-shrub-rose-bare-root",
    "reply": "",
    "reply_date": "",
    "picture_urls": "",
    "ip_address": "",
    "location": "",
    "metaobject_handle": "shop-2519111-129782795-729613db-2ccd-4784-b316-89a55db66708"
  },
  {
    "title": "",
    "body": "Arrived healthy as always, can\u2019t wait for it to start to bud!",
    "rating": 5,
    "review_date": "2024-04-05 09:37:26 UTC",
    "source": "shop-app",
    "curated": "ok",
    "product_id": "4114065784913",
    "product_handle": "desdemona-shrub-rose-bare-root",
    "reply": "",
    "reply_date": "",
    "picture_urls": "",
    "ip_address": "",
    "location": "",
    "metaobject_handle": "shop-2519111-132079996-cdc7bd9c-bf6c-497f-8a64-e7d038cdae58"
  },
  {
    "title": "",
    "body": "Beautiful rose just coming into flower now",
    "rating": 5,
    "review_date": "2024-05-16 11:01:06 UTC",
    "source": "shop-app",
    "curated": "ok",
    "product_id": "4114065784913",
    "product_handle": "desdemona-shrub-rose-bare-root",
    "reply": "",
    "reply_date": "",
    "picture_urls": "",
    "ip_address": "",
    "location": "",
    "metaobject_handle": "shop-2519111-138835983-7090f560-c9d7-4ad3-9f91-039c4220dc81"
  },
  {
    "title": "",
    "body": "Beautiful roses",
    "rating": 5,
    "review_date": "2023-06-27 09:42:37 UTC",
    "source": "shop-app",
    "curated": "ok",
    "product_id": "4114099568721",
    "product_handle": "desdemona-shrub-rose-potted",
    "reply": "",
    "reply_date": "",
    "picture_urls": "",
    "ip_address": "",
    "location": "",
    "metaobject_handle": "shop-2519111-14474542-0b009074-4186-41ff-babd-2cf94c13215c"
  },
  {
    "title": "",
    "body": "Love love it!! Delivery perfect and plant it straight away. Now it\u2019s blooming beautifully. So happy with David Austin Rose purchased.",
    "rating": 5,
    "review_date": "2023-07-17 09:34:16 UTC",
    "source": "shop-app",
    "curated": "ok",
    "product_id": "4114099568721",
    "product_handle": "desdemona-shrub-rose-potted",
    "reply": "",
    "reply_date": "",
    "picture_urls": "",
    "ip_address": "",
    "location": "",
    "metaobject_handle": "shop-2519111-33057422-7a90ffbf-166a-4d01-91a4-14ad7211f386"
  },
  {
    "title": "",
    "body": "Lovely shrub rose and fragrance",
    "rating": 5,
    "review_date": "2023-07-17 16:08:17 UTC",
    "source": "shop-app",
    "curated": "ok",
    "product_id": "4114099568721",
    "product_handle": "desdemona-shrub-rose-potted",
    "reply": "",
    "reply_date": "",
    "picture_urls": "",
    "ip_address": "",
    "location": "",
    "metaobject_handle": "shop-2519111-33082505-49e23607-6e36-49bb-aa10-39d71866fe3f"
  },
  {
    "title": "",
    "body": "Lovely scented rose",
    "rating": 5,
    "review_date": "2023-07-26 11:44:06 UTC",
    "source": "shop-app",
    "curated": "ok",
    "product_id": "4114099568721",
    "product_handle": "desdemona-shrub-rose-potted",
    "reply": "",
    "reply_date": "",
    "picture_urls": "",
    "ip_address": "",
    "location": "",
    "metaobject_handle": "shop-2519111-33639914-8e671727-9697-4fda-a932-29b91b367948"
  },
  {
    "title": "",
    "body": "\ud83d\udc4d",
    "rating": 5,
    "review_date": "2023-08-25 08:56:55 UTC",
    "source": "shop-app",
    "curated": "ok",
    "product_id": "4114099568721",
    "product_handle": "desdemona-shrub-rose-potted",
    "reply": "",
    "reply_date": "",
    "picture_urls": "",
    "ip_address": "",
    "location": "",
    "metaobject_handle": "shop-2519111-35374433-55fe21ba-1374-4a3d-a6cc-14465589601a"
  },
  {
    "title": "",
    "body": "My friend was thrilled for her birthday",
    "rating": 5,
    "review_date": "2023-08-31 14:54:56 UTC",
    "source": "shop-app",
    "curated": "ok",
    "product_id": "4114099568721",
    "product_handle": "desdemona-shrub-rose-potted",
    "reply": "",
    "reply_date": "",
    "picture_urls": "",
    "ip_address": "",
    "location": "",
    "metaobject_handle": "shop-2519111-35791658-92353ead-476c-40dc-8340-8861769c81e1"
  },
  {
    "title": "",
    "body": "Beautiful rose. Growing so well.",
    "rating": 5,
    "review_date": "2023-09-05 08:31:51 UTC",
    "source": "shop-app",
    "curated": "ok",
    "product_id": "4114099568721",
    "product_handle": "desdemona-shrub-rose-potted",
    "reply": "",
    "reply_date": "",
    "picture_urls": "",
    "ip_address": "",
    "location": "",
    "metaobject_handle": "shop-2519111-36081622-cce05d5a-4eea-4f5f-be0f-5aa4ecbaddae"
  },
  {
    "title": "",
    "body": "Beautiful heads , but not quite so scented as I believed was intimated.\nLovely looking",
    "rating": 4,
    "review_date": "2023-09-08 12:48:57 UTC",
    "source": "shop-app",
    "curated": "ok",
    "product_id": "4114099568721",
    "product_handle": "desdemona-shrub-rose-potted",
    "reply": "",
    "reply_date": "",
    "picture_urls": "",
    "ip_address": "",
    "location": "",
    "metaobject_handle": "shop-2519111-36311019-4e2163c9-d66c-4230-9c10-5bde616eb194"
  },
  {
    "title": "",
    "body": "WoW fragrance",
    "rating": 5,
    "review_date": "2023-09-14 14:21:57 UTC",
    "source": "shop-app",
    "curated": "ok",
    "product_id": "4114099568721",
    "product_handle": "desdemona-shrub-rose-potted",
    "reply": "",
    "reply_date": "",
    "picture_urls": "",
    "ip_address": "",
    "location": "",
    "metaobject_handle": "shop-2519111-36748672-4c20688a-f45f-47da-a689-31829692934a"
  },
  {
    "title": "",
    "body": "Beautiful",
    "rating": 5,
    "review_date": "2023-10-22 13:25:50 UTC",
    "source": "shop-app",
    "curated": "ok",
    "product_id": "4114099568721",
    "product_handle": "desdemona-shrub-rose-potted",
    "reply": "",
    "reply_date": "",
    "picture_urls": "",
    "ip_address": "",
    "location": "",
    "metaobject_handle": "shop-2519111-40858306-cd9e3f37-7bca-46f3-bcbb-937bc7ad3831"
  },
  {
    "title": "",
    "body": "Rose arrived in great condition and was delivered as promised. Thank you Austin Roses.",
    "rating": 5,
    "review_date": "2024-03-15 23:54:03 UTC",
    "source": "shop-app",
    "curated": "ok",
    "product_id": "4114099568721",
    "product_handle": "desdemona-shrub-rose-potted",
    "reply": "",
    "reply_date": "",
    "picture_urls": "",
    "ip_address": "",
    "location": "",
    "metaobject_handle": "shop-2519111-128111431-ae9b17a2-4de7-437a-a5bd-9076aa4f566b"
  },
  {
    "title": "",
    "body": "Beautiful scented rose - my mum was delighted! Xx",
    "rating": 5,
    "review_date": "2024-04-07 13:29:50 UTC",
    "source": "shop-app",
    "curated": "ok",
    "product_id": "4114099568721",
    "product_handle": "desdemona-shrub-rose-potted",
    "reply": "",
    "reply_date": "",
    "picture_urls": "",
    "ip_address": "",
    "location": "",
    "metaobject_handle": "shop-2519111-132377645-5d03ce16-43d5-48a4-a33e-37257a993806"
  },
  {
    "title": "",
    "body": "My favorite",
    "rating": 5,
    "review_date": "2024-07-30 11:38:37 UTC",
    "source": "shop-app",
    "curated": "ok",
    "product_id": "4114099568721",
    "product_handle": "desdemona-shrub-rose-potted",
    "reply": "",
    "reply_date": "",
    "picture_urls": "",
    "ip_address": "",
    "location": "",
    "metaobject_handle": "shop-2519111-151839630-3554f1ee-9241-4123-be14-ef4690a9caa1"
  }
]