[
  {
    "title": "",
    "body": "Beautiful",
    "rating": 5,
    "review_date": "2024-04-17 15:45:33 UTC",
    "source": "shop-app",
    "curated": "ok",
    "product_id": "6700779602001",
    "product_handle": "desdemona-standard-rose-potted",
    "reply": "",
    "reply_date": "",
    "picture_urls": "",
    "ip_address": "",
    "location": "",
    "metaobject_handle": "shop-2519111-134028111-bfb34642-9d99-4b9a-bdb7-05c19b9a1db3"
  },
  {
    "title": "",
    "body": "Beautiful rose, arrived in good condition and with lots of buds",
    "rating": 5,
    "review_date": "2025-06-08 22:11:54 UTC",
    "source": "shop-app",
    "curated": "ok",
    "product_id": "4113981243473",
    "product_handle": "desdemona-standard-rose",
    "reply": "",
    "reply_date": "",
    "picture_urls": "",
    "ip_address": "",
    "location": "",
    "metaobject_handle": "shop-2519111-215389455-afdd8b15-782f-47ae-b321-a55a514f541c"
  },
  {
    "title": "Desdemona standard tree rose",
    "body": "Received delivery this week and was really impressed with the packaging and delivery time to west coast of Scotland. Although the box was damaged at the bottom and was dragged from the van, the rose itself was perfectly intact thank goodness. The rose itself was a fantastic specimen. In full bloom and very healthy looking. Managed to plant the same day and is continuing to look well and branches settling into place after packing. The smell is amazing and planted in a place where I can smell her every day. Overall very impressed, thank you David Austin team. 5 star",
    "rating": 5,
    "review_date": "2025-06-09 12:59:38 UTC",
    "source": "web",
    "curated": "ok",
    "product_id": "4113981243473",
    "product_handle": "desdemona-standard-rose",
    "reply": "",
    "reply_date": "",
    "picture_urls": "https://s3.amazonaws.com/me.judge.review-images/david-austin-roses-uk/1749473979__1000034853__original.jpg",
    "ip_address": "86.163.249.115",
    "location": "Isle of Arran, Scotland, United Kingdom",
    "metaobject_handle": "review-0df22d06-e572-47fb-be01-9bb1d8dced91"
  },
  {
    "title": "",
    "body": "Looks amazing",
    "rating": 5,
    "review_date": "2025-07-02 09:27:12 UTC",
    "source": "shop-app",
    "curated": "ok",
    "product_id": "4113981243473",
    "product_handle": "desdemona-standard-rose",
    "reply": "",
    "reply_date": "",
    "picture_urls": "",
    "ip_address": "",
    "location": "",
    "metaobject_handle": "shop-2519111-220564334-c5cb2398-2e69-4c60-a4f4-03abba295f41"
  }
]