[
  {
    "title": "The Very Best",
    "body": "I already have an Eglantyne rose in my front garden and am just buying another for the back.\nIt is a beautiful shade of pale pink and has the sharpest, strongest fragrance I have ever found in any flower - rose or otherwise. \nIt's gorgeous!",
    "rating": 5,
    "review_date": "2025-06-14 17:20:50 UTC",
    "source": "web",
    "curated": "ok",
    "product_id": "4113838964817",
    "product_handle": "eglantyne",
    "reply": "",
    "reply_date": "",
    "picture_urls": "",
    "ip_address": "81.97.47.89",
    "location": "Ashford, England, United Kingdom",
    "metaobject_handle": "review-7da35734-4a3f-4c18-abda-ca2bc7270262"
  },
  {
    "title": "An Absolute Stunner of a Rose",
    "body": "I adore this gorgeous rose. Gorgeous blooms held aloft of glossy green foliage, the most beautiful pink and so reliable.  I think this will be one of my all time favourites.",
    "rating": 5,
    "review_date": "2025-07-03 19:12:27 UTC",
    "source": "web",
    "curated": "ok",
    "product_id": "4113838964817",
    "product_handle": "eglantyne",
    "reply": "",
    "reply_date": "",
    "picture_urls": "https://s3.amazonaws.com/me.judge.review-images/david-austin-roses-uk/1751569947__img_7216__original.jpeg, https://s3.amazonaws.com/me.judge.review-images/david-austin-roses-uk/1751569951__img_7217__original.jpeg",
    "ip_address": "146.200.144.230",
    "location": "Birmingham, England, United Kingdom",
    "metaobject_handle": "review-caa566de-2edc-4409-807c-1e782e995a4e"
  }
]