[
  {
    "title": "",
    "body": "My son purchased the rose for my birthday. I absolutely loved it. The colour is so delicate and pretty and the frag is divine. I purchased one for my friends 70th birthday because I knew she would be delighted with it.",
    "rating": 5,
    "review_date": "2025-02-20 00:00:00 UTC",
    "source": "judge-me",
    "curated": "ok",
    "product_id": "6809810534481",
    "product_handle": "elizabeth",
    "reply": "",
    "reply_date": "",
    "picture_urls": "",
    "ip_address": "",
    "location": "",
    "metaobject_handle": "review-91420fe3-df4b-445a-8ba7-8eae981f52e9"
  },
  {
    "title": "Exquisite",
    "body": "A wonderful delicate pink with a superb scent",
    "rating": 5,
    "review_date": "2025-02-19 00:00:00 UTC",
    "source": "judge-me",
    "curated": "ok",
    "product_id": "6809810534481",
    "product_handle": "elizabeth",
    "reply": "",
    "reply_date": "",
    "picture_urls": "",
    "ip_address": "",
    "location": "",
    "metaobject_handle": "review-2769d674-2b70-4ae8-b942-982d4a9e740a"
  },
  {
    "title": "",
    "body": "As with all your roses, \u201a\u00c4\u00f2Elizabeth\u201a\u00c4\u00f4 arrived looking very healthy and has continued to grow and look beautiful. Thank you!",
    "rating": 5,
    "review_date": "2025-02-19 00:00:00 UTC",
    "source": "judge-me",
    "curated": "ok",
    "product_id": "6809810534481",
    "product_handle": "elizabeth",
    "reply": "",
    "reply_date": "",
    "picture_urls": "",
    "ip_address": "",
    "location": "",
    "metaobject_handle": "review-2aea5f6f-c3e1-4fde-98ad-b5b8a6b64236"
  },
  {
    "title": "Majestic rose and non stop performer",
    "body": "The Elizabeth rose from David Austin is not only a tribute to royalty but also a testament to the excellence in rose breeding. Its beautiful blooms, delightful fragrance, and robust health make it an excellent choice for gardeners looking for both aesthetic and practical qualities in a rose. Whether you're a seasoned rosarian or a novice gardener, Elizabeth is a rose that will impress with its performance and beauty, making it a fitting homage to its namesake.\n \n Rating:\n \n Flower Beauty: 5/5\n Fragrance: 5/5\n Health and Vigor: 5/5\n Ease of Care: 4/5\n Overall: 4.8/5\n If you're contemplating adding an English shrub rose to your garden, Elizabeth by David Austin should definitely be on your list. Its combination of elegance, fragrance, and hardiness makes it a standout choice.",
    "rating": 5,
    "review_date": "2025-02-19 00:00:00 UTC",
    "source": "judge-me",
    "curated": "ok",
    "product_id": "6809810534481",
    "product_handle": "elizabeth",
    "reply": "",
    "reply_date": "",
    "picture_urls": "",
    "ip_address": "",
    "location": "",
    "metaobject_handle": "review-aeb937df-fa57-4ee8-a739-a0631718c455"
  },
  {
    "title": "I need more roses",
    "body": "I have 23 David Austin roses and much more room for more. A new rose arch has been erected on the side of the house. Which colour shall I choose to go with my 3 Elizabeth Roses that are beautiful ?",
    "rating": 5,
    "review_date": "2025-02-19 00:00:00 UTC",
    "source": "judge-me",
    "curated": "ok",
    "product_id": "6809810534481",
    "product_handle": "elizabeth",
    "reply": "",
    "reply_date": "",
    "picture_urls": "",
    "ip_address": "",
    "location": "",
    "metaobject_handle": "review-b29a45ce-2384-432c-bc03-134debff5642"
  },
  {
    "title": "Beautiful Elizabeth",
    "body": "Purchased in memory of our dear Queen. I purchased as a bare rooted rose, as always delighted with the package and quality of the rose. This is possibly one of my favourite for the strong scent, and has the most beautiful frilly pale pink flowers going to apricot, a perfect addition to anyone's garden..",
    "rating": 5,
    "review_date": "2025-02-11 00:00:00 UTC",
    "source": "judge-me",
    "curated": "ok",
    "product_id": "6809810534481",
    "product_handle": "elizabeth",
    "reply": "",
    "reply_date": "",
    "picture_urls": "",
    "ip_address": "",
    "location": "",
    "metaobject_handle": "review-38e58fea-7bc0-425a-b6ee-5000aebfd56e"
  },
  {
    "title": "Elizabeth\u201a\u00c4\u00f4s charm",
    "body": "I bought Elizabeth as a Mother\u201a\u00c4\u00f4s Day present for my mother whose Christian names were Elizabeth Rosemary. She was thrilled with her new rose and loved her generous heady blooms. I have inherited Elizabeth and planted her out in my west Somerset garden. So a particularly special rose for us.",
    "rating": 5,
    "review_date": "2025-02-07 00:00:00 UTC",
    "source": "judge-me",
    "curated": "ok",
    "product_id": "6809810534481",
    "product_handle": "elizabeth",
    "reply": "",
    "reply_date": "",
    "picture_urls": "https://s3-us-west-1.amazonaws.com/user-files-1/servar/198908/61258443-c671-4e63-8a8c-4e58c449c5c7/da12cbe9-b97e-4d5a-a33e-5ffc113a5716/2025-02-07T08%253A38%253A18.768231%252B00%253A00/IMG_0835.jpeg, https://s3-us-west-1.amazonaws.com/user-files-1/servar/198908/61258443-c671-4e63-8a8c-4e58c449c5c7/da12cbe9-b97e-4d5a-a33e-5ffc113a5716/2025-02-07T08%253A38%253A18.768109%252B00%253A00/IMG_1098.jpeg",
    "ip_address": "",
    "location": "",
    "metaobject_handle": "review-8d4c1c7b-227c-444f-a3f5-84264a040c91"
  },
  {
    "title": "Very pleased",
    "body": "Small, compact with glossy green leaves. Small & compact - plenty of flowers with a gorgeous sweet rose fragrance",
    "rating": 5,
    "review_date": "2025-02-05 00:00:00 UTC",
    "source": "judge-me",
    "curated": "ok",
    "product_id": "6809810534481",
    "product_handle": "elizabeth",
    "reply": "",
    "reply_date": "",
    "picture_urls": "https://s3-us-west-1.amazonaws.com/user-files-1/servar/198908/fbf0d376-a917-422f-ad83-1fb62de99ad9/da12cbe9-b97e-4d5a-a33e-5ffc113a5716/2025-02-05T19%253A51%253A18.706339%252B00%253A00/IMG_5172.jpeg",
    "ip_address": "",
    "location": "",
    "metaobject_handle": "review-ef1d1a88-1fa4-4a12-a884-0443a05b17af"
  },
  {
    "title": "",
    "body": "A lovely perfumed rose and the delicate colour is beautiful. A perfect rose for the person it represents.",
    "rating": 4,
    "review_date": "2025-02-05 00:00:00 UTC",
    "source": "judge-me",
    "curated": "ok",
    "product_id": "6809810534481",
    "product_handle": "elizabeth",
    "reply": "",
    "reply_date": "",
    "picture_urls": "",
    "ip_address": "",
    "location": "",
    "metaobject_handle": "review-54499229-976d-4c10-b672-8a8b14b3dab2"
  },
  {
    "title": "",
    "body": "Took a while to settle in chalky garden but has become vigourous grower , charming flower with delightful scent",
    "rating": 5,
    "review_date": "2025-02-05 00:00:00 UTC",
    "source": "judge-me",
    "curated": "ok",
    "product_id": "6809810534481",
    "product_handle": "elizabeth",
    "reply": "",
    "reply_date": "",
    "picture_urls": "",
    "ip_address": "",
    "location": "",
    "metaobject_handle": "review-2fe22041-ad2d-42eb-ab96-541ca48429e7"
  },
  {
    "title": "Stunning",
    "body": "Elizabeth has been kept in a large barrel planter in our garden, one of the first to flower, and absolutely covered in medium sized, pale pink flowers for about 6 weeks, then she has a well deserved rest until mid August, when she blooms again, until the end of September. Medium fragrance, quite a vigorous, bushy shrub. Our next door neighbours loved her so much that they bought one to celebrate an anniversary!",
    "rating": 5,
    "review_date": "2025-02-05 00:00:00 UTC",
    "source": "judge-me",
    "curated": "ok",
    "product_id": "6809810534481",
    "product_handle": "elizabeth",
    "reply": "",
    "reply_date": "",
    "picture_urls": "",
    "ip_address": "",
    "location": "",
    "metaobject_handle": "review-918c7d67-bd63-4d80-8da4-7ced43285fda"
  },
  {
    "title": "",
    "body": "Very Poor, almost dead.",
    "rating": 1,
    "review_date": "2025-02-05 00:00:00 UTC",
    "source": "judge-me",
    "curated": "ok",
    "product_id": "6809810534481",
    "product_handle": "elizabeth",
    "reply": "",
    "reply_date": "",
    "picture_urls": "",
    "ip_address": "",
    "location": "",
    "metaobject_handle": "review-7f02de1d-a16c-4256-b136-20b5f0af7fa1"
  },
  {
    "title": "Lovely light fragrance",
    "body": "\u201a\u00c4\u00f2Elizabeth\u201a\u00c4\u00f4 is a beautiful pink rose that has a lovely light fragrance. Each bud I had last year and there were a great many lasted up to two weeks. Wonderful leaves to accompany it and very easy to look after.",
    "rating": 5,
    "review_date": "2025-02-05 00:00:00 UTC",
    "source": "judge-me",
    "curated": "ok",
    "product_id": "6809810534481",
    "product_handle": "elizabeth",
    "reply": "",
    "reply_date": "",
    "picture_urls": "",
    "ip_address": "",
    "location": "",
    "metaobject_handle": "review-93df4869-2211-4658-90d3-0040a60a91fa"
  },
  {
    "title": "Elizabeth rose",
    "body": "Gorgeous rose",
    "rating": 5,
    "review_date": "2025-02-05 00:00:00 UTC",
    "source": "judge-me",
    "curated": "ok",
    "product_id": "6809810534481",
    "product_handle": "elizabeth",
    "reply": "",
    "reply_date": "",
    "picture_urls": "",
    "ip_address": "",
    "location": "",
    "metaobject_handle": "review-f34227e1-17fb-4eee-bf80-2743e1c18182"
  },
  {
    "title": "",
    "body": "Beautiful, gift for a much loved friend who was over the moon",
    "rating": 5,
    "review_date": "2025-06-12 11:14:38 UTC",
    "source": "shop-app",
    "curated": "ok",
    "product_id": "6809810534481",
    "product_handle": "elizabeth",
    "reply": "",
    "reply_date": "",
    "picture_urls": "",
    "ip_address": "",
    "location": "",
    "metaobject_handle": "shop-2519111-216262022-9bd6f8af-333b-4de1-91d7-78562735e882"
  },
  {
    "title": "An English Summer in a pot",
    "body": "Planted as a bare root rose in January, unfortunately the stem had rot, after several communications and providing photos DA I received a replacement (end of March). This rose grows well, with beautiful flowers and an amazing scent.\nI'm now looking for another DA bare root rose to plant this winter",
    "rating": 5,
    "review_date": "2025-06-14 10:06:35 UTC",
    "source": "web",
    "curated": "ok",
    "product_id": "6809810534481",
    "product_handle": "elizabeth",
    "reply": "",
    "reply_date": "",
    "picture_urls": "https://s3.amazonaws.com/me.judge.review-images/david-austin-roses-uk/1749895595__1000020438__original.jpg",
    "ip_address": "2.121.21.227",
    "location": "Reading, England, United Kingdom",
    "metaobject_handle": "review-0e91eced-c11c-49c7-818e-7e1b86f7338b"
  },
  {
    "title": "",
    "body": "Very pleased and smells lovely",
    "rating": 5,
    "review_date": "2025-07-01 19:20:23 UTC",
    "source": "shop-app",
    "curated": "ok",
    "product_id": "6809810534481",
    "product_handle": "elizabeth",
    "reply": "",
    "reply_date": "",
    "picture_urls": "",
    "ip_address": "",
    "location": "",
    "metaobject_handle": "shop-2519111-220438621-58aed12b-3ea3-4684-8ce5-b3453959405b"
  },
  {
    "title": "",
    "body": "Beautiful robust plant",
    "rating": 5,
    "review_date": "2023-06-12 19:37:02 UTC",
    "source": "shop-app",
    "curated": "ok",
    "product_id": "6809810600017",
    "product_handle": "elizabeth-potted",
    "reply": "",
    "reply_date": "",
    "picture_urls": "",
    "ip_address": "",
    "location": "",
    "metaobject_handle": "shop-2519111-14063354-43aae79c-e363-4bb8-a4fb-c570231f382a"
  },
  {
    "title": "",
    "body": "Beautiful rose It\u2019s so strong and stunning smell",
    "rating": 5,
    "review_date": "2024-01-16 12:17:22 UTC",
    "source": "shop-app",
    "curated": "ok",
    "product_id": "6809810600017",
    "product_handle": "elizabeth-potted",
    "reply": "",
    "reply_date": "",
    "picture_urls": "",
    "ip_address": "",
    "location": "",
    "metaobject_handle": "shop-2519111-112531132-85d3a17a-683d-4fbf-949f-6835e32f3061"
  },
  {
    "title": "",
    "body": "Beautiful rose. It's now planted in the border and looks nice and healthy.",
    "rating": 5,
    "review_date": "2024-06-24 15:29:59 UTC",
    "source": "shop-app",
    "curated": "ok",
    "product_id": "6809810600017",
    "product_handle": "elizabeth-potted",
    "reply": "",
    "reply_date": "",
    "picture_urls": "",
    "ip_address": "",
    "location": "",
    "metaobject_handle": "shop-2519111-146032822-904b5138-7899-4c37-b1bd-d028c76f48d2"
  },
  {
    "title": "",
    "body": "Superb rise and customer service",
    "rating": 5,
    "review_date": "2024-07-30 12:00:33 UTC",
    "source": "shop-app",
    "curated": "ok",
    "product_id": "6809810600017",
    "product_handle": "elizabeth-potted",
    "reply": "",
    "reply_date": "",
    "picture_urls": "",
    "ip_address": "",
    "location": "",
    "metaobject_handle": "shop-2519111-151842014-4aa8c1cc-a854-4d1d-a430-b0a1c0ff6d3c"
  },
  {
    "title": "",
    "body": "Lovely rose good quality rose supplied",
    "rating": 5,
    "review_date": "2023-10-31 13:16:40 UTC",
    "source": "shop-app",
    "curated": "ok",
    "product_id": "6809810403409",
    "product_handle": "elizabeth-bare-root",
    "reply": "",
    "reply_date": "",
    "picture_urls": "",
    "ip_address": "",
    "location": "",
    "metaobject_handle": "shop-2519111-42934624-b773b3fc-1836-4f79-a9ed-8a0fe9dd608d"
  }
]