[
  {
    "title": "",
    "body": "A beautiful plant. Extremely well packaged and in a good deep pot. Repotted and only 2 weeks later already flowering. Excellent rose.",
    "rating": 5,
    "review_date": "2023-06-08 20:05:42 UTC",
    "source": "shop-app",
    "curated": "ok",
    "product_id": "4114099830865",
    "product_handle": "emily-bronte-english-shrub-rose-potted",
    "reply": "",
    "reply_date": "",
    "picture_urls": "",
    "ip_address": "",
    "location": "",
    "metaobject_handle": "shop-2519111-13958999-91c1875e-69b5-498e-b0a4-4740ef59937a"
  },
  {
    "title": "",
    "body": "Planted it this very day & it is beautiful. Blooming already. Loads of buds & already a delicious nostalgic fragrance when it\u2019s just opening. Marvellous!",
    "rating": 5,
    "review_date": "2023-06-13 20:16:14 UTC",
    "source": "shop-app",
    "curated": "ok",
    "product_id": "4114099830865",
    "product_handle": "emily-bronte-english-shrub-rose-potted",
    "reply": "",
    "reply_date": "",
    "picture_urls": "",
    "ip_address": "",
    "location": "",
    "metaobject_handle": "shop-2519111-14102346-209348ab-7260-4425-b797-5cdea0b0a9f5"
  },
  {
    "title": "",
    "body": "A beautiful specimen",
    "rating": 5,
    "review_date": "2023-07-03 10:35:03 UTC",
    "source": "shop-app",
    "curated": "ok",
    "product_id": "4114099830865",
    "product_handle": "emily-bronte-english-shrub-rose-potted",
    "reply": "",
    "reply_date": "",
    "picture_urls": "",
    "ip_address": "",
    "location": "",
    "metaobject_handle": "shop-2519111-14638624-faf9309a-6561-4c64-8e29-c47def71ff8e"
  },
  {
    "title": "",
    "body": "Arrived on time & the recipient was delighted.",
    "rating": 5,
    "review_date": "2023-07-18 09:57:12 UTC",
    "source": "shop-app",
    "curated": "ok",
    "product_id": "4114099830865",
    "product_handle": "emily-bronte-english-shrub-rose-potted",
    "reply": "",
    "reply_date": "",
    "picture_urls": "",
    "ip_address": "",
    "location": "",
    "metaobject_handle": "shop-2519111-33156106-3d470da5-dd0b-4576-b4e8-069c848bddf3"
  },
  {
    "title": "",
    "body": "Quick and quality was amazing",
    "rating": 5,
    "review_date": "2024-07-16 19:17:08 UTC",
    "source": "shop-app",
    "curated": "ok",
    "product_id": "4114099830865",
    "product_handle": "emily-bronte-english-shrub-rose-potted",
    "reply": "",
    "reply_date": "",
    "picture_urls": "",
    "ip_address": "",
    "location": "",
    "metaobject_handle": "shop-2519111-149756149-662d2c31-27a0-4562-9548-b4729f8cd3c5"
  }
]