[
  {
    "title": "",
    "body": "This is such a beautiful rose! Bushy with healthy dark leaves, the petals are stunning to look at, colours of pale pink and peach with a dusting of white. The fragrance is a strong fruity/tea scent. These are stunning roses to have and I look forward to sitting in my garden this summer surrounded by their heavenly scents.",
    "rating": 5,
    "review_date": "2025-02-14 00:00:00 UTC",
    "source": "judge-me",
    "curated": "ok",
    "product_id": "4113839554641",
    "product_handle": "emily-bronte",
    "reply": "",
    "reply_date": "",
    "picture_urls": "",
    "ip_address": "",
    "location": "",
    "metaobject_handle": "review-f0845c57-0f37-4329-9dfa-f945b83cc23d"
  },
  {
    "title": "Emily Bronte",
    "body": "What a treat this rose is. With such a beautiful colour and a luscious scent, it has pride of place on my patio.",
    "rating": 5,
    "review_date": "2025-02-14 00:00:00 UTC",
    "source": "judge-me",
    "curated": "ok",
    "product_id": "4113839554641",
    "product_handle": "emily-bronte",
    "reply": "",
    "reply_date": "",
    "picture_urls": "",
    "ip_address": "",
    "location": "",
    "metaobject_handle": "review-9355e7a6-fa7a-450b-a527-284c2d6bfad5"
  },
  {
    "title": "",
    "body": "I have many David Austin Roses but Emily Bronte is now my absolute favourite. The flowers are beautiful..the faintest peach, creamy rather than pale orange, the gorgeous scent and the petals are tight and don't go all floppy in rain. Also can be a small climber if you want to let it grow. I have bought 2 for family as gifts and plan to purchase another.Highly recommend",
    "rating": 5,
    "review_date": "2025-02-05 00:00:00 UTC",
    "source": "judge-me",
    "curated": "ok",
    "product_id": "4113839554641",
    "product_handle": "emily-bronte",
    "reply": "",
    "reply_date": "",
    "picture_urls": "",
    "ip_address": "",
    "location": "",
    "metaobject_handle": "review-e2c2da82-debd-4cdd-ab84-f70341d69c4f"
  },
  {
    "title": "Just heavenly",
    "body": "A strong robust rose that just keeps on giving. I never buy any other than David Austin roses. They have never disappointed. My gardening is now very restricted, I bought this for a best friend in Yorkshire and 'my' rose is thriving.",
    "rating": 5,
    "review_date": "2025-02-05 00:00:00 UTC",
    "source": "judge-me",
    "curated": "ok",
    "product_id": "4113839554641",
    "product_handle": "emily-bronte",
    "reply": "",
    "reply_date": "",
    "picture_urls": "",
    "ip_address": "",
    "location": "",
    "metaobject_handle": "review-7072ca5b-276c-4f0e-b3c8-27b6c99d6f7f"
  },
  {
    "title": "",
    "body": "Prompt delivery, no damage packaging. Plenty of advice on how to care for rose. Can't wait to see the roses in bloom. Would certainly recommend this company.",
    "rating": 5,
    "review_date": "2025-03-16 12:22:02 UTC",
    "source": "shop-app",
    "curated": "ok",
    "product_id": "4113839554641",
    "product_handle": "emily-bronte",
    "reply": "",
    "reply_date": "",
    "picture_urls": "",
    "ip_address": "",
    "location": "",
    "metaobject_handle": "shop-2519111-192564685-882e6807-5538-4c08-a646-c959be6161ad"
  },
  {
    "title": "",
    "body": "Lovely",
    "rating": 5,
    "review_date": "2025-04-03 14:11:33 UTC",
    "source": "shop-app",
    "curated": "ok",
    "product_id": "4113839554641",
    "product_handle": "emily-bronte",
    "reply": "",
    "reply_date": "",
    "picture_urls": "",
    "ip_address": "",
    "location": "",
    "metaobject_handle": "shop-2519111-201421660-a752c59a-1311-49e4-af8d-b890bb70d47b"
  },
  {
    "title": "Wonderful",
    "body": "Bought this earlier in the year.  My first two roses have just come out. Delicate colouring and exquisite fragrance. Looks so healthy.",
    "rating": 5,
    "review_date": "2025-06-01 11:10:58 UTC",
    "source": "web",
    "curated": "ok",
    "product_id": "4113839554641",
    "product_handle": "emily-bronte",
    "reply": "",
    "reply_date": "",
    "picture_urls": "https://s3.amazonaws.com/me.judge.review-images/david-austin-roses-uk/1748776258__20250601_115429__original.jpg",
    "ip_address": "109.153.55.236",
    "location": "Huddersfield, England, United Kingdom",
    "metaobject_handle": "review-56e40ffd-813f-49e2-83e4-b75a0b4209c0"
  },
  {
    "title": "Work Horse!",
    "body": "This rose has it all, best in my collection, scented carries beautifully in the air, strong growth needing little support, long lasting vase life with amazing smell, flowers relentlessly for months on end, hardly any thorns, love it!",
    "rating": 5,
    "review_date": "2025-06-07 19:14:47 UTC",
    "source": "web",
    "curated": "ok",
    "product_id": "4113839554641",
    "product_handle": "emily-bronte",
    "reply": "",
    "reply_date": "",
    "picture_urls": "https://s3.amazonaws.com/me.judge.review-images/david-austin-roses-uk/1749323688__1000019018__original.jpg",
    "ip_address": "86.128.188.43",
    "location": "Crewe, England, United Kingdom",
    "metaobject_handle": "review-0b7a9e85-4f38-4e3e-a33c-cde291257b89"
  },
  {
    "title": "",
    "body": "Beautiful rose and snells wonderful",
    "rating": 5,
    "review_date": "2025-06-10 09:09:23 UTC",
    "source": "shop-app",
    "curated": "ok",
    "product_id": "4113839554641",
    "product_handle": "emily-bronte",
    "reply": "",
    "reply_date": "",
    "picture_urls": "",
    "ip_address": "",
    "location": "",
    "metaobject_handle": "shop-2519111-215722021-3a192ae3-3008-4b76-a617-8101b4c17310"
  },
  {
    "title": "",
    "body": "Beautiful roses. Arrived in perfect condition",
    "rating": 5,
    "review_date": "2025-05-24 10:42:52 UTC",
    "source": "shop-app",
    "curated": "ok",
    "product_id": "4113839554641",
    "product_handle": "emily-bronte",
    "reply": "",
    "reply_date": "",
    "picture_urls": "",
    "ip_address": "",
    "location": "",
    "metaobject_handle": "shop-2519111-212045107-14f424c7-725f-45da-99f9-ef2facb8d561"
  },
  {
    "title": "Beautiful smell",
    "body": "Absolutely amazing smell and shape, very vigorous growth...best in my garden",
    "rating": 5,
    "review_date": "2025-05-24 20:39:01 UTC",
    "source": "web",
    "curated": "ok",
    "product_id": "4113839554641",
    "product_handle": "emily-bronte",
    "reply": "",
    "reply_date": "",
    "picture_urls": "https://s3.amazonaws.com/me.judge.review-images/david-austin-roses-uk/1748119141__1000048292__original.jpg, https://s3.amazonaws.com/me.judge.review-images/david-austin-roses-uk/1748119144__1000050704__original.jpg, https://s3.amazonaws.com/me.judge.review-images/david-austin-roses-uk/1748119147__1000050819__original.jpg",
    "ip_address": "",
    "location": "",
    "metaobject_handle": "review-28ffbf57-ffe3-44c4-a6b8-f4844c32afa4"
  },
  {
    "title": "Exquisite",
    "body": "Got a potted emily bront\u00eb and it came perfect, full of buds. Few days after, the first one bloomed. Smells nice too.",
    "rating": 5,
    "review_date": "2025-05-26 21:25:40 UTC",
    "source": "web",
    "curated": "ok",
    "product_id": "4113839554641",
    "product_handle": "emily-bronte",
    "reply": "",
    "reply_date": "",
    "picture_urls": "https://s3.amazonaws.com/me.judge.review-images/david-austin-roses-uk/1748294740__1000099042__original.jpg",
    "ip_address": "82.6.169.242",
    "location": "Cumbernauld, Scotland, United Kingdom",
    "metaobject_handle": "review-97dd8de7-97ac-448a-887c-6252c3a96f6e"
  },
  {
    "title": "",
    "body": "Rose has taken well and plenty leaves produced. Just waiting for it to flower over the summer.",
    "rating": 5,
    "review_date": "2025-05-26 10:37:44 UTC",
    "source": "shop-app",
    "curated": "ok",
    "product_id": "4113839554641",
    "product_handle": "emily-bronte",
    "reply": "",
    "reply_date": "",
    "picture_urls": "",
    "ip_address": "",
    "location": "",
    "metaobject_handle": "shop-2519111-212457708-790a74a9-9270-410b-9d8b-f00532c9ce45"
  },
  {
    "title": "The best rose.",
    "body": "I have about 20 different roses in my garden, this is my favourite. The scent is beautiful and strong, it is a lovely and generous-sized rose. Also, last year when it rained all summer, all the roses got black spot apart from my two Emily Bront\u00eb's, both of them never had it, they stayed healthy looking. It is also very floriferous.",
    "rating": 5,
    "review_date": "2025-06-03 19:15:09 UTC",
    "source": "web",
    "curated": "ok",
    "product_id": "4113839554641",
    "product_handle": "emily-bronte",
    "reply": "",
    "reply_date": "",
    "picture_urls": "",
    "ip_address": "86.159.139.120",
    "location": "Royal Tunbridge Wells, England, United Kingdom",
    "metaobject_handle": "review-eca694e5-089b-45b0-ab2a-2eac96363141"
  },
  {
    "title": "Glorious scent",
    "body": "An exceptionally beautiful rose. Very strong growth seems to prefer full sun. The long upright stems can be vulnerable to strong winds later in the year so providing a little support may be advisable.",
    "rating": 5,
    "review_date": "2025-05-11 11:21:52 UTC",
    "source": "web",
    "curated": "ok",
    "product_id": "4113839554641",
    "product_handle": "emily-bronte",
    "reply": "",
    "reply_date": "",
    "picture_urls": "",
    "ip_address": "81.77.165.11",
    "location": "Evesham, England, United Kingdom",
    "metaobject_handle": "review-cf637628-4f86-499a-8cd7-bace900837f4"
  },
  {
    "title": "Linda",
    "body": "The favourite rose in my garden, Emily was planted a month ago and is doing very well, growing fast, even after 3 weeks of pouring rain. As we say in my language, muito linda.",
    "rating": 5,
    "review_date": "2025-06-19 20:30:24 UTC",
    "source": "web",
    "curated": "ok",
    "product_id": "4113839554641",
    "product_handle": "emily-bronte",
    "reply": "",
    "reply_date": "",
    "picture_urls": "https://s3.amazonaws.com/me.judge.review-images/david-austin-roses-uk/1750365033__1000100201__original.jpg, https://s3.amazonaws.com/me.judge.review-images/david-austin-roses-uk/1750365027__1000102385__original.jpg, https://s3.amazonaws.com/me.judge.review-images/david-austin-roses-uk/1750365024__1000102384__original.jpg, https://s3.amazonaws.com/me.judge.review-images/david-austin-roses-uk/1750365030__1000101014__original.jpg",
    "ip_address": "82.6.169.242",
    "location": "Cumbernauld, Scotland, United Kingdom",
    "metaobject_handle": "review-e9fe7011-2b21-4d87-9e6d-5ae18f73f2b4"
  },
  {
    "title": "",
    "body": "I have wanted this particular rose for a while now and having recieved it for my birthday i was delighted. Beautiful fragrant rose very healthy im so pleased.",
    "rating": 5,
    "review_date": "2025-06-26 09:51:39 UTC",
    "source": "shop-app",
    "curated": "ok",
    "product_id": "4113839554641",
    "product_handle": "emily-bronte",
    "reply": "",
    "reply_date": "",
    "picture_urls": "",
    "ip_address": "",
    "location": "",
    "metaobject_handle": "shop-2519111-219289783-f87d5eb9-f600-412c-abcc-468e9c0009f3"
  },
  {
    "title": "The Star of the show",
    "body": "Absolutely beautiful.  Plenty of blooms which keep on coming and the fragrance just fills the garden.  I have several DA roses but this is my favourite.",
    "rating": 5,
    "review_date": "2025-07-01 19:36:34 UTC",
    "source": "web",
    "curated": "ok",
    "product_id": "4113839554641",
    "product_handle": "emily-bronte",
    "reply": "",
    "reply_date": "",
    "picture_urls": "",
    "ip_address": "80.0.170.49",
    "location": "Burnley, England, United Kingdom",
    "metaobject_handle": "review-b08c8405-0756-448f-9568-03433e81bd95"
  }
]