[
  {
    "title": "",
    "body": "One of the most beautifully designed gifts I have ever received. The rose came very quickly and was in perfect condition.",
    "rating": 5,
    "review_date": "2024-07-11 20:21:02 UTC",
    "source": "shop-app",
    "curated": "ok",
    "product_id": "7474704744529",
    "product_handle": "emma-bridgewater-potted",
    "reply": "",
    "reply_date": "",
    "picture_urls": "",
    "ip_address": "",
    "location": "",
    "metaobject_handle": "shop-2519111-148960242-e61e2f93-480a-49fe-8ee9-5e553a56396a"
  },
  {
    "title": "",
    "body": "Perfect rose perfectly delivered",
    "rating": 5,
    "review_date": "2024-07-12 13:58:16 UTC",
    "source": "shop-app",
    "curated": "ok",
    "product_id": "7474704744529",
    "product_handle": "emma-bridgewater-potted",
    "reply": "",
    "reply_date": "",
    "picture_urls": "",
    "ip_address": "",
    "location": "",
    "metaobject_handle": "shop-2519111-149070910-2bb06815-bd2f-4971-b089-6d1ff4811f08"
  },
  {
    "title": "",
    "body": "I've jumped on the bandwagon with this one. My new rose Emma Bridgewater from David Austin Roses arrived today. Came well packaged and secure and it's now out of the box and looks to be in fantastic condition. The plant itself is full of buds, and I cannot wait for them to open. Looking very healthy and bursting with life. Very pleased.",
    "rating": 5,
    "review_date": "2024-05-24 13:18:46 UTC",
    "source": "shop-app",
    "curated": "ok",
    "product_id": "7474704744529",
    "product_handle": "emma-bridgewater-potted",
    "reply": "",
    "reply_date": "",
    "picture_urls": "",
    "ip_address": "",
    "location": "",
    "metaobject_handle": "shop-2519111-140258517-3ecd8d84-9fe7-41cd-bb9f-71d2a2ee2395"
  },
  {
    "title": "",
    "body": "Beautiful rose",
    "rating": 5,
    "review_date": "2024-05-25 22:47:07 UTC",
    "source": "shop-app",
    "curated": "ok",
    "product_id": "7474704744529",
    "product_handle": "emma-bridgewater-potted",
    "reply": "",
    "reply_date": "",
    "picture_urls": "",
    "ip_address": "",
    "location": "",
    "metaobject_handle": "shop-2519111-140474867-5dd8eddf-0f9a-4a60-a472-6cdbee746005"
  },
  {
    "title": "",
    "body": "Arrived in excellent condition. We are looking forward to see blossoming.",
    "rating": 5,
    "review_date": "2024-05-31 07:49:00 UTC",
    "source": "shop-app",
    "curated": "ok",
    "product_id": "7474704744529",
    "product_handle": "emma-bridgewater-potted",
    "reply": "",
    "reply_date": "",
    "picture_urls": "",
    "ip_address": "",
    "location": "",
    "metaobject_handle": "shop-2519111-141339367-3e98d21e-5789-4597-b37d-0153a9944810"
  },
  {
    "title": "",
    "body": "Fast service, well packed, beautiful rose!!",
    "rating": 5,
    "review_date": "2024-06-08 06:43:02 UTC",
    "source": "shop-app",
    "curated": "ok",
    "product_id": "7474704744529",
    "product_handle": "emma-bridgewater-potted",
    "reply": "",
    "reply_date": "",
    "picture_urls": "",
    "ip_address": "",
    "location": "",
    "metaobject_handle": "shop-2519111-142723593-41adf71a-e2f7-40c3-af70-b339af113e12"
  },
  {
    "title": "",
    "body": "Beautiful",
    "rating": 5,
    "review_date": "2024-06-24 19:21:40 UTC",
    "source": "shop-app",
    "curated": "ok",
    "product_id": "7474704744529",
    "product_handle": "emma-bridgewater-potted",
    "reply": "",
    "reply_date": "",
    "picture_urls": "",
    "ip_address": "",
    "location": "",
    "metaobject_handle": "shop-2519111-146075099-8d2f2fc3-a911-48f9-aa24-ec50934a1d3c"
  },
  {
    "title": "",
    "body": "Blooming lovely rose with a lovely scent . A must for anyone's garden. Arrived in great time will packaged too . Thankyou",
    "rating": 5,
    "review_date": "2024-07-05 15:17:51 UTC",
    "source": "shop-app",
    "curated": "ok",
    "product_id": "7474704744529",
    "product_handle": "emma-bridgewater-potted",
    "reply": "",
    "reply_date": "",
    "picture_urls": "",
    "ip_address": "",
    "location": "",
    "metaobject_handle": "shop-2519111-147875139-f18550c0-6fb2-4755-8ae6-832a80a40e6f"
  },
  {
    "title": "",
    "body": "This is a beautiful rise -I have it in the garden- and was a gift. It arrived very promptly and was well packaged. It had useful information about planting and growing it. I am really pleased with it",
    "rating": 5,
    "review_date": "2025-01-09 11:38:12 UTC",
    "source": "shop-app",
    "curated": "ok",
    "product_id": "7474704941137",
    "product_handle": "emma-bridgewater",
    "reply": "",
    "reply_date": "",
    "picture_urls": "",
    "ip_address": "",
    "location": "",
    "metaobject_handle": "shop-2519111-178868737-eadce03e-831e-4b36-aa72-89fa68c155be"
  },
  {
    "title": "",
    "body": "This was a birthday present for my sister, and she loved it. Delivery was excellent, and on time, it was very easy to order",
    "rating": 5,
    "review_date": "2025-02-13 22:17:27 UTC",
    "source": "shop-app",
    "curated": "ok",
    "product_id": "7474704941137",
    "product_handle": "emma-bridgewater",
    "reply": "",
    "reply_date": "",
    "picture_urls": "",
    "ip_address": "",
    "location": "",
    "metaobject_handle": "shop-2519111-185602197-f424dc3c-f6b0-4c06-94c9-6066ea976fb2"
  },
  {
    "title": "",
    "body": "Great quality - looking forward to it blooming",
    "rating": 5,
    "review_date": "2025-04-01 16:12:04 UTC",
    "source": "shop-app",
    "curated": "ok",
    "product_id": "7474704941137",
    "product_handle": "emma-bridgewater",
    "reply": "",
    "reply_date": "",
    "picture_urls": "",
    "ip_address": "",
    "location": "",
    "metaobject_handle": "shop-2519111-200608103-eccf7333-f66b-4ff0-963b-534b530edd3a"
  },
  {
    "title": "Wow! Just wow \ud83e\udd29",
    "body": "I have just had my rose delivered. And wow was not expecting it to be this big. Literally full of bud and flowers how incredible. I\u2019ve wanted a\nDavid Austin rose for so long and i\u2019m so glad I\u2019ve bought one. Amazing service amazing delivery 10/10",
    "rating": 5,
    "review_date": "2025-05-30 07:57:23 UTC",
    "source": "web",
    "curated": "ok",
    "product_id": "7474704941137",
    "product_handle": "emma-bridgewater",
    "reply": "",
    "reply_date": "",
    "picture_urls": "https://s3.amazonaws.com/me.judge.review-images/david-austin-roses-uk/1748591844__7a68f6f0-e92a-49d1-951f-0762f0889641__original.jpeg, https://s3.amazonaws.com/me.judge.review-images/david-austin-roses-uk/1748591846__img_1248__original.jpeg",
    "ip_address": "88.97.219.162",
    "location": "Bristol, England, United Kingdom",
    "metaobject_handle": "review-d9a1a0bd-5615-438b-af82-92ec8ef31513"
  },
  {
    "title": "",
    "body": "Beautiful roses. Quick delivery.",
    "rating": 5,
    "review_date": "2025-06-02 06:30:08 UTC",
    "source": "shop-app",
    "curated": "ok",
    "product_id": "7474704941137",
    "product_handle": "emma-bridgewater",
    "reply": "",
    "reply_date": "",
    "picture_urls": "",
    "ip_address": "",
    "location": "",
    "metaobject_handle": "shop-2519111-213858779-47f3e571-2b1d-4a28-9ada-29cc63c1b75e"
  },
  {
    "title": "",
    "body": "Seems pretty doesnt have the colour variations shown in photographs. I dont expect my plant to live. I followed all the instruction and its wilting and struggling.",
    "rating": 3,
    "review_date": "2025-06-10 01:28:34 UTC",
    "source": "shop-app",
    "curated": "ok",
    "product_id": "7474704941137",
    "product_handle": "emma-bridgewater",
    "reply": "",
    "reply_date": "",
    "picture_urls": "",
    "ip_address": "",
    "location": "",
    "metaobject_handle": "shop-2519111-215659645-16ab3d0f-6284-4f07-8203-73d3fba6eba2"
  },
  {
    "title": "Good sized plant, lots of thorns!",
    "body": "I planted 3 of these as part of my rose/herbaceous border last month alongside 2 Desdemona.  Good sized plants growing well apart from attack of aphids which hopefully it has thrown off.  I have read the RHS are getting many calls about aphids this spring.  It is due to the dry warm spring apparently.  \nEmma Bridgewater has started to put out buds which are slowly opening to reveal the strong pink.  Word of warning - this is the thorniest rose I've ever planted, the stems covered in many little thorns.  A small price to pay for what I hope will be a beautiful rose bush.",
    "rating": 5,
    "review_date": "2025-05-15 10:32:15 UTC",
    "source": "web",
    "curated": "ok",
    "product_id": "7474704941137",
    "product_handle": "emma-bridgewater",
    "reply": "",
    "reply_date": "",
    "picture_urls": "",
    "ip_address": "212.105.145.118",
    "location": "London, England, United Kingdom",
    "metaobject_handle": "review-1cdad472-02b0-434b-9160-5a11481a9b11"
  },
  {
    "title": "It is a amazing rose",
    "body": "The medium-sized flower is perfect for the branch\u2014big enough to enjoy without weighing it down. The fragrance is amazing. What stands out most is the color change, from coral pink to mauve, with different shades in a single bloom.",
    "rating": 5,
    "review_date": "2025-05-20 09:34:00 UTC",
    "source": "web",
    "curated": "ok",
    "product_id": "7474704941137",
    "product_handle": "emma-bridgewater",
    "reply": "",
    "reply_date": "",
    "picture_urls": "https://s3.amazonaws.com/me.judge.review-images/david-austin-roses-uk/1747733644__8067a9d87110df8e5a863cea13e4514f__original.jpeg, https://s3.amazonaws.com/me.judge.review-images/david-austin-roses-uk/1747733641__8446a00404305101c29d4ea17f4be6f4__original.jpeg, https://s3.amazonaws.com/me.judge.review-images/david-austin-roses-uk/1747733642__dd31323fdf9be6ff63a31c556ea6114a__original.jpeg",
    "ip_address": "82.5.130.116",
    "location": "Kettering, England, United Kingdom",
    "metaobject_handle": "review-d7c7501d-a19c-401e-a5c7-22a90009a2c0"
  },
  {
    "title": "Beetles",
    "body": "Unfortunately my Emma Bridgewater arrived covered in beetles. When I reached out to customer services it was suggested that this was due to climate differences in my own area rather than it arriving with beetles in the first place.  I had not had such an instance with any other rose from D A. I won't be buying this variety again. It's such a shame because the blooms look to have beautiful colours, but so many beetles has meant that I have had to cut it right back.",
    "rating": 2,
    "review_date": "2025-06-04 19:02:52 UTC",
    "source": "web",
    "curated": "ok",
    "product_id": "7474704941137",
    "product_handle": "emma-bridgewater",
    "reply": "",
    "reply_date": "",
    "picture_urls": "https://s3.amazonaws.com/me.judge.review-images/david-austin-roses-uk/1749063772__1000018746__original.jpg",
    "ip_address": "46.33.129.176",
    "location": "Haverfordwest, Wales, United Kingdom",
    "metaobject_handle": "review-f85b85bb-6240-47ed-ba46-5452147791a9"
  },
  {
    "title": "Beautiful",
    "body": "I bought this last year to plant where we buried my beloved Frenchie. It's still in its pot as we were worried about planting it at the time of year we bought it, but boy is it thriving!!\nThe flowers itself are absolutely beautiful and this year I counted 20+ buds and I think there were only 3 or 4 last year. It is just stunning and well worth every penny!!",
    "rating": 5,
    "review_date": "2025-06-15 06:49:01 UTC",
    "source": "web",
    "curated": "ok",
    "product_id": "7474704941137",
    "product_handle": "emma-bridgewater",
    "reply": "",
    "reply_date": "",
    "picture_urls": "https://s3.amazonaws.com/me.judge.review-images/david-austin-roses-uk/1749970142__1000031798__original.jpg, https://s3.amazonaws.com/me.judge.review-images/david-austin-roses-uk/1749970144__1000031797__original.jpg, https://s3.amazonaws.com/me.judge.review-images/david-austin-roses-uk/1749970147__1000031796__original.jpg",
    "ip_address": "81.79.229.204",
    "location": "Glasgow, Scotland, United Kingdom",
    "metaobject_handle": "review-a844e0bf-1833-42a7-8a6e-30166998f0bf"
  },
  {
    "title": "Absolutely stunning",
    "body": "I had reservations about this as I thought it might have been a bit more \u2018bland\u2019 in real life, especially scent wise. \nIt\u2019s gone above and being my expectations.\nConsidering it\u2019s marked as a daily low fragrance, it\u2019s stronger than I thought it was as reminds me of sherbet lemons.\nThe colours are stunning and it arrived with many roses in bloom. \nIt definitely has more thorns on than the other David Austin roses I have, but that\u2019s not a huge problem. \nHaving a garden renovation and now re thinking the space for this one as it\u2019s such a show stopper!",
    "rating": 5,
    "review_date": "2025-06-17 15:14:22 UTC",
    "source": "web",
    "curated": "ok",
    "product_id": "7474704941137",
    "product_handle": "emma-bridgewater",
    "reply": "",
    "reply_date": "",
    "picture_urls": "https://s3.amazonaws.com/me.judge.review-images/david-austin-roses-uk/1750173266__img_9786__original.jpeg, https://s3.amazonaws.com/me.judge.review-images/david-austin-roses-uk/1750173262__img_9785__original.jpeg, https://s3.amazonaws.com/me.judge.review-images/david-austin-roses-uk/1750173280__img_9765__original.jpeg, https://s3.amazonaws.com/me.judge.review-images/david-austin-roses-uk/1750173270__img_9766__original.jpeg, https://s3.amazonaws.com/me.judge.review-images/david-austin-roses-uk/1750173276__img_9783__original.jpeg",
    "ip_address": "140.248.40.28",
    "location": "Birmingham, England, United Kingdom",
    "metaobject_handle": "review-4a762972-079d-4f46-9bca-1b3bd9668f65"
  },
  {
    "title": "Beautiful",
    "body": "Truly a kaleidoscope of pinky hues,. Prolific flowers. I would disagree with the fragrance meter, as I find it reasonably strong and carries on the breeze. Quite thorny, but not problematically so.",
    "rating": 5,
    "review_date": "2025-06-20 09:57:07 UTC",
    "source": "web",
    "curated": "ok",
    "product_id": "7474704941137",
    "product_handle": "emma-bridgewater",
    "reply": "",
    "reply_date": "",
    "picture_urls": "",
    "ip_address": "90.213.37.162",
    "location": "Camberley, England, United Kingdom",
    "metaobject_handle": "review-e215a88a-6d52-4fc7-9bb1-8aceea8381e2"
  },
  {
    "title": "Flowering but\u2026",
    "body": "Bought as a bare root rose.  Planted early April and used the mycorrhizal product on the wet roots and in the planting hole.   It took a while to show signs of life (a month or so), but it has come along nicely since then. \n\nThe three stars are because the flowers themselves are a bit\u2026well, pathetic. The colour variation isn\u2019t particularly noticeable and the blooms last for under two days. Well cared for and watering at night throughout this dry period. \n\nBy contrast, I bought a Gabriel Oak variant at the same time. Beautiful, vibrant blooms which have been lasting for five days at a time.   And the scent is divine. \n\nGiven how expensive the Bridgewater rose is, I wouldn\u2019t recommend it. Not awful, but not great either.",
    "rating": 3,
    "review_date": "2025-06-20 11:05:33 UTC",
    "source": "web",
    "curated": "ok",
    "product_id": "7474704941137",
    "product_handle": "emma-bridgewater",
    "reply": "",
    "reply_date": "",
    "picture_urls": "",
    "ip_address": "89.249.74.236",
    "location": "Basingstoke, England, United Kingdom",
    "metaobject_handle": "review-aad04b13-7818-482f-8d21-64b1a3484dec"
  },
  {
    "title": "Love the flowers",
    "body": "Bought mine bare root in April \u201825 and planted in clay soil in my garden. I\u2019ve kept her watered through the very dry weather and have been feeding a liquid feed every few days. She\u2019s responded beautifully, a lovely healthy shrub. The photo is of her first flowers.\nAll roses need extra TLC in their first couple of years at least - make sure EB doesn\u2019t lack for light, water or nutrients and she will reward you!",
    "rating": 5,
    "review_date": "2025-07-07 13:26:22 UTC",
    "source": "web",
    "curated": "ok",
    "product_id": "7474704941137",
    "product_handle": "emma-bridgewater",
    "reply": "",
    "reply_date": "",
    "picture_urls": "https://s3.amazonaws.com/me.judge.review-images/david-austin-roses-uk/1751894782__cb23e868-60d8-4ab1-a506-2d557f4c56ed__original.jpeg",
    "ip_address": "185.241.224.245",
    "location": "Pont-y-clun, Wales, United Kingdom",
    "metaobject_handle": "review-976fe2bf-051a-4a9e-be75-0be61f800d15"
  }
]