[
  {
    "title": "",
    "body": "Brilliant",
    "rating": 5,
    "review_date": "2023-05-02 12:20:04 UTC",
    "source": "shop-app",
    "curated": "ok",
    "product_id": "4114067783761",
    "product_handle": "england-s-rose-shrub-rose-bare-root",
    "reply": "",
    "reply_date": "",
    "picture_urls": "",
    "ip_address": "",
    "location": "",
    "metaobject_handle": "shop-2519111-12929903-fe6b8073-a817-4ef3-8501-0500b9e4e4a0"
  },
  {
    "title": "",
    "body": "It was a present",
    "rating": 5,
    "review_date": "2024-01-16 10:41:46 UTC",
    "source": "shop-app",
    "curated": "ok",
    "product_id": "4114067783761",
    "product_handle": "england-s-rose-shrub-rose-bare-root",
    "reply": "",
    "reply_date": "",
    "picture_urls": "",
    "ip_address": "",
    "location": "",
    "metaobject_handle": "shop-2519111-112524459-f4dcd53c-7f53-4701-9e57-041f0f408fd7"
  },
  {
    "title": "",
    "body": "Lovely scent",
    "rating": 5,
    "review_date": "2024-06-26 07:52:30 UTC",
    "source": "shop-app",
    "curated": "ok",
    "product_id": "4114067783761",
    "product_handle": "england-s-rose-shrub-rose-bare-root",
    "reply": "",
    "reply_date": "",
    "picture_urls": "",
    "ip_address": "",
    "location": "",
    "metaobject_handle": "shop-2519111-146352674-91210ff1-bc3f-4fff-8894-f7f67ecf8927"
  },
  {
    "title": "",
    "body": "Happy with the rose and the colour is beautiful",
    "rating": 5,
    "review_date": "2023-09-01 17:11:15 UTC",
    "source": "shop-app",
    "curated": "ok",
    "product_id": "4114099994705",
    "product_handle": "england-s-rose-shrub-rose-potted",
    "reply": "",
    "reply_date": "",
    "picture_urls": "",
    "ip_address": "",
    "location": "",
    "metaobject_handle": "shop-2519111-35871913-d0bbf22e-fcd9-43e5-a163-33fde035e54c"
  }
]