[
  {
    "title": "",
    "body": "Absolutely beautiful \ud83d\ude0a\nMy sister just loved it \ud83d\ude0a",
    "rating": 5,
    "review_date": "2024-12-20 22:33:08 UTC",
    "source": "shop-app",
    "curated": "ok",
    "product_id": "4255796396113",
    "product_handle": "english-rose-teacup-and-saucer",
    "reply": "",
    "reply_date": "",
    "picture_urls": "",
    "ip_address": "",
    "location": "",
    "metaobject_handle": "shop-2519111-175030098-e178b1fc-1b60-4359-916c-be3f50a0ec4a"
  }
]