[
  {
    "title": "",
    "body": "Arrived in great shape & a very large, healthy bare root specimen",
    "rating": 5,
    "review_date": "2023-10-30 19:24:43 UTC",
    "source": "shop-app",
    "curated": "ok",
    "product_id": "4114052218961",
    "product_handle": "etoile-de-hollande-bare-root",
    "reply": "",
    "reply_date": "",
    "picture_urls": "",
    "ip_address": "",
    "location": "",
    "metaobject_handle": "shop-2519111-42752587-e40a7796-73af-452d-bfbe-d5926174ebec"
  },
  {
    "title": "",
    "body": "As it\u2019s dormant difficult to review at this point in time. However on receipt it was well packaged and arrived in excellent condition. I have great hopes for it next season as previous purchases have of excellent quality.",
    "rating": 5,
    "review_date": "2023-11-07 10:29:35 UTC",
    "source": "shop-app",
    "curated": "ok",
    "product_id": "4114052218961",
    "product_handle": "etoile-de-hollande-bare-root",
    "reply": "",
    "reply_date": "",
    "picture_urls": "",
    "ip_address": "",
    "location": "",
    "metaobject_handle": "shop-2519111-47711289-fe8ee9c1-2a63-416d-90b1-206b10000db6"
  }
]