[
  {
    "title": "",
    "body": "Fabulous, looks very healthy, can\u2019t wait for the flowers next year\ud83c\udf39\ud83c\udf39\ud83c\udf39",
    "rating": 5,
    "review_date": "2023-10-30 14:48:40 UTC",
    "source": "shop-app",
    "curated": "ok",
    "product_id": "4114068668497",
    "product_handle": "falstaff-shrub-rose-bare-root",
    "reply": "",
    "reply_date": "",
    "picture_urls": "",
    "ip_address": "",
    "location": "",
    "metaobject_handle": "shop-2519111-42711213-aa9a2943-af57-48cf-a571-48c7accecbf5"
  }
]