[
  {
    "title": "",
    "body": "Gift for my daughter. She loves it",
    "rating": 5,
    "review_date": "2023-06-09 13:24:56 UTC",
    "source": "shop-app",
    "curated": "ok",
    "product_id": "4114100617297",
    "product_handle": "felicite-perpetue-potted",
    "reply": "",
    "reply_date": "",
    "picture_urls": "",
    "ip_address": "",
    "location": "",
    "metaobject_handle": "shop-2519111-13977601-af1d82d8-6ee8-4006-aa6c-95cf94408f1e"
  },
  {
    "title": "",
    "body": "Lovely",
    "rating": 5,
    "review_date": "2023-12-21 19:00:28 UTC",
    "source": "shop-app",
    "curated": "ok",
    "product_id": "4114069258321",
    "product_handle": "felicite-perpetue-bare-root",
    "reply": "",
    "reply_date": "",
    "picture_urls": "",
    "ip_address": "",
    "location": "",
    "metaobject_handle": "shop-2519111-92825685-d625b3bf-ad07-428c-97cd-54405dfb5a5a"
  },
  {
    "title": "",
    "body": "Got good advice from an actual person at David Austin before purchase. The plant arrived in beautiful condition, packaged perfectly in recyclable cardboard.\nVery happy indeed",
    "rating": 5,
    "review_date": "2025-05-31 07:40:03 UTC",
    "source": "shop-app",
    "curated": "ok",
    "product_id": "4113842077777",
    "product_handle": "felicite-perpetue",
    "reply": "",
    "reply_date": "",
    "picture_urls": "",
    "ip_address": "",
    "location": "",
    "metaobject_handle": "shop-2519111-213544994-76e9b180-8123-45f6-b5f6-dddcfbd416a4"
  },
  {
    "title": "Beautifully scented, small rambler in semi-shade",
    "body": "Bought this several years ago. It is planted in chalky free-draining soil, covering a small archway. It is flowering now with many flowers and the refreshing subtle vanilla-like scent wafts as you walk past. Glad I chose it; it is very healthy. It flowers on and off throughout the summer. It is mid June now and this Spring was warm and mostly dry.",
    "rating": 5,
    "review_date": "2025-06-18 11:16:05 UTC",
    "source": "web",
    "curated": "ok",
    "product_id": "4113842077777",
    "product_handle": "felicite-perpetue",
    "reply": "",
    "reply_date": "",
    "picture_urls": "https://s3.amazonaws.com/me.judge.review-images/david-austin-roses-uk/1750245365__img_9685__original.jpeg",
    "ip_address": "94.10.43.46",
    "location": "Andover, England, United Kingdom",
    "metaobject_handle": "review-de25e97b-1b16-49a0-bace-b8c78a48661b"
  },
  {
    "title": "Beautiful and vigorous",
    "body": "We bought this rose three years ago to cover a large garden fence and it has done a spectacular job. Beautiful pink buds and white flowers in summer. It's only a shame it doesn't repeat!",
    "rating": 5,
    "review_date": "2025-06-28 19:33:51 UTC",
    "source": "web",
    "curated": "ok",
    "product_id": "4113842077777",
    "product_handle": "felicite-perpetue",
    "reply": "",
    "reply_date": "",
    "picture_urls": "https://s3.amazonaws.com/me.judge.review-images/david-austin-roses-uk/1751139238__1000050035__original.jpg, https://s3.amazonaws.com/me.judge.review-images/david-austin-roses-uk/1751139232__1000050038__original.jpg, https://s3.amazonaws.com/me.judge.review-images/david-austin-roses-uk/1751139235__1000050040__original.jpg",
    "ip_address": "51.6.7.130",
    "location": "Banchory, Scotland, United Kingdom",
    "metaobject_handle": "review-b8f9695f-a0fc-4385-9a5f-ddc7cb7aa649"
  }
]