[
  {
    "title": "",
    "body": "Have been planted",
    "rating": 5,
    "review_date": "2024-12-04 18:52:17 UTC",
    "source": "shop-app",
    "curated": "ok",
    "product_id": "4113842143313",
    "product_handle": "ferdinand-pichard",
    "reply": "",
    "reply_date": "",
    "picture_urls": "",
    "ip_address": "",
    "location": "",
    "metaobject_handle": "shop-2519111-171171105-1a6826cf-1453-4093-95a9-3fea10679cc2"
  },
  {
    "title": "Glorious Rose",
    "body": "I planted this rose about 3 years ago, I have several roses in my gardens but this is by far my favourite. Such an unusual rose. Beautiful fragrance and a pleasure to look at.",
    "rating": 5,
    "review_date": "2025-06-04 17:07:53 UTC",
    "source": "web",
    "curated": "ok",
    "product_id": "4113842143313",
    "product_handle": "ferdinand-pichard",
    "reply": "",
    "reply_date": "",
    "picture_urls": "https://s3.amazonaws.com/me.judge.review-images/david-austin-roses-uk/1749056874__img_8310__original.jpeg",
    "ip_address": "86.1.202.187",
    "location": "Tonypandy, Wales, United Kingdom",
    "metaobject_handle": "review-9b06fd58-4c42-4c67-8721-c8008acb2a2d"
  }
]