[
  {
    "title": "",
    "body": "Can\u2019t wait to see this flower, bought in memory of my cousin, taken too soon. Everything from ordering to delivery was fabulous. Great instruction book came too so planting was made easy.",
    "rating": 5,
    "review_date": "2024-04-19 19:46:58 UTC",
    "source": "shop-app",
    "curated": "ok",
    "product_id": "4114070896721",
    "product_handle": "freedom-bare-root",
    "reply": "",
    "reply_date": "",
    "picture_urls": "",
    "ip_address": "",
    "location": "",
    "metaobject_handle": "shop-2519111-134489178-eecebf1e-7c4f-4339-bf30-a22789e9d637"
  }
]