[
  {
    "title": "",
    "body": "Works very well",
    "rating": 5,
    "review_date": "2022-10-20 21:08:57 UTC",
    "source": "shop-app",
    "curated": "ok",
    "product_id": "4208097919057",
    "product_handle": "fungus-clear-ultra",
    "reply": "",
    "reply_date": "",
    "picture_urls": "",
    "ip_address": "",
    "location": "",
    "metaobject_handle": "shop-2519111-751919-c124b809-1139-4a94-b107-0c690291cafa"
  },
  {
    "title": "",
    "body": "Great for roses and other plants",
    "rating": 5,
    "review_date": "2023-03-26 19:43:14 UTC",
    "source": "shop-app",
    "curated": "ok",
    "product_id": "4208097919057",
    "product_handle": "fungus-clear-ultra",
    "reply": "",
    "reply_date": "",
    "picture_urls": "",
    "ip_address": "",
    "location": "",
    "metaobject_handle": "shop-2519111-11781937-de4a5cbd-8d1e-4c2e-88db-fb63dfe77931"
  }
]