[
  {
    "title": "",
    "body": "Bought for friend\u2019s 60th Birthday . She loves it!",
    "rating": 5,
    "review_date": "2025-02-02 12:39:30 UTC",
    "source": "shop-app",
    "curated": "ok",
    "product_id": "4113844142161",
    "product_handle": "gabriel-oak",
    "reply": "",
    "reply_date": "",
    "picture_urls": "",
    "ip_address": "",
    "location": "",
    "metaobject_handle": "shop-2519111-183341822-c1c786a6-fffb-4a54-a4ec-7d4aecb83e2b"
  },
  {
    "title": "Beautiful!",
    "body": "Vigorous rose. Beautiful fragrance, seems resistant to black spot so far. I'm delighted with my purchase.",
    "rating": 5,
    "review_date": "2025-02-20 00:00:00 UTC",
    "source": "judge-me",
    "curated": "ok",
    "product_id": "4113844142161",
    "product_handle": "gabriel-oak",
    "reply": "",
    "reply_date": "",
    "picture_urls": "",
    "ip_address": "",
    "location": "",
    "metaobject_handle": "review-cd88d286-1d2a-4c32-a427-a7f393e42089"
  },
  {
    "title": "Gabriel Oak",
    "body": "This rose is the most stunning in my rose garden. The colour is the most vibrant pink, glowing and cheery even on dull day and the heady scent is simply gorgeous. It\u201a\u00c4\u00f4s my all time favourite rose",
    "rating": 5,
    "review_date": "2025-02-19 00:00:00 UTC",
    "source": "judge-me",
    "curated": "ok",
    "product_id": "4113844142161",
    "product_handle": "gabriel-oak",
    "reply": "",
    "reply_date": "",
    "picture_urls": "https://s3-us-west-1.amazonaws.com/user-files-1/servar/198908/65afc48f-e9f1-44b1-be16-0022534e2926/da12cbe9-b97e-4d5a-a33e-5ffc113a5716/2025-02-19T20%253A35%253A58.930555%252B00%253A00/IMG_6591.jpeg, https://s3.amazonaws.com/me.judge.review-images/david-austin-roses-uk/1740135401__1740135394751-img_6591__original.jpeg",
    "ip_address": "",
    "location": "",
    "metaobject_handle": "review-ed18a6ce-4ce2-43a9-b5db-a79f3bc0721f"
  },
  {
    "title": "S TRONG by name and STRONG by nature",
    "body": "STRONG growth STRONG colour STRONG fragrance",
    "rating": 5,
    "review_date": "2025-02-19 00:00:00 UTC",
    "source": "judge-me",
    "curated": "ok",
    "product_id": "4113844142161",
    "product_handle": "gabriel-oak",
    "reply": "",
    "reply_date": "",
    "picture_urls": "",
    "ip_address": "",
    "location": "",
    "metaobject_handle": "review-88023c1b-077e-48e6-af9f-6db3ee9a5502"
  },
  {
    "title": "",
    "body": "Yet another beautiful rose, stunning, just stunning \n Olny one problem, may need a bigger garden",
    "rating": 5,
    "review_date": "2025-02-19 00:00:00 UTC",
    "source": "judge-me",
    "curated": "ok",
    "product_id": "4113844142161",
    "product_handle": "gabriel-oak",
    "reply": "",
    "reply_date": "",
    "picture_urls": "",
    "ip_address": "",
    "location": "",
    "metaobject_handle": "review-e9634ee0-202a-4139-bd0e-6e7e838a16ae"
  },
  {
    "title": "Gabriel Oak",
    "body": "This rose delivers on all its promises. \n The fragrance is sweet and strong , reminiscent of summer days. \n The blooms are a beautiful shade of dark pink which fades in time. \n Health wise, I\u201a\u00c4\u00f4ve had no problems.\n This rose is planted in a pot which he seems to like.\n Gabriel Oak is a lovely addition to my collection",
    "rating": 5,
    "review_date": "2025-02-19 00:00:00 UTC",
    "source": "judge-me",
    "curated": "ok",
    "product_id": "4113844142161",
    "product_handle": "gabriel-oak",
    "reply": "",
    "reply_date": "",
    "picture_urls": "https://s3-us-west-1.amazonaws.com/user-files-1/servar/198908/36887b61-7db9-409e-85a8-c7803ff0e144/da12cbe9-b97e-4d5a-a33e-5ffc113a5716/2025-02-19T15%253A26%253A56.126697%252B00%253A00/IMG_1377.jpeg, https://s3.amazonaws.com/me.judge.review-images/david-austin-roses-uk/1740135196__1740135190887-img_1377__original.jpeg",
    "ip_address": "",
    "location": "",
    "metaobject_handle": "review-c066e7b6-bd5b-4e3e-9612-e88c5917fc20"
  },
  {
    "title": "Well The Thing Is - Will It Grow ??",
    "body": "I bought this beauty for the picture on DARoses it was devine and the fragrance is to die for - at least that was the impression - the first year in a pot i didn't kill it but the flowers were very few but when they opened -oh boyyyyyyyyyy and yes a really wonderful fragrance - this year it will enter the ground very soon and hopefully more blooms and more joy - sneekily i have this year bought Bring Me Sunshine - i really need a bigger garden - anyway nothing can beat an English Rose from David Austin Roses",
    "rating": 4,
    "review_date": "2025-02-19 00:00:00 UTC",
    "source": "judge-me",
    "curated": "ok",
    "product_id": "4113844142161",
    "product_handle": "gabriel-oak",
    "reply": "",
    "reply_date": "",
    "picture_urls": "https://s3.amazonaws.com/me.judge.review-images/david-austin-roses-uk/1740135163__1740135155323-gab_oak__original.png, https://s3-us-west-1.amazonaws.com/user-files-1/servar/198908/cab88630-b432-49a9-9e96-1fc9a0cb117b/da12cbe9-b97e-4d5a-a33e-5ffc113a5716/2025-02-19T16%253A30%253A20.742257%252B00%253A00/GAB_OAK.png",
    "ip_address": "",
    "location": "",
    "metaobject_handle": "review-02691319-f068-4e8c-b67a-3037afd12e09"
  },
  {
    "title": "",
    "body": "Gabriel Oak is a rose that you simply cannot walk away from. It posesses the most exquisite, multi toned, deep pink blooms, almost luminous. It never fails to stop me in my tracks. The fragrance is heavenly and beguiling, transporting me to my grandfather's garden when I was a child. Once you breath in it's perfect rose scent, you have to keep going back for more!",
    "rating": 5,
    "review_date": "2025-02-19 00:00:00 UTC",
    "source": "judge-me",
    "curated": "ok",
    "product_id": "4113844142161",
    "product_handle": "gabriel-oak",
    "reply": "",
    "reply_date": "",
    "picture_urls": "",
    "ip_address": "",
    "location": "",
    "metaobject_handle": "review-198920a4-217d-4be1-bce6-3f4da83ef79f"
  },
  {
    "title": "",
    "body": "Glamorous rose . Beautiful scent .",
    "rating": 5,
    "review_date": "2025-02-19 00:00:00 UTC",
    "source": "judge-me",
    "curated": "ok",
    "product_id": "4113844142161",
    "product_handle": "gabriel-oak",
    "reply": "",
    "reply_date": "",
    "picture_urls": "https://s3.amazonaws.com/me.judge.review-images/david-austin-roses-uk/1740134429__1740134427165-img_1226__original.jpeg, https://s3-us-west-1.amazonaws.com/user-files-1/servar/198908/ec4eaec5-3ec7-4c0a-896b-55182b1d05f7/da12cbe9-b97e-4d5a-a33e-5ffc113a5716/2025-02-19T13%253A45%253A40.485299%252B00%253A00/IMG_1226.jpeg",
    "ip_address": "",
    "location": "",
    "metaobject_handle": "review-5a490794-d2bf-40c6-93f2-30e5bef34d95"
  },
  {
    "title": "",
    "body": "I have actually been a little disappointed with this rose. Compared to others I have purchased from you it seems rather weak and there has been dieback of some stems. The blooms are sparse on my specimen but it is a lovely colour. It has made little growth since I bought it",
    "rating": 3,
    "review_date": "2025-02-12 00:00:00 UTC",
    "source": "judge-me",
    "curated": "ok",
    "product_id": "4113844142161",
    "product_handle": "gabriel-oak",
    "reply": "",
    "reply_date": "",
    "picture_urls": "",
    "ip_address": "",
    "location": "",
    "metaobject_handle": "review-92c7a17f-de4b-4cb5-b819-3e7816ed0207"
  },
  {
    "title": "",
    "body": "Nice rose, lovely scent and colour and doing well. Should be a real picture in a few year's time when it's had a chance to put on a bit of girth. I'll look forward to that. I'm not sending any pictures of a very dormant rose!",
    "rating": 5,
    "review_date": "2025-02-12 00:00:00 UTC",
    "source": "judge-me",
    "curated": "ok",
    "product_id": "4113844142161",
    "product_handle": "gabriel-oak",
    "reply": "",
    "reply_date": "",
    "picture_urls": "",
    "ip_address": "",
    "location": "",
    "metaobject_handle": "review-a290d800-db93-457a-9089-5281502c7d27"
  },
  {
    "title": "",
    "body": "A very beautiful addition to the front garden, welcoming me home. Gorgeous colour, scent and many blooms lasting for so many months of the year. A fabulous choice.",
    "rating": 5,
    "review_date": "2025-02-06 00:00:00 UTC",
    "source": "judge-me",
    "curated": "ok",
    "product_id": "4113844142161",
    "product_handle": "gabriel-oak",
    "reply": "",
    "reply_date": "",
    "picture_urls": "https://s3-us-west-1.amazonaws.com/user-files-1/servar/198908/7d743ee0-5e99-4cf4-9a78-20b12e0a38b8/da12cbe9-b97e-4d5a-a33e-5ffc113a5716/2025-02-06T08%253A26%253A46.919430%252B00%253A00/IMG_3389.JPG",
    "ip_address": "",
    "location": "",
    "metaobject_handle": "review-08c6cbbf-39ea-4ee6-8eb1-7c84a27f5122"
  },
  {
    "title": "My Favourite of all my Roses",
    "body": "This is a stunning rose. The fragrance is so Beautiful smells strongly of lemons the rose blooms multiple times over the season and the shape of each rose is a pretty rosette",
    "rating": 5,
    "review_date": "2025-02-05 00:00:00 UTC",
    "source": "judge-me",
    "curated": "ok",
    "product_id": "4113844142161",
    "product_handle": "gabriel-oak",
    "reply": "",
    "reply_date": "",
    "picture_urls": "https://s3-us-west-1.amazonaws.com/user-files-1/servar/198908/475a3ca8-aaae-4d3b-911a-0ab2f3824008/da12cbe9-b97e-4d5a-a33e-5ffc113a5716/2025-02-05T19%253A32%253A28.978694%252B00%253A00/IMG_3517.jpeg, https://s3-us-west-1.amazonaws.com/user-files-1/servar/198908/475a3ca8-aaae-4d3b-911a-0ab2f3824008/da12cbe9-b97e-4d5a-a33e-5ffc113a5716/2025-02-05T19%253A32%253A28.978630%252B00%253A00/IMG_6875.jpeg",
    "ip_address": "",
    "location": "",
    "metaobject_handle": "review-5a852ff8-9114-435a-979b-74094a790dcf"
  },
  {
    "title": "Beautiful rose",
    "body": "I forgot to add photo to my previous review",
    "rating": 3,
    "review_date": "2025-02-05 00:00:00 UTC",
    "source": "judge-me",
    "curated": "ok",
    "product_id": "4113844142161",
    "product_handle": "gabriel-oak",
    "reply": "",
    "reply_date": "",
    "picture_urls": "https://s3-us-west-1.amazonaws.com/user-files-1/servar/198908/390e7ac1-abc4-4b41-9717-d25ff9966301/da12cbe9-b97e-4d5a-a33e-5ffc113a5716/2025-02-05T19%253A07%253A32.937458%252B00%253A00/IMG_1033.jpeg",
    "ip_address": "",
    "location": "",
    "metaobject_handle": "review-5ff1a755-ee8a-4e9b-8f16-de564b912c32"
  },
  {
    "title": "Beautiful rose",
    "body": "First year in terracotta pot it flowered well. Second year not so well and died later that year, unfortunately.",
    "rating": 3,
    "review_date": "2025-02-05 00:00:00 UTC",
    "source": "judge-me",
    "curated": "ok",
    "product_id": "4113844142161",
    "product_handle": "gabriel-oak",
    "reply": "",
    "reply_date": "",
    "picture_urls": "",
    "ip_address": "",
    "location": "",
    "metaobject_handle": "review-f25ab216-84d6-4fcc-be30-6c934b9c9fd4"
  },
  {
    "title": "",
    "body": "Absolutely beautiful! Lots of flowers and a real wow factor in my garden",
    "rating": 5,
    "review_date": "2025-02-05 00:00:00 UTC",
    "source": "judge-me",
    "curated": "ok",
    "product_id": "4113844142161",
    "product_handle": "gabriel-oak",
    "reply": "",
    "reply_date": "",
    "picture_urls": "",
    "ip_address": "",
    "location": "",
    "metaobject_handle": "review-44ecab71-794d-4f44-b927-03b34464136d"
  },
  {
    "title": "",
    "body": "2 of the roses I purchased 2 years ago have died during last year",
    "rating": 2,
    "review_date": "2025-02-05 00:00:00 UTC",
    "source": "judge-me",
    "curated": "ok",
    "product_id": "4113844142161",
    "product_handle": "gabriel-oak",
    "reply": "",
    "reply_date": "",
    "picture_urls": "",
    "ip_address": "",
    "location": "",
    "metaobject_handle": "review-18eb0f4e-5922-45d4-9a53-feec552e8946"
  },
  {
    "title": "Unbeaten",
    "body": "I love the colour and smell of this rose - absolutely stunning. I have over 20 David Austin Roses in my garden and have never been disappointed.",
    "rating": 5,
    "review_date": "2025-02-05 00:00:00 UTC",
    "source": "judge-me",
    "curated": "ok",
    "product_id": "4113844142161",
    "product_handle": "gabriel-oak",
    "reply": "",
    "reply_date": "",
    "picture_urls": "",
    "ip_address": "",
    "location": "",
    "metaobject_handle": "review-43a4d370-c9d5-47df-8f68-fb3b8d7697f3"
  },
  {
    "title": "",
    "body": "This rose has a good colour and scent, but it is struggling in my rose bed. I bought it for it's colour and it's name, as I have a grandson called Gabriel. I hope the coming season will see it with more blooms.",
    "rating": 2,
    "review_date": "2025-02-05 00:00:00 UTC",
    "source": "judge-me",
    "curated": "ok",
    "product_id": "4113844142161",
    "product_handle": "gabriel-oak",
    "reply": "",
    "reply_date": "",
    "picture_urls": "",
    "ip_address": "",
    "location": "",
    "metaobject_handle": "review-d8704a89-35bf-46cd-838b-0bc42bcb1ac2"
  },
  {
    "title": "",
    "body": "Absolutely perfect \ud83d\udc4d\ud83d\udc4d\ud83d\udc4d",
    "rating": 5,
    "review_date": "2025-05-20 16:48:14 UTC",
    "source": "shop-app",
    "curated": "ok",
    "product_id": "4113844142161",
    "product_handle": "gabriel-oak",
    "reply": "",
    "reply_date": "",
    "picture_urls": "",
    "ip_address": "",
    "location": "",
    "metaobject_handle": "shop-2519111-211113989-f92e02e5-85c2-4098-a916-2abf3d0c9a80"
  },
  {
    "title": "Best rose in my DA collection",
    "body": "Wonderful magenta color\nDeep and strong fruity scent.\nBlooms quite well though out the season",
    "rating": 5,
    "review_date": "2025-04-28 23:17:10 UTC",
    "source": "web",
    "curated": "ok",
    "product_id": "4113844142161",
    "product_handle": "gabriel-oak",
    "reply": "",
    "reply_date": "",
    "picture_urls": "https://s3.amazonaws.com/me.judge.review-images/david-austin-roses-uk/1745882230__img_5129__original.jpeg, https://s3.amazonaws.com/me.judge.review-images/david-austin-roses-uk/1745882233__img_3506__original.jpeg",
    "ip_address": "143.58.151.187",
    "location": "Tower Hamlets, England, United Kingdom",
    "metaobject_handle": "review-d453abcf-edd6-4ef4-ac4f-d24428bfc578"
  },
  {
    "title": "Wonderful",
    "body": "I have about 50 DA Roses. I'm forever digging up more lawn to plant more. Started by buying singly to get as many as possible, though now buy in 3s and 4s and note the even better effect. G Oak was the first to be duplicated. Irresistible colour and scent and  very floriferous for me (south facing in Herefordshire). A little black spot doesn't seem to bother him and is probably mostly due to a nearby sickly beast, now removed.",
    "rating": 5,
    "review_date": "2025-04-29 14:26:42 UTC",
    "source": "web",
    "curated": "ok",
    "product_id": "4113844142161",
    "product_handle": "gabriel-oak",
    "reply": "",
    "reply_date": "",
    "picture_urls": "",
    "ip_address": "81.77.165.11",
    "location": "Blackwood, Wales, United Kingdom",
    "metaobject_handle": "review-87b1152f-7e1b-4aca-8dda-578e76e5c90b"
  },
  {
    "title": "Gabriel Oak Rose",
    "body": "Bought a potted one online, very well packaged. In very good health when received and doing very well. Thank you.",
    "rating": 5,
    "review_date": "2025-05-02 15:04:19 UTC",
    "source": "web",
    "curated": "ok",
    "product_id": "4113844142161",
    "product_handle": "gabriel-oak",
    "reply": "",
    "reply_date": "",
    "picture_urls": "",
    "ip_address": "18.134.207.119",
    "location": "City of London, England, United Kingdom",
    "metaobject_handle": "review-19049692-3504-4ffc-92b8-b7aa4d2b7d6f"
  },
  {
    "title": "",
    "body": "The roses are planted, and looking wonderful.\nMany thanks",
    "rating": 5,
    "review_date": "2025-06-03 07:34:43 UTC",
    "source": "new-rre-flow",
    "curated": "ok",
    "product_id": "4113844142161",
    "product_handle": "gabriel-oak",
    "reply": "",
    "reply_date": "",
    "picture_urls": "",
    "ip_address": "81.150.96.62",
    "location": "Maidenhead, England, United Kingdom",
    "metaobject_handle": "review-9520248b-447f-4f50-b529-a33afed47edd"
  },
  {
    "title": "Gabriel Oak Rose",
    "body": "This is a very exquisite rose. Looks and perfume are super. So much so, that I have bought 5 and now am going to buy another for another of my family. I take great care of mine and welcome the Emails I receive, some reminding when certain jobs have to be done, so thankyou David Austin",
    "rating": 5,
    "review_date": "2025-06-15 15:15:44 UTC",
    "source": "web",
    "curated": "ok",
    "product_id": "4113844142161",
    "product_handle": "gabriel-oak",
    "reply": "",
    "reply_date": "",
    "picture_urls": "",
    "ip_address": "51.194.27.209",
    "location": "Kidlington, England, United Kingdom",
    "metaobject_handle": "review-c565f865-6e6a-4b84-be13-dca22ce3411a"
  },
  {
    "title": "Truly Stunning",
    "body": "My rose arrived in full bloom and so healthy. I love Gabriel as bought him to replace a memorial rose \ud83c\udf39 that sadly died in memory of my late parents. I\u2019ve since purchased more and won\u2019t be buying my roses anywhere else in future. Although I\u2019ve not much experience with roses it\u2019s so helpful receiving the advice leaflet too, I\u2019ve purchased the fungi for the roots and the seaweed feed and growth stimulant to keep him flourishing. Was only apt I bought this one in Memory of my parents as surname Oakes. Thank you so much \ud83d\ude0a",
    "rating": 5,
    "review_date": "2025-06-20 13:11:09 UTC",
    "source": "web",
    "curated": "ok",
    "product_id": "4113844142161",
    "product_handle": "gabriel-oak",
    "reply": "",
    "reply_date": "",
    "picture_urls": "https://s3.amazonaws.com/me.judge.review-images/david-austin-roses-uk/1750425069__img_0071__original.jpeg",
    "ip_address": "2.122.203.65",
    "location": "Bradford, England, United Kingdom",
    "metaobject_handle": "review-0a5902d0-e862-4c94-9ce3-40a0ca1d1c6e"
  },
  {
    "title": "Gabriel Oak",
    "body": "Beautiful colour and fragrance, planted 5 bare root roses in March this year as a short hedge mixed with perennials. Lost count of the number of buds on every one. Just coming into bloom now in Aberdeenshire.",
    "rating": 5,
    "review_date": "2025-06-22 12:55:10 UTC",
    "source": "web",
    "curated": "ok",
    "product_id": "4113844142161",
    "product_handle": "gabriel-oak",
    "reply": "",
    "reply_date": "",
    "picture_urls": "https://s3.amazonaws.com/me.judge.review-images/david-austin-roses-uk/1750596910__1000020185__original.jpg",
    "ip_address": "86.147.177.93",
    "location": "Keith, Scotland, United Kingdom",
    "metaobject_handle": "review-5d06dc7a-94f9-4c9f-8007-59d31457772a"
  },
  {
    "title": "",
    "body": "Always perfect!",
    "rating": 5,
    "review_date": "2025-06-22 16:47:01 UTC",
    "source": "shop-app",
    "curated": "ok",
    "product_id": "4113844142161",
    "product_handle": "gabriel-oak",
    "reply": "",
    "reply_date": "",
    "picture_urls": "",
    "ip_address": "",
    "location": "",
    "metaobject_handle": "shop-2519111-218438876-9cda1f2a-5965-4205-a12e-1b49d71c8a59"
  },
  {
    "title": "Perfect rose!",
    "body": "This rose has so many blooms, with buds and more shoots springing up all over. It has no black spot at all, and has withstood the Scottish rain.  The shape of the flowers is so pretty - especially stunning as they start to open, and they look lovely in a vase.  Being deep pink/almost a light red, the colour doesn't seem to fade as it gets older.  Our local national trust gardens has a huge row of roses, alternating these with lady of shallot, and the colours look amazing together!",
    "rating": 5,
    "review_date": "2025-06-22 20:40:07 UTC",
    "source": "web",
    "curated": "ok",
    "product_id": "4113844142161",
    "product_handle": "gabriel-oak",
    "reply": "",
    "reply_date": "",
    "picture_urls": "",
    "ip_address": "217.42.34.184",
    "location": "Dumfries, Scotland, United Kingdom",
    "metaobject_handle": "review-4f66e694-23b2-4370-a14a-e2c3709ea244"
  },
  {
    "title": "Stunning rose",
    "body": "This is one of the latest additions to my David Austin rose collection. I bought Gabriel Oak as a bare root in April this year and already have a healthy plant with several blooms. It is a very beautiful rose, with an incredible fragrance. Absolutely thrilled",
    "rating": 5,
    "review_date": "2025-06-29 13:54:25 UTC",
    "source": "web",
    "curated": "ok",
    "product_id": "4113844142161",
    "product_handle": "gabriel-oak",
    "reply": "",
    "reply_date": "",
    "picture_urls": "https://s3.amazonaws.com/me.judge.review-images/david-austin-roses-uk/1751205266__img_6030__original.jpeg",
    "ip_address": "86.141.23.37",
    "location": "Bexleyheath, England, United Kingdom",
    "metaobject_handle": "review-e9a9b688-0de8-486a-9f0b-c9dce227e147"
  },
  {
    "title": "",
    "body": "Beautiful rose. Smell\u2019s beautiful. The colour of the rose is a deep pink. Rose is healthy and has flowered none stop since potting it. Would highly recommend. Would buy again.",
    "rating": 5,
    "review_date": "2025-07-04 15:41:57 UTC",
    "source": "shop-app",
    "curated": "ok",
    "product_id": "4113844142161",
    "product_handle": "gabriel-oak",
    "reply": "",
    "reply_date": "",
    "picture_urls": "",
    "ip_address": "",
    "location": "",
    "metaobject_handle": "shop-2519111-221073940-d9cda779-2d49-4874-b91f-b2924c08ea7a"
  },
  {
    "title": "Stunning",
    "body": "I brought this rose in Marvh as a treat for myself. It was barerooted I tubbed it st the time as the bed it was going in wasn't finished. It's now in situ. I was surprised  at how small the flowers were like little pompoms  compared to some I have.  They are so pretty and smell devine. Reall6 healthy plant i would recommend  fir the garden ir tub. I would buy again",
    "rating": 5,
    "review_date": "2025-07-08 05:32:48 UTC",
    "source": "web",
    "curated": "ok",
    "product_id": "4113844142161",
    "product_handle": "gabriel-oak",
    "reply": "",
    "reply_date": "",
    "picture_urls": "",
    "ip_address": "81.155.122.123",
    "location": "Derby, England, United Kingdom",
    "metaobject_handle": "review-ee579c3c-5c38-4e16-9cba-20df3fc76c54"
  },
  {
    "title": "",
    "body": "Actually switched my order to 5 English Rose bare root rose plants, very efficiently done by David Austin Roses!   Delivery was in timeframe stated and rose plants arrived in good condition.  They were planted in accordance with guidance and showed small buds within a few days.  Fantastic!",
    "rating": 5,
    "review_date": "2023-05-02 12:19:53 UTC",
    "source": "shop-app",
    "curated": "ok",
    "product_id": "4114071453777",
    "product_handle": "gabriel-oak-bare-root",
    "reply": "",
    "reply_date": "",
    "picture_urls": "",
    "ip_address": "",
    "location": "",
    "metaobject_handle": "shop-2519111-12929900-8e64254f-11aa-41ef-9862-b24856d781f5"
  },
  {
    "title": "",
    "body": "Beautiful heavily scented little rose.",
    "rating": 5,
    "review_date": "2023-05-18 19:57:33 UTC",
    "source": "shop-app",
    "curated": "ok",
    "product_id": "4114071453777",
    "product_handle": "gabriel-oak-bare-root",
    "reply": "",
    "reply_date": "",
    "picture_urls": "",
    "ip_address": "",
    "location": "",
    "metaobject_handle": "shop-2519111-13408999-e58553e7-ccee-4e14-ab11-5d1074bb1461"
  },
  {
    "title": "",
    "body": "Planted in my new terracotta container looks great . Waiting to see what happens next year. \ud83c\udf39\ud83e\udd40",
    "rating": 5,
    "review_date": "2023-11-08 12:08:49 UTC",
    "source": "shop-app",
    "curated": "ok",
    "product_id": "4114071453777",
    "product_handle": "gabriel-oak-bare-root",
    "reply": "",
    "reply_date": "",
    "picture_urls": "",
    "ip_address": "",
    "location": "",
    "metaobject_handle": "shop-2519111-47918759-9481ebaf-35ee-4ec0-9d13-ca3d44375456"
  },
  {
    "title": "",
    "body": "Faster than expected",
    "rating": 5,
    "review_date": "2024-03-30 14:26:56 UTC",
    "source": "shop-app",
    "curated": "ok",
    "product_id": "4114071453777",
    "product_handle": "gabriel-oak-bare-root",
    "reply": "",
    "reply_date": "",
    "picture_urls": "",
    "ip_address": "",
    "location": "",
    "metaobject_handle": "shop-2519111-130473454-eb4a1d7a-5dd7-442a-af0e-b161ce0d888c"
  },
  {
    "title": "",
    "body": "Excellent",
    "rating": 5,
    "review_date": "2024-04-04 13:04:12 UTC",
    "source": "shop-app",
    "curated": "ok",
    "product_id": "4114071453777",
    "product_handle": "gabriel-oak-bare-root",
    "reply": "",
    "reply_date": "",
    "picture_urls": "",
    "ip_address": "",
    "location": "",
    "metaobject_handle": "shop-2519111-131351369-7b8f64c8-3f3c-4725-962b-0699a7c5bf7b"
  },
  {
    "title": "",
    "body": "Exactly right",
    "rating": 4,
    "review_date": "2024-04-12 06:21:45 UTC",
    "source": "shop-app",
    "curated": "ok",
    "product_id": "4114071453777",
    "product_handle": "gabriel-oak-bare-root",
    "reply": "",
    "reply_date": "",
    "picture_urls": "",
    "ip_address": "",
    "location": "",
    "metaobject_handle": "shop-2519111-133147802-41b12e46-23f9-49df-89c1-19626bebd651"
  },
  {
    "title": "",
    "body": "Was a little broken when arrived but growing well.",
    "rating": 5,
    "review_date": "2024-05-15 13:42:08 UTC",
    "source": "shop-app",
    "curated": "ok",
    "product_id": "4114071453777",
    "product_handle": "gabriel-oak-bare-root",
    "reply": "",
    "reply_date": "",
    "picture_urls": "",
    "ip_address": "",
    "location": "",
    "metaobject_handle": "shop-2519111-138664190-644c8cbf-8943-4ae5-9de5-8efe974b8544"
  },
  {
    "title": "",
    "body": "Very happy with my rose it is not as big as I thought it it is lovely.",
    "rating": 5,
    "review_date": "2024-07-05 12:37:05 UTC",
    "source": "shop-app",
    "curated": "ok",
    "product_id": "4114101502033",
    "product_handle": "gabriel-oak-potted",
    "reply": "",
    "reply_date": "",
    "picture_urls": "",
    "ip_address": "",
    "location": "",
    "metaobject_handle": "shop-2519111-147852981-c00bb88d-fc7f-4166-9d98-d040d6efecbd"
  },
  {
    "title": "",
    "body": "Amazing buds already appeared after 2 months",
    "rating": 5,
    "review_date": "2023-05-28 15:18:33 UTC",
    "source": "shop-app",
    "curated": "ok",
    "product_id": "4114101502033",
    "product_handle": "gabriel-oak-potted",
    "reply": "",
    "reply_date": "",
    "picture_urls": "",
    "ip_address": "",
    "location": "",
    "metaobject_handle": "shop-2519111-13663060-5f680691-58be-48f2-8af2-b6658fc0631b"
  },
  {
    "title": "",
    "body": "Beautiful robust plant",
    "rating": 5,
    "review_date": "2023-06-12 19:37:18 UTC",
    "source": "shop-app",
    "curated": "ok",
    "product_id": "4114101502033",
    "product_handle": "gabriel-oak-potted",
    "reply": "",
    "reply_date": "",
    "picture_urls": "",
    "ip_address": "",
    "location": "",
    "metaobject_handle": "shop-2519111-14063367-245beaa7-2d4c-48e3-baac-3f91d970f7f9"
  },
  {
    "title": "",
    "body": "Great service as always",
    "rating": 5,
    "review_date": "2023-06-22 16:59:32 UTC",
    "source": "shop-app",
    "curated": "ok",
    "product_id": "4114101502033",
    "product_handle": "gabriel-oak-potted",
    "reply": "",
    "reply_date": "",
    "picture_urls": "",
    "ip_address": "",
    "location": "",
    "metaobject_handle": "shop-2519111-14352690-46c67d52-c6e5-4cc2-b149-51818bd50c35"
  },
  {
    "title": "",
    "body": "Beautiful.",
    "rating": 5,
    "review_date": "2023-06-28 16:13:01 UTC",
    "source": "shop-app",
    "curated": "ok",
    "product_id": "4114101502033",
    "product_handle": "gabriel-oak-potted",
    "reply": "",
    "reply_date": "",
    "picture_urls": "",
    "ip_address": "",
    "location": "",
    "metaobject_handle": "shop-2519111-14513647-bb2b70f8-5ffd-43af-baf3-c6592aa26712"
  },
  {
    "title": "",
    "body": "Brilliant colour and growing strong",
    "rating": 5,
    "review_date": "2023-07-03 14:06:55 UTC",
    "source": "shop-app",
    "curated": "ok",
    "product_id": "4114101502033",
    "product_handle": "gabriel-oak-potted",
    "reply": "",
    "reply_date": "",
    "picture_urls": "",
    "ip_address": "",
    "location": "",
    "metaobject_handle": "shop-2519111-14641822-2efb7e4c-1f56-4bbf-86b1-6e8ad9a6990f"
  },
  {
    "title": "",
    "body": "Beautiful rose in excellent condition. Bought as a gift and delivery was so quick.",
    "rating": 5,
    "review_date": "2023-07-11 11:38:42 UTC",
    "source": "shop-app",
    "curated": "ok",
    "product_id": "4114101502033",
    "product_handle": "gabriel-oak-potted",
    "reply": "",
    "reply_date": "",
    "picture_urls": "",
    "ip_address": "",
    "location": "",
    "metaobject_handle": "shop-2519111-32403973-99ae73a3-9404-4daa-95cc-dc202492f766"
  },
  {
    "title": "",
    "body": "Good colour",
    "rating": 5,
    "review_date": "2023-07-26 12:04:37 UTC",
    "source": "shop-app",
    "curated": "ok",
    "product_id": "4114101502033",
    "product_handle": "gabriel-oak-potted",
    "reply": "",
    "reply_date": "",
    "picture_urls": "",
    "ip_address": "",
    "location": "",
    "metaobject_handle": "shop-2519111-33640653-0a0a52a6-e536-471e-8807-4531ff8ce55d"
  },
  {
    "title": "",
    "body": "This grew well and the scent is stunning.  I\u2019ve bought a few more different roses since. Worth the money with a long guarantee",
    "rating": 5,
    "review_date": "2023-07-26 19:02:57 UTC",
    "source": "shop-app",
    "curated": "ok",
    "product_id": "4114101502033",
    "product_handle": "gabriel-oak-potted",
    "reply": "",
    "reply_date": "",
    "picture_urls": "",
    "ip_address": "",
    "location": "",
    "metaobject_handle": "shop-2519111-33660538-79bef4cc-2aca-4b2a-b333-b3e68ab5390a"
  },
  {
    "title": "",
    "body": "Love, love, love the fragrance and the plant is big and strong and well established",
    "rating": 5,
    "review_date": "2023-08-08 13:27:50 UTC",
    "source": "shop-app",
    "curated": "ok",
    "product_id": "4114101502033",
    "product_handle": "gabriel-oak-potted",
    "reply": "",
    "reply_date": "",
    "picture_urls": "",
    "ip_address": "",
    "location": "",
    "metaobject_handle": "shop-2519111-34420480-63cdc85d-5089-4730-a694-a730c92ac6bb"
  },
  {
    "title": "",
    "body": "Not as healthy as usual purchases",
    "rating": 3,
    "review_date": "2023-09-01 11:36:58 UTC",
    "source": "shop-app",
    "curated": "ok",
    "product_id": "4114101502033",
    "product_handle": "gabriel-oak-potted",
    "reply": "",
    "reply_date": "",
    "picture_urls": "",
    "ip_address": "",
    "location": "",
    "metaobject_handle": "shop-2519111-35853858-5c8a4df4-3b17-4078-9643-cea822f0771b"
  },
  {
    "title": "",
    "body": "Beautiful rose. Delivered superbly wrapped and planted straight away and thriving.  Thoroughly recommend",
    "rating": 5,
    "review_date": "2023-09-05 08:29:36 UTC",
    "source": "shop-app",
    "curated": "ok",
    "product_id": "4114101502033",
    "product_handle": "gabriel-oak-potted",
    "reply": "",
    "reply_date": "",
    "picture_urls": "",
    "ip_address": "",
    "location": "",
    "metaobject_handle": "shop-2519111-36081557-13fd60ff-bb6f-4717-94f5-3e1482881c2f"
  },
  {
    "title": "",
    "body": "Amazing and very quick delivery",
    "rating": 5,
    "review_date": "2023-09-29 13:57:08 UTC",
    "source": "shop-app",
    "curated": "ok",
    "product_id": "4114101502033",
    "product_handle": "gabriel-oak-potted",
    "reply": "",
    "reply_date": "",
    "picture_urls": "",
    "ip_address": "",
    "location": "",
    "metaobject_handle": "shop-2519111-38148210-2c0d4fd1-f9a3-41de-919b-5345d7ae4de5"
  },
  {
    "title": "",
    "body": "Beautiful shrub rose from David Austin. \nFragrance and repeat flowering evoked memories of my father\u2019s rose garden .",
    "rating": 5,
    "review_date": "2023-10-20 10:49:38 UTC",
    "source": "shop-app",
    "curated": "ok",
    "product_id": "4114101502033",
    "product_handle": "gabriel-oak-potted",
    "reply": "",
    "reply_date": "",
    "picture_urls": "",
    "ip_address": "",
    "location": "",
    "metaobject_handle": "shop-2519111-40626073-f2732634-1dc1-4c7c-8b15-4bbb0e05bfdd"
  },
  {
    "title": "",
    "body": "Gorgeous colours and smells",
    "rating": 5,
    "review_date": "2024-01-02 16:18:00 UTC",
    "source": "shop-app",
    "curated": "ok",
    "product_id": "4114101502033",
    "product_handle": "gabriel-oak-potted",
    "reply": "",
    "reply_date": "",
    "picture_urls": "",
    "ip_address": "",
    "location": "",
    "metaobject_handle": "shop-2519111-107884428-bda14262-6f61-4cf1-bc73-20a52d54c8df"
  },
  {
    "title": "",
    "body": "A stunner!",
    "rating": 5,
    "review_date": "2024-05-10 16:28:44 UTC",
    "source": "shop-app",
    "curated": "ok",
    "product_id": "4114101502033",
    "product_handle": "gabriel-oak-potted",
    "reply": "",
    "reply_date": "",
    "picture_urls": "",
    "ip_address": "",
    "location": "",
    "metaobject_handle": "shop-2519111-137864733-0995b2a6-a15c-4888-865b-bc7fb62813d6"
  },
  {
    "title": "",
    "body": "Received the Roses only to find it in a state when I opened the box. A full rose head was decapitated",
    "rating": 3,
    "review_date": "2024-06-14 14:21:54 UTC",
    "source": "shop-app",
    "curated": "ok",
    "product_id": "4114101502033",
    "product_handle": "gabriel-oak-potted",
    "reply": "",
    "reply_date": "",
    "picture_urls": "",
    "ip_address": "",
    "location": "",
    "metaobject_handle": "shop-2519111-144453280-9344e2b6-0dd6-47a4-a429-6362fbaa1098"
  },
  {
    "title": "",
    "body": "A lovely rose in full bud",
    "rating": 5,
    "review_date": "2024-07-07 10:46:59 UTC",
    "source": "shop-app",
    "curated": "ok",
    "product_id": "4114101502033",
    "product_handle": "gabriel-oak-potted",
    "reply": "",
    "reply_date": "",
    "picture_urls": "",
    "ip_address": "",
    "location": "",
    "metaobject_handle": "shop-2519111-148148482-517025f8-e83d-4d35-9288-3ad05dcebf06"
  },
  {
    "title": "",
    "body": "Excellent plants in perfect condition when delivered x smell Devine x thank you",
    "rating": 5,
    "review_date": "2024-07-09 16:52:48 UTC",
    "source": "shop-app",
    "curated": "ok",
    "product_id": "4114101502033",
    "product_handle": "gabriel-oak-potted",
    "reply": "",
    "reply_date": "",
    "picture_urls": "",
    "ip_address": "",
    "location": "",
    "metaobject_handle": "shop-2519111-148545412-ca0d2ce7-ee6b-4bf0-8d37-f480cac99976"
  },
  {
    "title": "",
    "body": "Stunning rose!",
    "rating": 5,
    "review_date": "2024-10-06 15:34:30 UTC",
    "source": "shop-app",
    "curated": "ok",
    "product_id": "4114101502033",
    "product_handle": "gabriel-oak-potted",
    "reply": "",
    "reply_date": "",
    "picture_urls": "",
    "ip_address": "",
    "location": "",
    "metaobject_handle": "shop-2519111-161418234-13e37a3a-fda8-4d91-8eb8-7aaf060bb411"
  },
  {
    "title": "",
    "body": "Beautiful rose sent as a gift. The roses are so dramatic and vibrant. Recipient very happy. Arrived in perfect condition. Thank you!",
    "rating": 5,
    "review_date": "2024-10-23 05:04:04 UTC",
    "source": "shop-app",
    "curated": "ok",
    "product_id": "4114101502033",
    "product_handle": "gabriel-oak-potted",
    "reply": "",
    "reply_date": "",
    "picture_urls": "",
    "ip_address": "",
    "location": "",
    "metaobject_handle": "shop-2519111-163772080-e7f8c2fa-f7ea-41fa-8360-f9a31b707b1f"
  },
  {
    "title": "",
    "body": "A beautiful majestic specimen",
    "rating": 5,
    "review_date": "2024-10-06 13:21:19 UTC",
    "source": "shop-app",
    "curated": "ok",
    "product_id": "4114101502033",
    "product_handle": "gabriel-oak-potted",
    "reply": "",
    "reply_date": "",
    "picture_urls": "",
    "ip_address": "",
    "location": "",
    "metaobject_handle": "shop-2519111-161409388-a3bd6e8f-3b6e-4c83-a8f5-0720b46af057"
  }
]