[
  {
    "title": "",
    "body": "My friend loved it great gift",
    "rating": 5,
    "review_date": "2025-05-19 15:35:34 UTC",
    "source": "shop-app",
    "curated": "ok",
    "product_id": "7111861895249",
    "product_handle": "garden-lovers-gift-box",
    "reply": "",
    "reply_date": "",
    "picture_urls": "",
    "ip_address": "",
    "location": "",
    "metaobject_handle": "shop-2519111-210853318-c05decc4-9969-4e57-a211-ae258731af5b"
  },
  {
    "title": "",
    "body": "I ordered this as a birthday gift for my best friend, she absolutley loved it and cannot wait to order her rose",
    "rating": 5,
    "review_date": "2025-07-05 08:49:13 UTC",
    "source": "shop-app",
    "curated": "ok",
    "product_id": "7111861895249",
    "product_handle": "garden-lovers-gift-box",
    "reply": "",
    "reply_date": "",
    "picture_urls": "",
    "ip_address": "",
    "location": "",
    "metaobject_handle": "shop-2519111-221188437-d549ccf2-7c27-476e-aad7-91b304b4f5a6"
  }
]