[
  {
    "title": "",
    "body": "David Austin in general make return incredibly difficult. One of my eight roses delivered in very poor broken condition.  I just keep being told to \u2018just plant it\u2019. My issue is I raised an issue, customer service staff do everything they can to make return very difficult so you end up keeping a damaged plant as you can\u2019t be bothered to keep arguing & jumping through ridiculous hoops.",
    "rating": 1,
    "review_date": "2023-07-21 11:08:39 UTC",
    "source": "shop-app",
    "curated": "ok",
    "product_id": "4114101698641",
    "product_handle": "gentle-hermione-shrub-rose-potted",
    "reply": "",
    "reply_date": "",
    "picture_urls": "",
    "ip_address": "",
    "location": "",
    "metaobject_handle": "shop-2519111-33373332-bb2ad8ea-b798-4817-87f6-b94fedbfa781"
  }
]