[
  {
    "title": "",
    "body": "Excellent packing as usual",
    "rating": 5,
    "review_date": "2023-05-18 10:04:27 UTC",
    "source": "shop-app",
    "curated": "ok",
    "product_id": "4114101764177",
    "product_handle": "gertrude-jekyll-shrub-rose-potted",
    "reply": "",
    "reply_date": "",
    "picture_urls": "",
    "ip_address": "",
    "location": "",
    "metaobject_handle": "shop-2519111-13393715-b7da9416-9813-4fb8-bf8e-5920a9c9f2a6"
  },
  {
    "title": "",
    "body": "Really health plant as always from David Austin.  Arrived promptly and packaged with care.",
    "rating": 5,
    "review_date": "2023-06-19 21:08:20 UTC",
    "source": "shop-app",
    "curated": "ok",
    "product_id": "4114101764177",
    "product_handle": "gertrude-jekyll-shrub-rose-potted",
    "reply": "",
    "reply_date": "",
    "picture_urls": "",
    "ip_address": "",
    "location": "",
    "metaobject_handle": "shop-2519111-14268420-11ab039e-12a7-472e-94cd-36eeeb4293dc"
  },
  {
    "title": "",
    "body": "Beautiful rose with marvelous scent",
    "rating": 5,
    "review_date": "2023-06-29 14:40:27 UTC",
    "source": "shop-app",
    "curated": "ok",
    "product_id": "4114101764177",
    "product_handle": "gertrude-jekyll-shrub-rose-potted",
    "reply": "",
    "reply_date": "",
    "picture_urls": "",
    "ip_address": "",
    "location": "",
    "metaobject_handle": "shop-2519111-14540025-2278954f-ccce-45e5-a033-1f403017104b"
  },
  {
    "title": "",
    "body": "Fantastic roses , so easy to order pay and receive , bought for a friend she loves it so fragrant",
    "rating": 5,
    "review_date": "2023-07-25 09:56:12 UTC",
    "source": "shop-app",
    "curated": "ok",
    "product_id": "4114101764177",
    "product_handle": "gertrude-jekyll-shrub-rose-potted",
    "reply": "",
    "reply_date": "",
    "picture_urls": "",
    "ip_address": "",
    "location": "",
    "metaobject_handle": "shop-2519111-33565990-987b108c-f6a7-411e-b8d0-699a6ffc60c5"
  },
  {
    "title": "",
    "body": "Quick Delivery well packaged would recommend is a health rose",
    "rating": 5,
    "review_date": "2023-09-06 23:49:10 UTC",
    "source": "shop-app",
    "curated": "ok",
    "product_id": "4114101764177",
    "product_handle": "gertrude-jekyll-shrub-rose-potted",
    "reply": "",
    "reply_date": "",
    "picture_urls": "",
    "ip_address": "",
    "location": "",
    "metaobject_handle": "shop-2519111-36207833-e98e7ea3-f7be-4596-ac83-4326f27e5ce3"
  },
  {
    "title": "",
    "body": "Lovely rose packed well",
    "rating": 5,
    "review_date": "2023-10-20 14:49:07 UTC",
    "source": "shop-app",
    "curated": "ok",
    "product_id": "4114101764177",
    "product_handle": "gertrude-jekyll-shrub-rose-potted",
    "reply": "",
    "reply_date": "",
    "picture_urls": "",
    "ip_address": "",
    "location": "",
    "metaobject_handle": "shop-2519111-40645421-010fa114-824c-4fdb-8ce8-9677d6ebb27b"
  },
  {
    "title": "",
    "body": "Always a pleasure buying from you. Can\u2019t wait for my bare root rose to bloom next season",
    "rating": 5,
    "review_date": "2024-01-19 20:22:57 UTC",
    "source": "shop-app",
    "curated": "ok",
    "product_id": "4114072305745",
    "product_handle": "gertrude-jekyll-shrub-rose-bare-root",
    "reply": "",
    "reply_date": "",
    "picture_urls": "",
    "ip_address": "",
    "location": "",
    "metaobject_handle": "shop-2519111-113191316-2fa005ec-c39a-4cb6-a0b9-2cb3c9d810a4"
  },
  {
    "title": "",
    "body": "Arrived I great condition, well packed, instructions make sense, hope for blooming good results",
    "rating": 5,
    "review_date": "2024-02-02 10:51:01 UTC",
    "source": "shop-app",
    "curated": "ok",
    "product_id": "4114072305745",
    "product_handle": "gertrude-jekyll-shrub-rose-bare-root",
    "reply": "",
    "reply_date": "",
    "picture_urls": "",
    "ip_address": "",
    "location": "",
    "metaobject_handle": "shop-2519111-116838495-93ad66a0-a9e2-4f99-80a6-08919cc4b476"
  }
]