[
  {
    "title": "",
    "body": "I love this rose .. planted in my raised bed and it looks fabulous\u2026 beautifully full and thriving\u2026 best ever",
    "rating": 5,
    "review_date": "2023-06-07 20:11:51 UTC",
    "source": "shop-app",
    "curated": "ok",
    "product_id": "4114097340497",
    "product_handle": "gertrude-jekyll-shrub-rose-potted-1",
    "reply": "",
    "reply_date": "",
    "picture_urls": "",
    "ip_address": "",
    "location": "",
    "metaobject_handle": "shop-2519111-13929674-d61acea5-026b-46d9-89d4-913a0f352fbd"
  },
  {
    "title": "",
    "body": "I love this rose. It is the most beautiful pink and like all David Austen roses was very healthy when it arrived and done so well since.  Can\u2019t wait till it covers my willow obelisk.",
    "rating": 5,
    "review_date": "2023-06-09 08:58:51 UTC",
    "source": "shop-app",
    "curated": "ok",
    "product_id": "4114097340497",
    "product_handle": "gertrude-jekyll-shrub-rose-potted-1",
    "reply": "",
    "reply_date": "",
    "picture_urls": "",
    "ip_address": "",
    "location": "",
    "metaobject_handle": "shop-2519111-13974133-a7cb44b5-8429-47a2-8f3c-2fbac35eabce"
  },
  {
    "title": "",
    "body": "Beautiful, sweet smelling climber",
    "rating": 5,
    "review_date": "2023-06-11 20:58:16 UTC",
    "source": "shop-app",
    "curated": "ok",
    "product_id": "4114097340497",
    "product_handle": "gertrude-jekyll-shrub-rose-potted-1",
    "reply": "",
    "reply_date": "",
    "picture_urls": "",
    "ip_address": "",
    "location": "",
    "metaobject_handle": "shop-2519111-14040085-87f3e578-8e97-4df8-a261-678fbfdfd1dd"
  },
  {
    "title": "",
    "body": "Gorgeous rose, smells amazing x",
    "rating": 5,
    "review_date": "2023-06-19 12:26:58 UTC",
    "source": "shop-app",
    "curated": "ok",
    "product_id": "4114097340497",
    "product_handle": "gertrude-jekyll-shrub-rose-potted-1",
    "reply": "",
    "reply_date": "",
    "picture_urls": "",
    "ip_address": "",
    "location": "",
    "metaobject_handle": "shop-2519111-14252920-ca0c7e61-c30b-458b-a105-b6551d9c1dca"
  },
  {
    "title": "",
    "body": "Perfect condition.",
    "rating": 5,
    "review_date": "2023-07-17 13:31:18 UTC",
    "source": "shop-app",
    "curated": "ok",
    "product_id": "4114097340497",
    "product_handle": "gertrude-jekyll-shrub-rose-potted-1",
    "reply": "",
    "reply_date": "",
    "picture_urls": "",
    "ip_address": "",
    "location": "",
    "metaobject_handle": "shop-2519111-33071337-5fced8d2-5e99-4ed2-8413-6fdd5fa688a6"
  },
  {
    "title": "",
    "body": "Beautiful as always!",
    "rating": 5,
    "review_date": "2023-07-26 12:03:32 UTC",
    "source": "shop-app",
    "curated": "ok",
    "product_id": "4114097340497",
    "product_handle": "gertrude-jekyll-shrub-rose-potted-1",
    "reply": "",
    "reply_date": "",
    "picture_urls": "",
    "ip_address": "",
    "location": "",
    "metaobject_handle": "shop-2519111-33640620-3db1e768-1a94-4bc3-aad2-2a53e67836fc"
  },
  {
    "title": "",
    "body": "Well packed - arrived in said timescale - very healthy plant - lots of buds\nPlanted in my garden on the day of arrival - beautiful perfume -\nRecommend.",
    "rating": 5,
    "review_date": "2023-08-18 11:19:32 UTC",
    "source": "shop-app",
    "curated": "ok",
    "product_id": "4114097340497",
    "product_handle": "gertrude-jekyll-shrub-rose-potted-1",
    "reply": "",
    "reply_date": "",
    "picture_urls": "",
    "ip_address": "",
    "location": "",
    "metaobject_handle": "shop-2519111-34962454-7019a939-2192-40e7-9a95-924df04a24f3"
  },
  {
    "title": "",
    "body": "Love this Gertrude Jekyll Rose, my favourite. X",
    "rating": 5,
    "review_date": "2023-08-23 11:34:26 UTC",
    "source": "shop-app",
    "curated": "ok",
    "product_id": "4114097340497",
    "product_handle": "gertrude-jekyll-shrub-rose-potted-1",
    "reply": "",
    "reply_date": "",
    "picture_urls": "",
    "ip_address": "",
    "location": "",
    "metaobject_handle": "shop-2519111-35243253-f1d1b3f6-3c23-4083-8779-63dee751d3d0"
  },
  {
    "title": "",
    "body": "All planted and looking forward to seeing the blooms next year",
    "rating": 5,
    "review_date": "2023-11-22 08:20:04 UTC",
    "source": "shop-app",
    "curated": "ok",
    "product_id": "4114097340497",
    "product_handle": "gertrude-jekyll-shrub-rose-potted-1",
    "reply": "",
    "reply_date": "",
    "picture_urls": "",
    "ip_address": "",
    "location": "",
    "metaobject_handle": "shop-2519111-53720320-05deff40-9eb3-402b-abac-50baa3da4f9f"
  },
  {
    "title": "",
    "body": "Utter bliss",
    "rating": 5,
    "review_date": "2024-03-23 09:15:42 UTC",
    "source": "shop-app",
    "curated": "ok",
    "product_id": "4114097340497",
    "product_handle": "gertrude-jekyll-shrub-rose-potted-1",
    "reply": "",
    "reply_date": "",
    "picture_urls": "",
    "ip_address": "",
    "location": "",
    "metaobject_handle": "shop-2519111-129283512-8fb1f26f-0b97-47b2-acfc-7ecef416513f"
  },
  {
    "title": "",
    "body": "Beautiful smelling rose - I am very happy.",
    "rating": 5,
    "review_date": "2024-06-18 15:59:30 UTC",
    "source": "shop-app",
    "curated": "ok",
    "product_id": "4114097340497",
    "product_handle": "gertrude-jekyll-shrub-rose-potted-1",
    "reply": "",
    "reply_date": "",
    "picture_urls": "",
    "ip_address": "",
    "location": "",
    "metaobject_handle": "shop-2519111-145076363-e65a7753-6a33-43e3-b6c9-5bb9052252a7"
  },
  {
    "title": "",
    "body": "Absolutely beautiful, healthy rose. Well packaged, couldn't ask for more.",
    "rating": 5,
    "review_date": "2024-06-24 10:18:49 UTC",
    "source": "shop-app",
    "curated": "ok",
    "product_id": "4114097340497",
    "product_handle": "gertrude-jekyll-shrub-rose-potted-1",
    "reply": "",
    "reply_date": "",
    "picture_urls": "",
    "ip_address": "",
    "location": "",
    "metaobject_handle": "shop-2519111-145994573-eb733896-afb4-463e-9a61-d824688475e9"
  }
]