[
  {
    "title": "",
    "body": "All brilliant",
    "rating": 5,
    "review_date": "2025-02-01 14:21:52 UTC",
    "source": "shop-app",
    "curated": "ok",
    "product_id": "4113845092433",
    "product_handle": "gertrude-jekyll",
    "reply": "",
    "reply_date": "",
    "picture_urls": "",
    "ip_address": "",
    "location": "",
    "metaobject_handle": "shop-2519111-183206592-3567e97e-d292-476c-8e4f-5e1e3a3a421a"
  },
  {
    "title": "Flowering beautifully",
    "body": "As with all David Austen roses I was really pleased to welcome another bloom to our garden, and this one is definitely worth the hype.",
    "rating": 5,
    "review_date": "2025-02-19 00:00:00 UTC",
    "source": "judge-me",
    "curated": "ok",
    "product_id": "4113845092433",
    "product_handle": "gertrude-jekyll",
    "reply": "",
    "reply_date": "",
    "picture_urls": "",
    "ip_address": "",
    "location": "",
    "metaobject_handle": "review-27acfbf8-a9e2-49a3-a91e-bc091057aeb0"
  },
  {
    "title": "",
    "body": "Beautiful rose, love the colour and fragrance. Your roses never disappoint for quality and reliability.",
    "rating": 5,
    "review_date": "2025-02-19 00:00:00 UTC",
    "source": "judge-me",
    "curated": "ok",
    "product_id": "4113845092433",
    "product_handle": "gertrude-jekyll",
    "reply": "",
    "reply_date": "",
    "picture_urls": "",
    "ip_address": "",
    "location": "",
    "metaobject_handle": "review-3ad5caeb-e39c-4ddb-8349-c8d14bf310ca"
  },
  {
    "title": "Such a beauty",
    "body": "Have just started buying your lovely roses and I can say truly hooked",
    "rating": 5,
    "review_date": "2025-02-19 00:00:00 UTC",
    "source": "judge-me",
    "curated": "ok",
    "product_id": "4113845092433",
    "product_handle": "gertrude-jekyll",
    "reply": "",
    "reply_date": "",
    "picture_urls": "",
    "ip_address": "",
    "location": "",
    "metaobject_handle": "review-b8890e13-bc08-4c29-862c-0c81d085b798"
  },
  {
    "title": "",
    "body": "This is my favourite rose,the scent is fantastic,it just makes me feel hapy.",
    "rating": 5,
    "review_date": "2025-02-19 00:00:00 UTC",
    "source": "judge-me",
    "curated": "ok",
    "product_id": "4113845092433",
    "product_handle": "gertrude-jekyll",
    "reply": "",
    "reply_date": "",
    "picture_urls": "",
    "ip_address": "",
    "location": "",
    "metaobject_handle": "review-cced9cc3-a9a9-46f2-84cd-f9eeb0513b71"
  },
  {
    "title": "Not done well",
    "body": "Compare to some of my roses, it still seems quite small with not many blooms",
    "rating": 3,
    "review_date": "2025-02-16 00:00:00 UTC",
    "source": "judge-me",
    "curated": "ok",
    "product_id": "4113845092433",
    "product_handle": "gertrude-jekyll",
    "reply": "",
    "reply_date": "",
    "picture_urls": "https://s3-us-west-1.amazonaws.com/user-files-1/servar/198908/aa6faace-0d48-4f4a-8f02-81af9ca6b437/da12cbe9-b97e-4d5a-a33e-5ffc113a5716/2025-02-16T21%253A12%253A04.603498%252B00%253A00/IMG_9313.jpeg, https://s3.amazonaws.com/me.judge.review-images/david-austin-roses-uk/1740139766__1740139759542-img_9313__original.jpeg",
    "ip_address": "",
    "location": "",
    "metaobject_handle": "review-6b868a0e-466e-4af3-b78b-aba3018d372d"
  },
  {
    "title": "Simply glorious",
    "body": "I am delighted with the Gertrude Jekyll rose bought from David Austin. I have it near the front door and as it heavily scented it hits tou as you leave and come home. The scent is delightful and the rose petals are an attractive pink. I have a number of them in my garden now,",
    "rating": 5,
    "review_date": "2025-02-14 00:00:00 UTC",
    "source": "judge-me",
    "curated": "ok",
    "product_id": "4113845092433",
    "product_handle": "gertrude-jekyll",
    "reply": "",
    "reply_date": "",
    "picture_urls": "",
    "ip_address": "",
    "location": "",
    "metaobject_handle": "review-863fb09e-ed30-496b-8237-e1283dbc5868"
  },
  {
    "title": "Gertrude Jekyll",
    "body": "The MOST intense fragrance from a rose and a beautiful colour. Perfect to place close to where you will sit or walk by.",
    "rating": 4,
    "review_date": "2025-02-14 00:00:00 UTC",
    "source": "judge-me",
    "curated": "ok",
    "product_id": "4113845092433",
    "product_handle": "gertrude-jekyll",
    "reply": "",
    "reply_date": "",
    "picture_urls": "",
    "ip_address": "",
    "location": "",
    "metaobject_handle": "review-d658e3b0-7193-4c5f-96a2-f0aa961b17d0"
  },
  {
    "title": "Gertrude Jekyll - Shrub & Climber",
    "body": "My favourite rose.\n Reliable flowering, beautiful scent & strong rose.\n A true classic.",
    "rating": 5,
    "review_date": "2025-02-06 00:00:00 UTC",
    "source": "judge-me",
    "curated": "ok",
    "product_id": "4113845092433",
    "product_handle": "gertrude-jekyll",
    "reply": "",
    "reply_date": "",
    "picture_urls": "",
    "ip_address": "",
    "location": "",
    "metaobject_handle": "review-783bcb1d-98e2-45b0-a4a5-59a23a3ddd86"
  },
  {
    "title": "Beautiful",
    "body": "A gift for me at another house which once well established I had to leave when I moved. Beautiful scent and blooms with memories so I just had to purchase one for where I am now. It\u201a\u00c4\u00f4s a strong plant and I would only ever order roses from D.A. I am looking forward to the blooms this year and the scent evoking the memories & the blooms a source of wonder with the pretty colours and perfect shape !",
    "rating": 5,
    "review_date": "2025-02-06 00:00:00 UTC",
    "source": "judge-me",
    "curated": "ok",
    "product_id": "4113845092433",
    "product_handle": "gertrude-jekyll",
    "reply": "",
    "reply_date": "",
    "picture_urls": "",
    "ip_address": "",
    "location": "",
    "metaobject_handle": "review-4995dec1-912f-4dcb-affc-5c97a88c7a5c"
  },
  {
    "title": "Gertrude jekyll",
    "body": "Beautiful fragrance and prolific flowering. I have brought many as gifts.",
    "rating": 5,
    "review_date": "2025-02-05 00:00:00 UTC",
    "source": "judge-me",
    "curated": "ok",
    "product_id": "4113845092433",
    "product_handle": "gertrude-jekyll",
    "reply": "",
    "reply_date": "",
    "picture_urls": "https://s3-us-west-1.amazonaws.com/user-files-1/servar/198908/ccaaa777-bda8-43bf-8405-6de67d2c0a40/da12cbe9-b97e-4d5a-a33e-5ffc113a5716/2025-02-05T14%253A02%253A00.458262%252B00%253A00/20230531_165201.jpg",
    "ip_address": "",
    "location": "",
    "metaobject_handle": "review-56b83de5-691b-463d-919f-727653ca4001"
  },
  {
    "title": "",
    "body": "I liked everything, fast delivery well wrapped packaging, to top it all the potted rose looked healthy!\nIt will be very beautiful this year thats the confidence i have in David Austen roses! \nThankyou !",
    "rating": 5,
    "review_date": "2025-01-16 11:32:46 UTC",
    "source": "shop-app",
    "curated": "ok",
    "product_id": "4113845092433",
    "product_handle": "gertrude-jekyll",
    "reply": "",
    "reply_date": "",
    "picture_urls": "",
    "ip_address": "",
    "location": "",
    "metaobject_handle": "shop-2519111-180194354-6e475d20-0e91-4c76-b69d-f2d79812e50f"
  },
  {
    "title": "",
    "body": "Well packaged and presented, it was easy to open to get to the rose without damaging it. Packaging is recyclable which is a bonus.",
    "rating": 5,
    "review_date": "2024-12-04 20:37:05 UTC",
    "source": "shop-app",
    "curated": "ok",
    "product_id": "4113845092433",
    "product_handle": "gertrude-jekyll",
    "reply": "",
    "reply_date": "",
    "picture_urls": "",
    "ip_address": "",
    "location": "",
    "metaobject_handle": "shop-2519111-171193985-e3859621-bfef-42ec-9839-78b1b13a557e"
  },
  {
    "title": "",
    "body": "Great condition, beautifully packaged, healthy",
    "rating": 5,
    "review_date": "2024-12-08 00:08:09 UTC",
    "source": "shop-app",
    "curated": "ok",
    "product_id": "4113845092433",
    "product_handle": "gertrude-jekyll",
    "reply": "",
    "reply_date": "",
    "picture_urls": "",
    "ip_address": "",
    "location": "",
    "metaobject_handle": "shop-2519111-171855204-f8ce9ccb-3db4-462d-ae9e-73ed4d1723ee"
  },
  {
    "title": "",
    "body": "Arrived in excellent condition. Looking forward to seeing it in bloom.",
    "rating": 5,
    "review_date": "2024-12-08 16:53:16 UTC",
    "source": "shop-app",
    "curated": "ok",
    "product_id": "4113845092433",
    "product_handle": "gertrude-jekyll",
    "reply": "",
    "reply_date": "",
    "picture_urls": "",
    "ip_address": "",
    "location": "",
    "metaobject_handle": "shop-2519111-171958785-d7de1107-db70-4608-bd41-b935346de99a"
  },
  {
    "title": "",
    "body": "The most beautiful fragrance. People stop in the street to comment how wonderful they are. I have them as a rose hedge. Each shrub has grown well and they bloom more than once a year.",
    "rating": 5,
    "review_date": "2025-02-28 13:35:14 UTC",
    "source": "shop-app",
    "curated": "ok",
    "product_id": "4113845092433",
    "product_handle": "gertrude-jekyll",
    "reply": "",
    "reply_date": "",
    "picture_urls": "",
    "ip_address": "",
    "location": "",
    "metaobject_handle": "shop-2519111-189411868-56ea4466-8cf6-4216-8d88-2bc93c3768a5"
  },
  {
    "title": "",
    "body": "Perfectly packaged arrived woth no damage and looking healthy thank you!",
    "rating": 5,
    "review_date": "2025-05-06 10:17:06 UTC",
    "source": "shop-app",
    "curated": "ok",
    "product_id": "4113845092433",
    "product_handle": "gertrude-jekyll",
    "reply": "",
    "reply_date": "",
    "picture_urls": "",
    "ip_address": "",
    "location": "",
    "metaobject_handle": "shop-2519111-208011502-b1804fe7-ff72-4157-abb1-8c210ffb1dc8"
  },
  {
    "title": "",
    "body": "Very nice healthy plant sent. I would recommend purchasing from David Austin.",
    "rating": 5,
    "review_date": "2025-05-08 10:34:32 UTC",
    "source": "shop-app",
    "curated": "ok",
    "product_id": "4113845092433",
    "product_handle": "gertrude-jekyll",
    "reply": "",
    "reply_date": "",
    "picture_urls": "",
    "ip_address": "",
    "location": "",
    "metaobject_handle": "shop-2519111-208430679-28e143fa-0de7-4699-82a1-0040ffd8a7cf"
  },
  {
    "title": "Just astonishing",
    "body": "Cannot emphasise how beautiful, healthy and spectacular this rose is. I planted five in late February and I promise there are 25 buds and blooms already. Just a gorgeous rose - my favourite so far.",
    "rating": 5,
    "review_date": "2025-06-06 11:31:25 UTC",
    "source": "web",
    "curated": "ok",
    "product_id": "4113845092433",
    "product_handle": "gertrude-jekyll",
    "reply": "",
    "reply_date": "",
    "picture_urls": "",
    "ip_address": "51.194.21.225",
    "location": "Farnham, England, United Kingdom",
    "metaobject_handle": "review-0f22aa50-279a-4835-85c8-b7cca5358f55"
  },
  {
    "title": "Gertrude Jekyll",
    "body": "Both roses arrived well packed and healthy",
    "rating": 5,
    "review_date": "2025-06-11 10:48:39 UTC",
    "source": "new-rre-flow",
    "curated": "ok",
    "product_id": "4113845092433",
    "product_handle": "gertrude-jekyll",
    "reply": "",
    "reply_date": "",
    "picture_urls": "",
    "ip_address": "188.240.57.122",
    "location": "Edinburgh, Scotland, United Kingdom",
    "metaobject_handle": "review-436fbccc-0e97-4f65-ab76-128dbf81f3ba"
  },
  {
    "title": "Gertrude jekyll",
    "body": "Fantastic rose! Amazing smell!\nQuick delivery!\nThanks\nDennis and Sharon",
    "rating": 5,
    "review_date": "2025-06-11 15:50:51 UTC",
    "source": "new-rre-flow",
    "curated": "ok",
    "product_id": "4113845092433",
    "product_handle": "gertrude-jekyll",
    "reply": "",
    "reply_date": "",
    "picture_urls": "",
    "ip_address": "2a00:23c6:fd21:4b01:24b8:be10:4222:bb89",
    "location": "Peebles, Scotland, United Kingdom",
    "metaobject_handle": "review-9278d8bf-9d70-4d32-b97d-a27adf5ce73b"
  },
  {
    "title": "",
    "body": "David Austin roses are the best. They are very reliable as well as beautiful!",
    "rating": 5,
    "review_date": "2025-05-01 06:27:14 UTC",
    "source": "shop-app",
    "curated": "ok",
    "product_id": "4113845092433",
    "product_handle": "gertrude-jekyll",
    "reply": "",
    "reply_date": "",
    "picture_urls": "",
    "ip_address": "",
    "location": "",
    "metaobject_handle": "shop-2519111-207188987-37bce929-30f2-440f-a4e1-913f2a37c3ba"
  },
  {
    "title": "Stunning rose",
    "body": "Bought a potted one from a garden centre and it is one of the most beautiful rose you can get.  Very perfumed and the blooms are so full, a beautiful fuschia pink. Although described as a shrub, I managed to get mine growing to the top of a pergola. Well recommended.",
    "rating": 5,
    "review_date": "2025-05-02 14:58:19 UTC",
    "source": "web",
    "curated": "ok",
    "product_id": "4113845092433",
    "product_handle": "gertrude-jekyll",
    "reply": "",
    "reply_date": "",
    "picture_urls": "",
    "ip_address": "18.134.207.119",
    "location": "City of London, England, United Kingdom",
    "metaobject_handle": "review-589cbd75-be82-4505-8a1d-27404834bd6e"
  },
  {
    "title": "Still beautiful after 20 odd years",
    "body": "My Gertrude Jekyll haas been in my garden for 20 odd years and still flowers it heart out   Just purchased one for my son and his partner because they loved mine. Just arrived and is perfect great service thankyou",
    "rating": 5,
    "review_date": "2025-05-14 16:54:16 UTC",
    "source": "web",
    "curated": "ok",
    "product_id": "4113845092433",
    "product_handle": "gertrude-jekyll",
    "reply": "",
    "reply_date": "",
    "picture_urls": "",
    "ip_address": "82.0.27.64",
    "location": "Leicester, England, United Kingdom",
    "metaobject_handle": "review-21be1997-2a2d-4404-81cf-c5c429c56446"
  },
  {
    "title": "",
    "body": "A beauriful srong rose with a lovly fragrance",
    "rating": 5,
    "review_date": "2025-05-16 14:02:12 UTC",
    "source": "shop-app",
    "curated": "ok",
    "product_id": "4113845092433",
    "product_handle": "gertrude-jekyll",
    "reply": "",
    "reply_date": "",
    "picture_urls": "",
    "ip_address": "",
    "location": "",
    "metaobject_handle": "shop-2519111-210274397-c9351b80-44f2-45b6-94a6-8fdd423b398e"
  },
  {
    "title": "Beautiful fragrant rose",
    "body": "Received my Gertrude Jekyll rose today - it was packed super carefully and I was really thrilled to find plenty of flowers and buds on it - the scent is wonderful",
    "rating": 5,
    "review_date": "2025-05-22 18:28:56 UTC",
    "source": "web",
    "curated": "ok",
    "product_id": "4113845092433",
    "product_handle": "gertrude-jekyll",
    "reply": "",
    "reply_date": "",
    "picture_urls": "https://s3.amazonaws.com/me.judge.review-images/david-austin-roses-uk/1747938536__img_0697__original.jpeg",
    "ip_address": "78.148.3.31",
    "location": "Bristol, England, United Kingdom",
    "metaobject_handle": "review-e2af330f-8f12-4d02-bfe7-5d884e98583b"
  },
  {
    "title": "Fabulous Rose - Magnificent Scent",
    "body": "I have just ordered a Gertrude Jeykll Rose which has arrived today - so impressed with the packing and the strength and quality of the rose is amazing. Will be ordering different varieties for my garden - so pleased.",
    "rating": 5,
    "review_date": "2025-05-22 20:10:32 UTC",
    "source": "web",
    "curated": "ok",
    "product_id": "4113845092433",
    "product_handle": "gertrude-jekyll",
    "reply": "",
    "reply_date": "",
    "picture_urls": "",
    "ip_address": "2.102.45.217",
    "location": "Woking, England, United Kingdom",
    "metaobject_handle": "review-bded1d48-54c9-4edc-a6fc-9111835d728b"
  },
  {
    "title": "Glorious",
    "body": "I simply love it, has an amazing smell and beautiful big pink flowers",
    "rating": 5,
    "review_date": "2025-05-23 17:47:15 UTC",
    "source": "web",
    "curated": "ok",
    "product_id": "4113845092433",
    "product_handle": "gertrude-jekyll",
    "reply": "",
    "reply_date": "",
    "picture_urls": "https://s3.amazonaws.com/me.judge.review-images/david-austin-roses-uk/1748022436__img_8059__original.jpeg, https://s3.amazonaws.com/me.judge.review-images/david-austin-roses-uk/1748022439__img_8060__original.jpeg, https://s3.amazonaws.com/me.judge.review-images/david-austin-roses-uk/1748022442__img_8058__original.jpeg",
    "ip_address": "151.229.67.92",
    "location": "Milton Keynes, England, United Kingdom",
    "metaobject_handle": "review-ab2f0654-0368-4ebf-b193-a7a70a5d993b"
  },
  {
    "title": "Amazing!",
    "body": "Its one of my favourites.  Healthy, flowering non stop well into December",
    "rating": 5,
    "review_date": "2025-05-24 06:54:48 UTC",
    "source": "web",
    "curated": "ok",
    "product_id": "4113845092433",
    "product_handle": "gertrude-jekyll",
    "reply": "",
    "reply_date": "",
    "picture_urls": "https://s3.amazonaws.com/me.judge.review-images/david-austin-roses-uk/1748069688__20250519_101600__original.jpg, https://s3.amazonaws.com/me.judge.review-images/david-austin-roses-uk/1748069691__20250519_100606__original.jpg",
    "ip_address": "80.4.249.102",
    "location": "Hemel Hempstead, England, United Kingdom",
    "metaobject_handle": "review-920e6785-12cd-4f71-8b46-ab760d708714"
  },
  {
    "title": "Fragrant pink perfection!",
    "body": "This is the best , most fragrant rose I \nhave ever grown _ simply stunning!",
    "rating": 5,
    "review_date": "2025-05-28 04:56:17 UTC",
    "source": "web",
    "curated": "ok",
    "product_id": "4113845092433",
    "product_handle": "gertrude-jekyll",
    "reply": "",
    "reply_date": "",
    "picture_urls": "https://s3.amazonaws.com/me.judge.review-images/david-austin-roses-uk/1748408177__img_1923__original.jpeg, https://s3.amazonaws.com/me.judge.review-images/david-austin-roses-uk/1748408181__img_1922__original.jpeg",
    "ip_address": "109.158.30.81",
    "location": "Southampton, England, United Kingdom",
    "metaobject_handle": "review-76f92ac1-d86f-413f-8635-cf0ac7ce3216"
  },
  {
    "title": "Stunning flowers and scent",
    "body": "I brought the fragrant collection and OMG the roses are amazing. I am a first time gardener but wanted Gertrude as I know how scented they are and it hasn\u2019t disappointed. I only planted this bare root in April and it has bloomed beautifully. Thank you to David Austin roses for making my gardening experience worth it.",
    "rating": 5,
    "review_date": "2025-05-28 16:38:38 UTC",
    "source": "web",
    "curated": "ok",
    "product_id": "4113845092433",
    "product_handle": "gertrude-jekyll",
    "reply": "",
    "reply_date": "",
    "picture_urls": "https://s3.amazonaws.com/me.judge.review-images/david-austin-roses-uk/1748450318__image__original.jpg, https://s3.amazonaws.com/me.judge.review-images/david-austin-roses-uk/1748450322__image__original.jpg",
    "ip_address": "2.221.154.42",
    "location": "Pembroke, Wales, United Kingdom",
    "metaobject_handle": "review-66cb4d5b-0aea-4e67-b9cf-f4f7107add93"
  },
  {
    "title": "Outstanding fragrance and beauty",
    "body": "Delivered with utmost care , was a birthday present and did not disappoint",
    "rating": 5,
    "review_date": "2025-06-05 11:41:46 UTC",
    "source": "new-rre-flow",
    "curated": "ok",
    "product_id": "4113845092433",
    "product_handle": "gertrude-jekyll",
    "reply": "",
    "reply_date": "",
    "picture_urls": "",
    "ip_address": "81.37.66.142",
    "location": "Marbella, Andalusia, Spain",
    "metaobject_handle": "review-a82e7f6d-5716-4a15-9895-a6d15de7252a"
  },
  {
    "title": "",
    "body": "Beautiful",
    "rating": 5,
    "review_date": "2025-06-05 11:59:27 UTC",
    "source": "new-rre-flow",
    "curated": "ok",
    "product_id": "4113845092433",
    "product_handle": "gertrude-jekyll",
    "reply": "",
    "reply_date": "",
    "picture_urls": "",
    "ip_address": "148.64.9.173",
    "location": "Enfield, England, United Kingdom",
    "metaobject_handle": "review-0f8181b9-52a5-4635-be34-53fa6f4ea2cb"
  },
  {
    "title": "Miss Gertrude Jekyll \ud83c\udf39",
    "body": "Wow!!!! What a little stunner she is, although she is a lot smaller than I had imagined, the smell was pleasantly welcome and enchanting. I could smell her before opening up the box! \n\nFor such a young plant the scent is beautiful, needless to say I am very excited for her to grow and produce more flowers! \n\nI\u2019m so glad I went for \u201cGertrude Jekyll\u201d I\u2019m now browsing for another rose to accompany her \ud83d\ude01",
    "rating": 5,
    "review_date": "2025-06-14 00:11:21 UTC",
    "source": "web",
    "curated": "ok",
    "product_id": "4113845092433",
    "product_handle": "gertrude-jekyll",
    "reply": "",
    "reply_date": "",
    "picture_urls": "https://s3.amazonaws.com/me.judge.review-images/david-austin-roses-uk/1749859881__img_8971__original.jpeg",
    "ip_address": "88.97.208.202",
    "location": "Gravesend, England, United Kingdom",
    "metaobject_handle": "review-e9254525-9cc0-4a0b-afe2-cc48a5f316ae"
  },
  {
    "title": "Amazing scent, beautiful flower, prone to disease",
    "body": "I had the rose for 2 years and feel I can review it properly.  It doesn\u2019t grow into a beautiful shrub. It\u2019s very leggy and caney and while it has beautiful foliage it often sheds it  as the plant seems fairly prone to diseases compared to others. The flower is beautiful with great scent.",
    "rating": 3,
    "review_date": "2025-06-15 11:28:26 UTC",
    "source": "web",
    "curated": "ok",
    "product_id": "4113845092433",
    "product_handle": "gertrude-jekyll",
    "reply": "",
    "reply_date": "",
    "picture_urls": "",
    "ip_address": "82.132.229.12",
    "location": "Warwick, England, United Kingdom",
    "metaobject_handle": "review-398dd56f-d7a7-4c29-b16b-90f3aae2fd9e"
  },
  {
    "title": "Spectacular",
    "body": "I bought this rose at Hampton Court flower show in 2024. It arrived as a small shrub but I smelt the fragrance instantly. A year on and it has been magnificent. I have it growing up a wall next to my back door and the fragrance is amazing. Have just deadheaded it so am looking forward to a second flush of flowers. Would highly recommend this rose",
    "rating": 5,
    "review_date": "2025-06-19 14:16:25 UTC",
    "source": "web",
    "curated": "ok",
    "product_id": "4113845092433",
    "product_handle": "gertrude-jekyll",
    "reply": "",
    "reply_date": "",
    "picture_urls": "",
    "ip_address": "86.25.130.210",
    "location": "Redhill, England, United Kingdom",
    "metaobject_handle": "review-b004e7e7-ceb6-4ae8-8f1d-f0f38f841f66"
  },
  {
    "title": "",
    "body": "Much as i can't wait to see this beauty when it eventually flowers, in fairness to the quality of the plant delivered, i think it was somewhat late in the season to receive it. I planted it up immediately on arrival, but it's only just starting to take off. I doubt I will see any flowers this year.",
    "rating": 3,
    "review_date": "2025-05-14 09:50:16 UTC",
    "source": "shop-app",
    "curated": "ok",
    "product_id": "4113845092433",
    "product_handle": "gertrude-jekyll",
    "reply": "",
    "reply_date": "",
    "picture_urls": "",
    "ip_address": "",
    "location": "",
    "metaobject_handle": "shop-2519111-209562658-3cbdbba1-49b9-400d-aca4-7cea713bf979"
  },
  {
    "title": "",
    "body": "Love the rose",
    "rating": 5,
    "review_date": "2025-05-14 17:42:27 UTC",
    "source": "shop-app",
    "curated": "ok",
    "product_id": "4113845092433",
    "product_handle": "gertrude-jekyll",
    "reply": "",
    "reply_date": "",
    "picture_urls": "",
    "ip_address": "",
    "location": "",
    "metaobject_handle": "shop-2519111-209659365-0dad45ea-737e-42c5-b5d2-2a49f4f404a1"
  },
  {
    "title": "",
    "body": "Simply stunning quality. \nProduct and customer support. \nMy favourite rose.",
    "rating": 5,
    "review_date": "2025-07-04 09:28:23 UTC",
    "source": "shop-app",
    "curated": "ok",
    "product_id": "4113845092433",
    "product_handle": "gertrude-jekyll",
    "reply": "",
    "reply_date": "",
    "picture_urls": "",
    "ip_address": "",
    "location": "",
    "metaobject_handle": "shop-2519111-221027027-58a957ff-e50f-4baf-98ee-32cc5fee3684"
  },
  {
    "title": "",
    "body": "Arrived beautifully packaged and in flower.",
    "rating": 5,
    "review_date": "2025-07-09 10:43:10 UTC",
    "source": "shop-app",
    "curated": "ok",
    "product_id": "4113845092433",
    "product_handle": "gertrude-jekyll",
    "reply": "",
    "reply_date": "",
    "picture_urls": "",
    "ip_address": "",
    "location": "",
    "metaobject_handle": "shop-2519111-222026973-ba2347be-3506-48fb-870a-f0813ef835fa"
  },
  {
    "title": "",
    "body": "I got a beautiful healthy plant with flowers and buds on it .Amazing scent . Very pleased.",
    "rating": 5,
    "review_date": "2025-07-09 23:26:25 UTC",
    "source": "web",
    "curated": "ok",
    "product_id": "4113845092433",
    "product_handle": "gertrude-jekyll",
    "reply": "",
    "reply_date": "",
    "picture_urls": "https://s3.amazonaws.com/me.judge.review-images/david-austin-roses-uk/1752103585__img_6020__original.jpeg",
    "ip_address": "92.40.178.71",
    "location": "Dagenham, England, United Kingdom",
    "metaobject_handle": "review-2eff27c4-a588-4ec6-a747-6b4e46519feb"
  }
]