[
  {
    "title": "",
    "body": "Arrived in good condition",
    "rating": 5,
    "review_date": "2022-10-14 14:13:28 UTC",
    "source": "shop-app",
    "curated": "ok",
    "product_id": "4114052579409",
    "product_handle": "gertrude-jekyll-english-climbing-rose-bare-root",
    "reply": "",
    "reply_date": "",
    "picture_urls": "",
    "ip_address": "",
    "location": "",
    "metaobject_handle": "shop-2519111-611097-a6715ca6-ae46-4d59-bfdd-a3202f84f832"
  },
  {
    "title": "",
    "body": "My favourite rose. Smells like heaven. Looks so rich in colour. And growing really well. Unfortunately the first rose in my garden to be riddled in black spot. But I just know she will be the star of the show next year.",
    "rating": 5,
    "review_date": "2023-08-31 11:14:39 UTC",
    "source": "shop-app",
    "curated": "ok",
    "product_id": "4114052579409",
    "product_handle": "gertrude-jekyll-english-climbing-rose-bare-root",
    "reply": "",
    "reply_date": "",
    "picture_urls": "",
    "ip_address": "",
    "location": "",
    "metaobject_handle": "shop-2519111-35780283-5bfc06e8-347a-44aa-a812-8f89f193e0af"
  },
  {
    "title": "",
    "body": "A reliable, vigorous and highly scented variety, a winning climber in virtually all garden situations",
    "rating": 5,
    "review_date": "2023-11-01 16:04:24 UTC",
    "source": "shop-app",
    "curated": "ok",
    "product_id": "4114052579409",
    "product_handle": "gertrude-jekyll-english-climbing-rose-bare-root",
    "reply": "",
    "reply_date": "",
    "picture_urls": "",
    "ip_address": "",
    "location": "",
    "metaobject_handle": "shop-2519111-44984932-00453181-e813-4c1c-9245-690ee1c862b0"
  },
  {
    "title": "",
    "body": "Love this rose lovely pink & smells gorgeous",
    "rating": 5,
    "review_date": "2023-11-29 10:45:34 UTC",
    "source": "shop-app",
    "curated": "ok",
    "product_id": "4114052579409",
    "product_handle": "gertrude-jekyll-english-climbing-rose-bare-root",
    "reply": "",
    "reply_date": "",
    "picture_urls": "",
    "ip_address": "",
    "location": "",
    "metaobject_handle": "shop-2519111-54979604-6f5aab53-d4b9-4461-8fb9-4c5ac8f89cec"
  },
  {
    "title": "",
    "body": "Always good quality from David Austin",
    "rating": 5,
    "review_date": "2024-01-14 12:43:28 UTC",
    "source": "shop-app",
    "curated": "ok",
    "product_id": "4114052579409",
    "product_handle": "gertrude-jekyll-english-climbing-rose-bare-root",
    "reply": "",
    "reply_date": "",
    "picture_urls": "",
    "ip_address": "",
    "location": "",
    "metaobject_handle": "shop-2519111-112195978-75593482-d729-4c5e-969d-e77aab4b79c7"
  },
  {
    "title": "",
    "body": "Very thin canes, less than the 18mm standard that used to be required to pass quality control.",
    "rating": 3,
    "review_date": "2024-03-29 17:09:26 UTC",
    "source": "shop-app",
    "curated": "ok",
    "product_id": "4114052579409",
    "product_handle": "gertrude-jekyll-english-climbing-rose-bare-root",
    "reply": "",
    "reply_date": "",
    "picture_urls": "",
    "ip_address": "",
    "location": "",
    "metaobject_handle": "shop-2519111-130339723-4e3a6432-87bf-46a6-86da-a8a06ad4573e"
  }
]