[
  {
    "title": "",
    "body": "Beautiful gift for my friend",
    "rating": 5,
    "review_date": "2022-11-16 15:51:55 UTC",
    "source": "shop-app",
    "curated": "ok",
    "product_id": "6579490062417",
    "product_handle": "golden-celebration-shrub-rose-potted",
    "reply": "",
    "reply_date": "",
    "picture_urls": "",
    "ip_address": "",
    "location": "",
    "metaobject_handle": "shop-2519111-1365828-dd200908-5971-4889-aaf4-dec13e11f539"
  },
  {
    "title": "",
    "body": "Beautifully packaged, delivered on time and in perfect condition. Thank you",
    "rating": 5,
    "review_date": "2023-05-17 09:23:25 UTC",
    "source": "shop-app",
    "curated": "ok",
    "product_id": "6579490062417",
    "product_handle": "golden-celebration-shrub-rose-potted",
    "reply": "",
    "reply_date": "",
    "picture_urls": "",
    "ip_address": "",
    "location": "",
    "metaobject_handle": "shop-2519111-13361652-c57e89ba-3b5f-4b8b-a72c-67c81f87d11f"
  },
  {
    "title": "",
    "body": "Arrived early & safely with buds, still to flower.\nDelighted",
    "rating": 5,
    "review_date": "2023-05-28 13:45:36 UTC",
    "source": "shop-app",
    "curated": "ok",
    "product_id": "6579490062417",
    "product_handle": "golden-celebration-shrub-rose-potted",
    "reply": "",
    "reply_date": "",
    "picture_urls": "",
    "ip_address": "",
    "location": "",
    "metaobject_handle": "shop-2519111-13661808-7cbf87cf-a89a-48b2-8fc2-e82fa05883ff"
  },
  {
    "title": "",
    "body": "I was pleasantly surprised to find about 5 blooms already on the bush when it arrived. They took well to being potted and were beautiful. The colour is absolutely lovely. Another quality rose\nfrom David Austin!",
    "rating": 5,
    "review_date": "2023-06-30 11:06:34 UTC",
    "source": "shop-app",
    "curated": "ok",
    "product_id": "6579490062417",
    "product_handle": "golden-celebration-shrub-rose-potted",
    "reply": "",
    "reply_date": "",
    "picture_urls": "",
    "ip_address": "",
    "location": "",
    "metaobject_handle": "shop-2519111-14566295-73e8ca65-8815-4076-ad6e-eafc55792be7"
  },
  {
    "title": "",
    "body": "I bought this for my \u2018Bestie\u2019 a most keen DA rose fan. It was to celebrate her birthday in the year we had known each other for 50 years. It arrived flowering and she was ecstatic; charmed by its beauty and fragrance. From ordering to delivery took 4days: impressed.",
    "rating": 5,
    "review_date": "2023-07-12 10:15:59 UTC",
    "source": "shop-app",
    "curated": "ok",
    "product_id": "6579490062417",
    "product_handle": "golden-celebration-shrub-rose-potted",
    "reply": "",
    "reply_date": "",
    "picture_urls": "",
    "ip_address": "",
    "location": "",
    "metaobject_handle": "shop-2519111-32805313-d404f41c-4ca3-4781-8f07-f9e030277f4b"
  },
  {
    "title": "",
    "body": "Beautiful roses, they never fail to flower and flourish",
    "rating": 5,
    "review_date": "2023-09-08 15:12:30 UTC",
    "source": "shop-app",
    "curated": "ok",
    "product_id": "6579490062417",
    "product_handle": "golden-celebration-shrub-rose-potted",
    "reply": "",
    "reply_date": "",
    "picture_urls": "",
    "ip_address": "",
    "location": "",
    "metaobject_handle": "shop-2519111-36318725-9ee026f8-24a6-4403-8863-8d267c115412"
  },
  {
    "title": "",
    "body": "Beautiful rose from David Austin",
    "rating": 5,
    "review_date": "2023-09-14 14:27:53 UTC",
    "source": "shop-app",
    "curated": "ok",
    "product_id": "6579490062417",
    "product_handle": "golden-celebration-shrub-rose-potted",
    "reply": "",
    "reply_date": "",
    "picture_urls": "",
    "ip_address": "",
    "location": "",
    "metaobject_handle": "shop-2519111-36749021-85fbfccb-0e75-4fad-b651-df90d52b497d"
  },
  {
    "title": "",
    "body": "Arrived in good order, was a gift which was very much appreciated and is doing well.",
    "rating": 5,
    "review_date": "2024-04-07 15:22:05 UTC",
    "source": "shop-app",
    "curated": "ok",
    "product_id": "6579490062417",
    "product_handle": "golden-celebration-shrub-rose-potted",
    "reply": "",
    "reply_date": "",
    "picture_urls": "",
    "ip_address": "",
    "location": "",
    "metaobject_handle": "shop-2519111-132387931-da89ca7d-da17-4e54-838a-5d557ce4f9a9"
  },
  {
    "title": "",
    "body": "Perfect thank you",
    "rating": 5,
    "review_date": "2024-04-20 09:04:08 UTC",
    "source": "shop-app",
    "curated": "ok",
    "product_id": "6579490062417",
    "product_handle": "golden-celebration-shrub-rose-potted",
    "reply": "",
    "reply_date": "",
    "picture_urls": "",
    "ip_address": "",
    "location": "",
    "metaobject_handle": "shop-2519111-134584603-8c74ca84-148d-4305-acf0-57816e7baaa2"
  },
  {
    "title": "",
    "body": "Beautiful healthy plants",
    "rating": 5,
    "review_date": "2024-06-07 19:11:37 UTC",
    "source": "shop-app",
    "curated": "ok",
    "product_id": "6579490062417",
    "product_handle": "golden-celebration-shrub-rose-potted",
    "reply": "",
    "reply_date": "",
    "picture_urls": "",
    "ip_address": "",
    "location": "",
    "metaobject_handle": "shop-2519111-142644857-bb770e27-fad1-4a89-9784-005398a9ccfc"
  },
  {
    "title": "",
    "body": "Beautiful rose",
    "rating": 5,
    "review_date": "2024-06-11 19:25:45 UTC",
    "source": "shop-app",
    "curated": "ok",
    "product_id": "6579490062417",
    "product_handle": "golden-celebration-shrub-rose-potted",
    "reply": "",
    "reply_date": "",
    "picture_urls": "",
    "ip_address": "",
    "location": "",
    "metaobject_handle": "shop-2519111-143288556-2ca07db2-af5b-4199-9783-300569bc67ae"
  },
  {
    "title": "",
    "body": "Beautiful rose, well packaged arrived in excellent condition",
    "rating": 5,
    "review_date": "2024-06-15 08:57:43 UTC",
    "source": "shop-app",
    "curated": "ok",
    "product_id": "6579490062417",
    "product_handle": "golden-celebration-shrub-rose-potted",
    "reply": "",
    "reply_date": "",
    "picture_urls": "",
    "ip_address": "",
    "location": "",
    "metaobject_handle": "shop-2519111-144583913-f3c5f2f3-165e-4b0d-93b8-395d6ea0dd19"
  },
  {
    "title": "",
    "body": "Can\u2019t wait to see the roses. Great communication and quick delivery. Much appreciated",
    "rating": 5,
    "review_date": "2023-08-03 09:56:59 UTC",
    "source": "shop-app",
    "curated": "ok",
    "product_id": "4114073223249",
    "product_handle": "golden-celebration-shrub-rose-bare-root",
    "reply": "",
    "reply_date": "",
    "picture_urls": "",
    "ip_address": "",
    "location": "",
    "metaobject_handle": "shop-2519111-34096595-dd06fb09-7e0b-4b2a-94ee-8eabb20fc672"
  },
  {
    "title": "",
    "body": "Beautiful rose delivered in perfect condition",
    "rating": 5,
    "review_date": "2023-09-23 11:07:06 UTC",
    "source": "shop-app",
    "curated": "ok",
    "product_id": "4114073223249",
    "product_handle": "golden-celebration-shrub-rose-bare-root",
    "reply": "",
    "reply_date": "",
    "picture_urls": "",
    "ip_address": "",
    "location": "",
    "metaobject_handle": "shop-2519111-37444026-647538d2-e25d-4350-8826-0b55ad2831a5"
  },
  {
    "title": "",
    "body": "Not very sturdy. I had one from Peter Beales at same time which was much more superior to the David Austin Rose. A bit disappointed.",
    "rating": 3,
    "review_date": "2024-03-27 11:25:07 UTC",
    "source": "shop-app",
    "curated": "ok",
    "product_id": "4114073223249",
    "product_handle": "golden-celebration-shrub-rose-bare-root",
    "reply": "",
    "reply_date": "",
    "picture_urls": "",
    "ip_address": "",
    "location": "",
    "metaobject_handle": "shop-2519111-129927576-88618fa7-bfa7-4b49-b08b-81158c38a023"
  },
  {
    "title": "",
    "body": "Well packaged and just as I expected. In the garden and growing well despite some awful weather. Can\u2019t wait for it to flower.",
    "rating": 5,
    "review_date": "2024-04-20 15:05:20 UTC",
    "source": "shop-app",
    "curated": "ok",
    "product_id": "4114073223249",
    "product_handle": "golden-celebration-shrub-rose-bare-root",
    "reply": "",
    "reply_date": "",
    "picture_urls": "",
    "ip_address": "",
    "location": "",
    "metaobject_handle": "shop-2519111-134616173-d5f8c44e-3c2a-4337-b698-28c40813984b"
  }
]