[
  {
    "title": "",
    "body": "This is just a beautiful perfect yellow rose with a perfect smell.\nI can\u2019t wait for next summer to see how it progresses. As always fast delivery and great packaging.",
    "rating": 5,
    "review_date": "2024-01-05 16:25:58 UTC",
    "source": "shop-app",
    "curated": "ok",
    "product_id": "4114073452625",
    "product_handle": "golden-gate-bare-root",
    "reply": "",
    "reply_date": "",
    "picture_urls": "",
    "ip_address": "",
    "location": "",
    "metaobject_handle": "shop-2519111-109803125-fc1c74f1-887d-4980-b155-d06f75f30f7e"
  }
]