[
  {
    "title": "",
    "body": "This is now my 7th Standard from DA and once more, I could not be any happier. Arrived with no growth yet after just a couple of weeks, it is thriving. I've had multiple blooms, all of which smell sensational. Thank you",
    "rating": 5,
    "review_date": "2023-10-10 20:48:34 UTC",
    "source": "shop-app",
    "curated": "ok",
    "product_id": "4114115919953",
    "product_handle": "golden-celebration-standard-rose-potted",
    "reply": "",
    "reply_date": "",
    "picture_urls": "",
    "ip_address": "",
    "location": "",
    "metaobject_handle": "shop-2519111-39439195-d1e976d0-68ec-4e55-a809-6f3af2d47123"
  },
  {
    "title": "",
    "body": "I\u2019ve purchased a bare root and planted ready for next year.  Always beautifully packed and received in excellent order.\nThis rose looks like it will be big and so it is planted in a pride of place spot",
    "rating": 5,
    "review_date": "2023-11-20 14:44:33 UTC",
    "source": "shop-app",
    "curated": "ok",
    "product_id": "4114136072273",
    "product_handle": "golden-celebration-standard-rose-bare-root",
    "reply": "",
    "reply_date": "",
    "picture_urls": "",
    "ip_address": "",
    "location": "",
    "metaobject_handle": "shop-2519111-53327104-563f3917-3d28-46d8-aba0-90bc4409b547"
  }
]