[
  {
    "title": "",
    "body": "Quality plant as expected!!",
    "rating": 5,
    "review_date": "2025-04-29 13:00:28 UTC",
    "source": "shop-app",
    "curated": "ok",
    "product_id": "4113846992977",
    "product_handle": "grace",
    "reply": "",
    "reply_date": "",
    "picture_urls": "",
    "ip_address": "",
    "location": "",
    "metaobject_handle": "shop-2519111-206827815-9db5edc4-2b79-419e-a7bd-09fdb257e4ee"
  },
  {
    "title": "Much admired!",
    "body": "My 'Grace' Rose is stunning and gives much pleasure to people walking by. It is flourishing and has been much admired.",
    "rating": 5,
    "review_date": "2025-05-24 13:36:54 UTC",
    "source": "web",
    "curated": "ok",
    "product_id": "4113846992977",
    "product_handle": "grace",
    "reply": "",
    "reply_date": "",
    "picture_urls": "",
    "ip_address": "82.69.95.0",
    "location": "Chalfont St Giles, England, United Kingdom",
    "metaobject_handle": "review-eec42a96-fbde-4859-a81a-e9cdb0fdf1bf"
  },
  {
    "title": "",
    "body": "Stunning",
    "rating": 5,
    "review_date": "2025-06-17 20:10:39 UTC",
    "source": "shop-app",
    "curated": "ok",
    "product_id": "4113846992977",
    "product_handle": "grace",
    "reply": "",
    "reply_date": "",
    "picture_urls": "",
    "ip_address": "",
    "location": "",
    "metaobject_handle": "shop-2519111-217468466-36adf42c-4493-434b-b017-0e6a2fe9a80f"
  }
]