[
  {
    "title": "",
    "body": "Very good",
    "rating": 5,
    "review_date": "2023-06-02 13:47:53 UTC",
    "source": "shop-app",
    "curated": "ok",
    "product_id": "4114102321233",
    "product_handle": "grace-shrub-rose-potted",
    "reply": "",
    "reply_date": "",
    "picture_urls": "",
    "ip_address": "",
    "location": "",
    "metaobject_handle": "shop-2519111-13796819-09762681-61c7-4815-bc0e-1b3a11495d18"
  },
  {
    "title": "",
    "body": "Amazing",
    "rating": 5,
    "review_date": "2023-09-06 18:17:48 UTC",
    "source": "shop-app",
    "curated": "ok",
    "product_id": "4114102321233",
    "product_handle": "grace-shrub-rose-potted",
    "reply": "",
    "reply_date": "",
    "picture_urls": "",
    "ip_address": "",
    "location": "",
    "metaobject_handle": "shop-2519111-36186235-f2f960cc-fb49-4a85-9e7f-f3097ceca3c6"
  },
  {
    "title": "",
    "body": "Five stars for quality and speed of delivery. However it was very strange that the two potted roses (of the same variety) arrived on the same day but in separate shipments requiring two DPD vans! \ud83e\udd14",
    "rating": 4,
    "review_date": "2023-11-22 16:27:12 UTC",
    "source": "shop-app",
    "curated": "ok",
    "product_id": "4114102321233",
    "product_handle": "grace-shrub-rose-potted",
    "reply": "",
    "reply_date": "",
    "picture_urls": "",
    "ip_address": "",
    "location": "",
    "metaobject_handle": "shop-2519111-53763362-4b960252-559c-4768-901f-49d4c3d083c3"
  }
]