[
  {
    "title": "",
    "body": "Planted up this bare root roar as per instructions in my garden. Didn\u2019t take long to grow new leaves and now waiting patiently for it to produce the beautiful blooms you show in your photos.",
    "rating": 5,
    "review_date": "2023-06-03 08:29:43 UTC",
    "source": "shop-app",
    "curated": "ok",
    "product_id": "4114073976913",
    "product_handle": "grandpa-dickson-bare-root",
    "reply": "",
    "reply_date": "",
    "picture_urls": "",
    "ip_address": "",
    "location": "",
    "metaobject_handle": "shop-2519111-13821200-7a776159-5289-4013-97c4-2b8178702b9d"
  }
]