[
  {
    "title": "",
    "body": "Good quality feed.",
    "rating": 5,
    "review_date": "2023-02-22 08:32:55 UTC",
    "source": "shop-app",
    "curated": "ok",
    "product_id": "4208098771025",
    "product_handle": "growth-stimulant-maxicrop",
    "reply": "",
    "reply_date": "",
    "picture_urls": "",
    "ip_address": "",
    "location": "",
    "metaobject_handle": "shop-2519111-4139176-6b3f773d-7769-431e-83ae-66e503ff773c"
  },
  {
    "title": "",
    "body": "Does the job.",
    "rating": 5,
    "review_date": "2023-07-01 16:04:41 UTC",
    "source": "shop-app",
    "curated": "ok",
    "product_id": "4208098771025",
    "product_handle": "growth-stimulant-maxicrop",
    "reply": "",
    "reply_date": "",
    "picture_urls": "",
    "ip_address": "",
    "location": "",
    "metaobject_handle": "shop-2519111-14602045-bbf35e7d-4e62-46fb-aaf0-424aab255f7e"
  }
]