[
  {
    "title": "",
    "body": "Arrived well packed and prompt delivery.",
    "rating": 5,
    "review_date": "2025-01-19 11:11:21 UTC",
    "source": "shop-app",
    "curated": "ok",
    "product_id": "4113848533073",
    "product_handle": "hansa",
    "reply": "",
    "reply_date": "",
    "picture_urls": "",
    "ip_address": "",
    "location": "",
    "metaobject_handle": "shop-2519111-180772894-88e2b6a1-14ae-4c7c-9771-6b521cf4c5c3"
  },
  {
    "title": "One of my favourite rose",
    "body": "It is truly amazing this rose. Smells divine and gives lots of wonderful flowers. I love it \ud83e\udd70",
    "rating": 5,
    "review_date": "2025-05-23 17:36:25 UTC",
    "source": "web",
    "curated": "ok",
    "product_id": "4113848533073",
    "product_handle": "hansa",
    "reply": "",
    "reply_date": "",
    "picture_urls": "https://s3.amazonaws.com/me.judge.review-images/david-austin-roses-uk/1748021785__img_8061__original.jpeg",
    "ip_address": "151.229.67.92",
    "location": "Milton Keynes, England, United Kingdom",
    "metaobject_handle": "review-4447cd15-020e-4334-b6dd-be8fb34815fc"
  },
  {
    "title": "Fabulous rose",
    "body": "A healthy rose with rugosa vigour and heady scent, but with fully double, frilled magenta flowers that keep going through the summer, producing large rosehips.",
    "rating": 5,
    "review_date": "2025-07-05 18:30:28 UTC",
    "source": "web",
    "curated": "ok",
    "product_id": "4113848533073",
    "product_handle": "hansa",
    "reply": "",
    "reply_date": "",
    "picture_urls": "https://s3.amazonaws.com/me.judge.review-images/david-austin-roses-uk/1751740228__1000023256__original.jpg",
    "ip_address": "5.70.147.219",
    "location": "Leigh, England, United Kingdom",
    "metaobject_handle": "review-e61f57d7-b292-4b1a-88d9-0b86986f646a"
  }
]