[
  {
    "title": "",
    "body": "Beautiful healthy rose",
    "rating": 5,
    "review_date": "2025-02-03 19:06:53 UTC",
    "source": "shop-app",
    "curated": "ok",
    "product_id": "4113987174481",
    "product_handle": "harlow-carr-standard-rose",
    "reply": "",
    "reply_date": "",
    "picture_urls": "",
    "ip_address": "",
    "location": "",
    "metaobject_handle": "shop-2519111-183547578-efe9fa6a-ed81-408b-bfe9-c68a23ed778e"
  },
  {
    "title": "",
    "body": "The roses are in pots at the end of some stone steps. They are not quite the same lollipop tops as each other & one has white fly, but overall they are a couple of pretty good standard roses. I had a Harlow Carr hedge before & it is mainly the beautiful fragrance I wanted. You get a waft as you mount the steps between them. \nDavid Austin is the best rose grower in the country in my opinion.",
    "rating": 5,
    "review_date": "2023-06-19 15:17:22 UTC",
    "source": "shop-app",
    "curated": "ok",
    "product_id": "4114116149329",
    "product_handle": "harlow-carr-standard-rose-potted",
    "reply": "",
    "reply_date": "",
    "picture_urls": "",
    "ip_address": "",
    "location": "",
    "metaobject_handle": "shop-2519111-14256072-2b385c96-980d-40df-ae68-c63f6709081d"
  },
  {
    "title": "",
    "body": "Absolutely divine, so beautiful and smells amazing!! Highly recommend!!",
    "rating": 5,
    "review_date": "2023-08-18 11:41:57 UTC",
    "source": "shop-app",
    "curated": "ok",
    "product_id": "4114116149329",
    "product_handle": "harlow-carr-standard-rose-potted",
    "reply": "",
    "reply_date": "",
    "picture_urls": "",
    "ip_address": "",
    "location": "",
    "metaobject_handle": "shop-2519111-34963325-6b907393-1e9d-4347-8526-1db1b1b63cf4"
  },
  {
    "title": "",
    "body": "I bought standard roses, as always nicely packaged and delivered promptly",
    "rating": 5,
    "review_date": "2023-09-07 20:44:17 UTC",
    "source": "shop-app",
    "curated": "ok",
    "product_id": "4114116149329",
    "product_handle": "harlow-carr-standard-rose-potted",
    "reply": "",
    "reply_date": "",
    "picture_urls": "",
    "ip_address": "",
    "location": "",
    "metaobject_handle": "shop-2519111-36269663-ddd9f28a-733e-4147-90e3-df9bf9acc173"
  },
  {
    "title": "",
    "body": "Fantastic",
    "rating": 5,
    "review_date": "2024-03-23 13:59:56 UTC",
    "source": "shop-app",
    "curated": "ok",
    "product_id": "4114136334417",
    "product_handle": "harlow-carr-standard-rose-bare-root",
    "reply": "",
    "reply_date": "",
    "picture_urls": "",
    "ip_address": "",
    "location": "",
    "metaobject_handle": "shop-2519111-129307177-e0231811-a755-4d0b-9a22-2a45a91cb483"
  }
]