[
  {
    "title": "",
    "body": "You can\u2019t go wrong ordering roses from David Austin. Every rose I\u2019ve had from them have been absolutely perfect.",
    "rating": 5,
    "review_date": "2023-05-18 07:10:41 UTC",
    "source": "shop-app",
    "curated": "ok",
    "product_id": "4114102911057",
    "product_handle": "harlow-carr-shrub-rose-potted",
    "reply": "",
    "reply_date": "",
    "picture_urls": "",
    "ip_address": "",
    "location": "",
    "metaobject_handle": "shop-2519111-13392212-655b292b-e070-4ac9-9604-989b8ae5155f"
  },
  {
    "title": "",
    "body": "Thank you so much ! This is a beautiful plant sent to me from David Austin as I couldn\u2019t cancel the last one which went to a different address. Really appreciate someone getting back to me!",
    "rating": 5,
    "review_date": "2024-05-10 16:26:45 UTC",
    "source": "shop-app",
    "curated": "ok",
    "product_id": "4114102911057",
    "product_handle": "harlow-carr-shrub-rose-potted",
    "reply": "",
    "reply_date": "",
    "picture_urls": "",
    "ip_address": "",
    "location": "",
    "metaobject_handle": "shop-2519111-137864431-77222eaf-b3c8-49b5-b73b-6c2aee530f64"
  },
  {
    "title": "",
    "body": "My most favourite prolific scented garden rose, I\u2019ve planted hundreds of roses and this is a firm favourite, plentiful blooms and amazingly packaged from David Austin",
    "rating": 5,
    "review_date": "2024-06-02 22:16:33 UTC",
    "source": "shop-app",
    "curated": "ok",
    "product_id": "4114102911057",
    "product_handle": "harlow-carr-shrub-rose-potted",
    "reply": "",
    "reply_date": "",
    "picture_urls": "",
    "ip_address": "",
    "location": "",
    "metaobject_handle": "shop-2519111-141686996-c9614823-af89-453f-b08a-715e6dbd0f3a"
  },
  {
    "title": "",
    "body": "Beautiful roses.",
    "rating": 5,
    "review_date": "2024-11-25 05:17:47 UTC",
    "source": "shop-app",
    "curated": "ok",
    "product_id": "4114075320401",
    "product_handle": "harlow-carr-shrub-rose-bare-root",
    "reply": "",
    "reply_date": "",
    "picture_urls": "",
    "ip_address": "",
    "location": "",
    "metaobject_handle": "shop-2519111-169404478-17267e3a-616e-41f5-87cb-92d65534f52e"
  }
]