[
  {
    "title": "",
    "body": "Brilliant rose for hedging - provides pretty blooms and scent throughout the summer",
    "rating": 5,
    "review_date": "2025-03-26 10:51:34 UTC",
    "source": "shop-app",
    "curated": "ok",
    "product_id": "4113848762449",
    "product_handle": "harlow-carr",
    "reply": "",
    "reply_date": "",
    "picture_urls": "",
    "ip_address": "",
    "location": "",
    "metaobject_handle": "shop-2519111-197872843-ea7516c4-c342-4b44-8d9a-cb14d8919e94"
  },
  {
    "title": "",
    "body": "Beautiful Roses, perfectly packaged & they are now in my garden producing an amazing number of buds! Can\u2019t wait for them to start flowering!!",
    "rating": 5,
    "review_date": "2025-05-08 09:14:27 UTC",
    "source": "shop-app",
    "curated": "ok",
    "product_id": "4113848762449",
    "product_handle": "harlow-carr",
    "reply": "",
    "reply_date": "",
    "picture_urls": "",
    "ip_address": "",
    "location": "",
    "metaobject_handle": "shop-2519111-208422685-36a47897-610b-47d4-92b0-d3604c3ca06d"
  },
  {
    "title": "Amazing scent!",
    "body": "I love roses and have many varieties in my garden, but this one is my absolute favourite.  The scent is stunning and in the evening the garden fills with the perfume from this rose.  It also doesn\u2019t mind being hacked back - it just gets better the next year.  It also, so far, has not succumbed to the dreaded blackspot!",
    "rating": 5,
    "review_date": "2025-05-15 08:19:43 UTC",
    "source": "web",
    "curated": "ok",
    "product_id": "4113848762449",
    "product_handle": "harlow-carr",
    "reply": "",
    "reply_date": "",
    "picture_urls": "",
    "ip_address": "82.12.207.218",
    "location": "Reading, England, United Kingdom",
    "metaobject_handle": "review-cb0d2960-9c65-48ad-9ab3-c8b2595dc6c7"
  },
  {
    "title": "Fragrant",
    "body": "Beautiful fragrant rose. It\u2019s my second year of having this one and unfortunately it doesn\u2019t seem to like being in a pot (albeit a big one) this year.",
    "rating": 5,
    "review_date": "2025-05-18 18:50:52 UTC",
    "source": "web",
    "curated": "ok",
    "product_id": "4113848762449",
    "product_handle": "harlow-carr",
    "reply": "",
    "reply_date": "",
    "picture_urls": "",
    "ip_address": "86.163.66.110",
    "location": "Yeovil, England, United Kingdom",
    "metaobject_handle": "review-1d79d789-1877-4240-9c40-4ac9162c8bcc"
  },
  {
    "title": "Disappointing",
    "body": "Harlow Carr was my first DA rose. Brought as it was suitable for a pot however it has not done well at all. This year is its last chance but it\u2019s looking very pathetic again and I\u2019ve just chopped it back \u2639\ufe0f\nGabriel Oak is doing great in a similar pot as are Gertrude and Emily who are both planted",
    "rating": 2,
    "review_date": "2025-06-26 05:52:28 UTC",
    "source": "web",
    "curated": "ok",
    "product_id": "4113848762449",
    "product_handle": "harlow-carr",
    "reply": "",
    "reply_date": "",
    "picture_urls": "",
    "ip_address": "",
    "location": "",
    "metaobject_handle": "review-5f9246e3-0247-417b-a532-0880717fc061"
  }
]