[
  {
    "title": "",
    "body": "The roses were absolutely lovely .. they have grown hugely and the flowers are fab",
    "rating": 5,
    "review_date": "2023-07-25 11:42:21 UTC",
    "source": "shop-app",
    "curated": "ok",
    "product_id": "4114053398609",
    "product_handle": "hero-bare-root",
    "reply": "",
    "reply_date": "",
    "picture_urls": "",
    "ip_address": "",
    "location": "",
    "metaobject_handle": "shop-2519111-33570627-1332d825-dc25-49bc-8e10-cd4856603d60"
  },
  {
    "title": "",
    "body": "Arrived promptly and well packed",
    "rating": 5,
    "review_date": "2023-11-16 14:45:05 UTC",
    "source": "shop-app",
    "curated": "ok",
    "product_id": "4114053398609",
    "product_handle": "hero-bare-root",
    "reply": "",
    "reply_date": "",
    "picture_urls": "",
    "ip_address": "",
    "location": "",
    "metaobject_handle": "shop-2519111-52730893-8e6d5ef1-779b-4306-b616-6a8cca728454"
  }
]