[
  {
    "title": "",
    "body": "Beautiful rose. Well packed so it arrived in good condition and on time",
    "rating": 5,
    "review_date": "2023-07-13 13:23:32 UTC",
    "source": "shop-app",
    "curated": "ok",
    "product_id": "4114097504337",
    "product_handle": "iceberg-potted-1",
    "reply": "",
    "reply_date": "",
    "picture_urls": "",
    "ip_address": "",
    "location": "",
    "metaobject_handle": "shop-2519111-32871045-f99ce67d-54ca-48a1-9489-11ef0a25c31f"
  },
  {
    "title": "",
    "body": "An extremely healthy plant, very well packaged. Pleased to see two beautiful white buds on my rose too.",
    "rating": 5,
    "review_date": "2023-08-01 09:35:14 UTC",
    "source": "shop-app",
    "curated": "ok",
    "product_id": "4114097504337",
    "product_handle": "iceberg-potted-1",
    "reply": "",
    "reply_date": "",
    "picture_urls": "",
    "ip_address": "",
    "location": "",
    "metaobject_handle": "shop-2519111-33952301-30eea0c2-20b8-40bc-978a-871c1ed32470"
  },
  {
    "title": "",
    "body": "Recent moved so I treated my new garden to two climbing roses. Love Austin roses as then never fail and amazingly healthy when the arrive and very well packaged \ud83d\ude42",
    "rating": 5,
    "review_date": "2024-05-16 10:54:50 UTC",
    "source": "shop-app",
    "curated": "ok",
    "product_id": "4114097504337",
    "product_handle": "iceberg-potted-1",
    "reply": "",
    "reply_date": "",
    "picture_urls": "",
    "ip_address": "",
    "location": "",
    "metaobject_handle": "shop-2519111-138835291-db640df9-c939-4cfe-b13d-f018df6ae882"
  }
]