[
  {
    "title": "",
    "body": "They grow fast and beautiful flower",
    "rating": 5,
    "review_date": "2023-06-20 07:19:52 UTC",
    "source": "shop-app",
    "curated": "ok",
    "product_id": "6757498847313",
    "product_handle": "iceberg-climbing-rose-bare-root",
    "reply": "",
    "reply_date": "",
    "picture_urls": "",
    "ip_address": "",
    "location": "",
    "metaobject_handle": "shop-2519111-14281595-7729d241-4f65-44e5-b83b-7d1adbb6bf3e"
  },
  {
    "title": "",
    "body": "Great roses",
    "rating": 5,
    "review_date": "2024-01-02 11:24:19 UTC",
    "source": "shop-app",
    "curated": "ok",
    "product_id": "6757498847313",
    "product_handle": "iceberg-climbing-rose-bare-root",
    "reply": "",
    "reply_date": "",
    "picture_urls": "",
    "ip_address": "",
    "location": "",
    "metaobject_handle": "shop-2519111-107836242-c259f8cf-522c-431d-8ea2-e3d1f4117b2b"
  },
  {
    "title": "",
    "body": "Roses are so nice and healthy, bought for a Christmas present for my daughter-in-law, she will love them.",
    "rating": 5,
    "review_date": "2024-12-20 19:46:17 UTC",
    "source": "shop-app",
    "curated": "ok",
    "product_id": "4113821171793",
    "product_handle": "iceberg-climbing-rose",
    "reply": "",
    "reply_date": "",
    "picture_urls": "",
    "ip_address": "",
    "location": "",
    "metaobject_handle": "shop-2519111-174993213-d14b3060-7882-40fe-99b5-99917303e5f2"
  },
  {
    "title": "",
    "body": "The item delivered was well packaged and the potted plant is in excellent condition to be planted into the garden. Look forward to seeing how it turns out.",
    "rating": 5,
    "review_date": "2025-04-24 06:45:54 UTC",
    "source": "shop-app",
    "curated": "ok",
    "product_id": "4113821171793",
    "product_handle": "iceberg-climbing-rose",
    "reply": "",
    "reply_date": "",
    "picture_urls": "",
    "ip_address": "",
    "location": "",
    "metaobject_handle": "shop-2519111-205889512-490215cf-7044-4e9b-9ecc-53ec4696b209"
  },
  {
    "title": "",
    "body": "Fantanstic plants",
    "rating": 5,
    "review_date": "2025-06-06 10:13:54 UTC",
    "source": "shop-app",
    "curated": "ok",
    "product_id": "4113821171793",
    "product_handle": "iceberg-climbing-rose",
    "reply": "",
    "reply_date": "",
    "picture_urls": "",
    "ip_address": "",
    "location": "",
    "metaobject_handle": "shop-2519111-214843557-18be7b55-1d6c-49e7-a247-7d4b2dfedbd8"
  }
]