[
  {
    "title": "",
    "body": "A good \u2018doer\u2019, reliably flowering throughout the summer. Clients delighted.",
    "rating": 4,
    "review_date": "2023-11-01 16:05:31 UTC",
    "source": "shop-app",
    "curated": "ok",
    "product_id": "4114076762193",
    "product_handle": "iceberg-bare-root",
    "reply": "",
    "reply_date": "",
    "picture_urls": "",
    "ip_address": "",
    "location": "",
    "metaobject_handle": "shop-2519111-44985080-480fd6cd-efa6-46a7-b177-1eca42ea3ee0"
  },
  {
    "title": "",
    "body": "Lovely rose reminiscent of my childhood when Mum grew it \ud83d\udc95",
    "rating": 5,
    "review_date": "2024-10-06 15:40:24 UTC",
    "source": "shop-app",
    "curated": "ok",
    "product_id": "4114103074897",
    "product_handle": "iceberg-potted",
    "reply": "",
    "reply_date": "",
    "picture_urls": "",
    "ip_address": "",
    "location": "",
    "metaobject_handle": "shop-2519111-161418779-62d69707-a333-4cd9-8982-7398b0b3018e"
  },
  {
    "title": "Gorgeous white rose",
    "body": "I only planted this. 3 weeks ago and she has doubled in size and now got around 70 buds.  No thorns but there is hardly any smell, hence only 4 stars.",
    "rating": 4,
    "review_date": "2025-05-26 08:41:51 UTC",
    "source": "web",
    "curated": "ok",
    "product_id": "4113851777105",
    "product_handle": "iceberg",
    "reply": "",
    "reply_date": "",
    "picture_urls": "https://s3.amazonaws.com/me.judge.review-images/david-austin-roses-uk/1748248911__img_0164__original.jpeg",
    "ip_address": "86.12.252.127",
    "location": "Sheffield, England, United Kingdom",
    "metaobject_handle": "review-e2720ddd-0d10-4386-9cae-8adb093b6c4a"
  },
  {
    "title": "",
    "body": "Beautiful rose, lots of buds on arrival, would buy again from David Austin",
    "rating": 5,
    "review_date": "2025-06-29 14:11:34 UTC",
    "source": "shop-app",
    "curated": "ok",
    "product_id": "4113851777105",
    "product_handle": "iceberg",
    "reply": "",
    "reply_date": "",
    "picture_urls": "",
    "ip_address": "",
    "location": "",
    "metaobject_handle": "shop-2519111-219932093-57d60235-6328-41e5-8475-17a19aa12dce"
  }
]