[
  {
    "title": "",
    "body": "Lovely thank you. It's growing beautifully",
    "rating": 5,
    "review_date": "2024-03-07 11:48:56 UTC",
    "source": "shop-app",
    "curated": "ok",
    "product_id": "4114053955665",
    "product_handle": "james-galway-climbing-rose-bare-root",
    "reply": "",
    "reply_date": "",
    "picture_urls": "",
    "ip_address": "",
    "location": "",
    "metaobject_handle": "shop-2519111-122706364-f36aab82-528f-4a89-a4ca-a3576b4f8b8e"
  },
  {
    "title": "",
    "body": "As described, now in flower. Good communication and careful delivery. Thank you",
    "rating": 5,
    "review_date": "2025-06-11 09:04:46 UTC",
    "source": "shop-app",
    "curated": "ok",
    "product_id": "4113821302865",
    "product_handle": "james-galway-climbing-rose",
    "reply": "",
    "reply_date": "",
    "picture_urls": "",
    "ip_address": "",
    "location": "",
    "metaobject_handle": "shop-2519111-215984322-4df17d2f-4a6c-488a-8376-447f4bb4eab0"
  },
  {
    "title": "",
    "body": "Absolutely glorious, arrived quickly and in great condition, and is already flowering! thank you",
    "rating": 5,
    "review_date": "2025-06-11 09:58:14 UTC",
    "source": "shop-app",
    "curated": "ok",
    "product_id": "4113821302865",
    "product_handle": "james-galway-climbing-rose",
    "reply": "",
    "reply_date": "",
    "picture_urls": "",
    "ip_address": "",
    "location": "",
    "metaobject_handle": "shop-2519111-215990059-ed35ad14-5035-45c2-925e-cd9a741e9c91"
  },
  {
    "title": "Beautiful blooms",
    "body": "James Galway is an absolute beauty - we have him in a pot against a fence in part shade and he still performs beautifully with lots of gorgeous blooms. I used some last summer to make a bridal bouquet.",
    "rating": 5,
    "review_date": "2025-05-13 17:12:18 UTC",
    "source": "web",
    "curated": "ok",
    "product_id": "4113821302865",
    "product_handle": "james-galway-climbing-rose",
    "reply": "",
    "reply_date": "",
    "picture_urls": "https://s3.amazonaws.com/me.judge.review-images/david-austin-roses-uk/1747156339__img_6051__original.jpeg",
    "ip_address": "86.142.192.217",
    "location": "Kendal, England, United Kingdom",
    "metaobject_handle": "review-b35fe1cf-3317-42ba-8c23-2dc0a7e18b49"
  }
]