[
  {
    "title": "",
    "body": "This James Austin rose is a great colour and has a lovely scent too. A real asset to my garden patio. I have planted it in a pot as it is suitable to grow in a pot. Looks amazing in bloom.",
    "rating": 5,
    "review_date": "2023-06-13 23:34:54 UTC",
    "source": "shop-app",
    "curated": "ok",
    "product_id": "4114103599185",
    "product_handle": "james-l-austin-rose-potted",
    "reply": "",
    "reply_date": "",
    "picture_urls": "",
    "ip_address": "",
    "location": "",
    "metaobject_handle": "shop-2519111-14108561-6fdda5fd-a57e-410d-a131-66618352a1fa"
  },
  {
    "title": "",
    "body": "Love the colour of this rose and it smells great. Plant is healthy and large and is growing well already",
    "rating": 5,
    "review_date": "2023-08-08 13:27:06 UTC",
    "source": "shop-app",
    "curated": "ok",
    "product_id": "4114103599185",
    "product_handle": "james-l-austin-rose-potted",
    "reply": "",
    "reply_date": "",
    "picture_urls": "",
    "ip_address": "",
    "location": "",
    "metaobject_handle": "shop-2519111-34420462-948d00e9-cc3b-4f24-88d4-01964daaaabe"
  },
  {
    "title": "",
    "body": "Order arrived as described. Barefoot now has grown rapidly to near flowering already. Easy to plant, great planting notes. Looking forward to the first flowers in May/ June",
    "rating": 5,
    "review_date": "2024-04-29 14:50:18 UTC",
    "source": "shop-app",
    "curated": "ok",
    "product_id": "4114077450321",
    "product_handle": "james-l-austin-rose-bare-root",
    "reply": "",
    "reply_date": "",
    "picture_urls": "",
    "ip_address": "",
    "location": "",
    "metaobject_handle": "shop-2519111-136015835-7ebc2850-f88d-48df-8597-88f360c0ee06"
  },
  {
    "title": "Amazed",
    "body": "We were pleasantly surprised at how tall our standard rise was. We were not expecting it quite so tall. It certainly wasn\u2019t an issue for us. Very healthy plant too. \nThe packaging was very fit for purpose .",
    "rating": 5,
    "review_date": "2025-06-10 11:59:20 UTC",
    "source": "new-rre-flow",
    "curated": "ok",
    "product_id": "4113988845649",
    "product_handle": "james-l-austin-standard-rose",
    "reply": "",
    "reply_date": "",
    "picture_urls": "",
    "ip_address": "2a00:23ee:1460:2bdb:9947:9058:cb93:189e",
    "location": "Newport, Wales, United Kingdom",
    "metaobject_handle": "review-92b1441f-bb42-416c-adfa-789cdd7fe735"
  }
]