[
  {
    "title": "Beautiful bloom s",
    "body": "What a fantastic high quality perfect rose plant delivered in outstanding packaging.   Faultless delivery and so happy with the service recrieved.",
    "rating": 5,
    "review_date": "2025-06-06 17:35:35 UTC",
    "source": "new-rre-flow",
    "curated": "ok",
    "product_id": "4113853677649",
    "product_handle": "james-l-austin",
    "reply": "",
    "reply_date": "",
    "picture_urls": "https://s3.amazonaws.com/me.judge.review-images/david-austin-roses-uk/1749231352__1749231347606-1000039709__original.jpg",
    "ip_address": "2a00:23c7:ac86:7f01:ae15:3157:1354:2780",
    "location": "Yeovil, England, United Kingdom",
    "metaobject_handle": "review-a3067c6a-84c2-4742-9e11-e40818eb53c1"
  }
]