[
  {
    "title": "",
    "body": "I wanted this rose for years. Potted in April. It is having a good start and full of leaves. Great rose, great bareroot quality and very good service. Thank you.",
    "rating": 5,
    "review_date": "2024-05-06 20:49:32 UTC",
    "source": "shop-app",
    "curated": "ok",
    "product_id": "4114078531665",
    "product_handle": "jubilee-celebration-shrub-rose-bare-root",
    "reply": "",
    "reply_date": "",
    "picture_urls": "",
    "ip_address": "",
    "location": "",
    "metaobject_handle": "shop-2519111-137210853-33b8c943-1374-4fe2-bc63-61cffa948162"
  }
]