[
  {
    "title": "",
    "body": "Came with another rose. It came in good shape with a great root system. Not as robust as the first one I got, but healthy looking stems",
    "rating": 5,
    "review_date": "2023-10-30 22:13:44 UTC",
    "source": "shop-app",
    "curated": "ok",
    "product_id": "4114078761041",
    "product_handle": "julia-s-rose-bare-root",
    "reply": "",
    "reply_date": "",
    "picture_urls": "",
    "ip_address": "",
    "location": "",
    "metaobject_handle": "shop-2519111-42776229-c8d98c36-3af3-442b-955b-738c9f3c7590"
  },
  {
    "title": "",
    "body": "It was well packaged, with detailed instructions seems ok but as its a bare root time will tell .\nFollowed the instructions planted well so fingers crossed I'll reply again when the first bud arrives",
    "rating": 5,
    "review_date": "2024-12-06 15:53:46 UTC",
    "source": "shop-app",
    "curated": "ok",
    "product_id": "4113854988369",
    "product_handle": "julia-s-rose",
    "reply": "",
    "reply_date": "",
    "picture_urls": "",
    "ip_address": "",
    "location": "",
    "metaobject_handle": "shop-2519111-171558654-b94af74e-353d-4358-8a0c-7f06d3b5f143"
  },
  {
    "title": "I think it's so beautiful",
    "body": "Love it",
    "rating": 5,
    "review_date": "2025-05-12 13:16:14 UTC",
    "source": "web",
    "curated": "ok",
    "product_id": "4113854988369",
    "product_handle": "julia-s-rose",
    "reply": "",
    "reply_date": "",
    "picture_urls": "",
    "ip_address": "82.11.216.197",
    "location": "Nottingham, England, United Kingdom",
    "metaobject_handle": "review-1d22693e-5691-47d5-b74b-d3cdb4c0d558"
  }
]