[
  {
    "title": "",
    "body": "Still waiting for this to bloom. Crossed fingers it does this year.",
    "rating": 5,
    "review_date": "2023-05-18 19:57:59 UTC",
    "source": "shop-app",
    "curated": "ok",
    "product_id": "4114078957649",
    "product_handle": "just-joey-bare-root",
    "reply": "",
    "reply_date": "",
    "picture_urls": "",
    "ip_address": "",
    "location": "",
    "metaobject_handle": "shop-2519111-13409011-59539c31-b733-41cd-9fb0-594613494cbc"
  },
  {
    "title": "",
    "body": "Well. It\u2019s been planted. Now I have to wait and see if it flowers in the spring/summer \ud83e\udd1e",
    "rating": 4,
    "review_date": "2024-12-06 10:14:42 UTC",
    "source": "shop-app",
    "curated": "ok",
    "product_id": "4113855184977",
    "product_handle": "just-joey",
    "reply": "",
    "reply_date": "",
    "picture_urls": "",
    "ip_address": "",
    "location": "",
    "metaobject_handle": "shop-2519111-171511940-5a6ac9f0-6464-471d-bd3e-acd75b58db85"
  }
]