[
  {
    "title": "",
    "body": "Looks to be healthy but as well his is a barefoot Rose I won\u2019t really know until next summer!",
    "rating": 5,
    "review_date": "2023-11-14 13:30:00 UTC",
    "source": "shop-app",
    "curated": "ok",
    "product_id": "6700714131537",
    "product_handle": "kathleen-harrop-bare-root",
    "reply": "",
    "reply_date": "",
    "picture_urls": "",
    "ip_address": "",
    "location": "",
    "metaobject_handle": "shop-2519111-52370818-a9cc54ea-134f-4990-9c33-76c3a9a4eb9c"
  }
]