[
  {
    "title": "",
    "body": "Arrived on time in good condition, started to shoot hopefully will have lots of flowers",
    "rating": 5,
    "review_date": "2024-02-29 13:16:10 UTC",
    "source": "shop-app",
    "curated": "ok",
    "product_id": "4114104090705",
    "product_handle": "kew-rambler-potted",
    "reply": "",
    "reply_date": "",
    "picture_urls": "",
    "ip_address": "",
    "location": "",
    "metaobject_handle": "shop-2519111-121542411-dd411f90-f79e-42ea-96c0-1c80bbfc05e5"
  },
  {
    "title": "",
    "body": "Its doing very well. It was a present for my daughter",
    "rating": 4,
    "review_date": "2025-05-07 16:15:26 UTC",
    "source": "shop-app",
    "curated": "ok",
    "product_id": "4113855873105",
    "product_handle": "kew-rambler",
    "reply": "",
    "reply_date": "",
    "picture_urls": "",
    "ip_address": "",
    "location": "",
    "metaobject_handle": "shop-2519111-208285145-2a9c8456-7572-46c0-9742-5aa832b08cf7"
  },
  {
    "title": "Beautiful bee friendly rambler",
    "body": "Bought this rose a few years ago, it\u2019s now become quite spectacular in June!  It\u2019s a magnet for pollinators and the scent is fantastic, love this old rose!",
    "rating": 5,
    "review_date": "2025-06-22 16:57:28 UTC",
    "source": "web",
    "curated": "ok",
    "product_id": "4113855873105",
    "product_handle": "kew-rambler",
    "reply": "",
    "reply_date": "",
    "picture_urls": "",
    "ip_address": "104.28.40.161",
    "location": "Bristol, England, United Kingdom",
    "metaobject_handle": "review-e1280518-5a43-4945-9f6f-0c5ab18f4407"
  }
]