[
  {
    "title": "",
    "body": "Great",
    "rating": 5,
    "review_date": "2023-05-12 10:03:43 UTC",
    "source": "shop-app",
    "curated": "ok",
    "product_id": "4114079449169",
    "product_handle": "kew-gardens-shrub-rose-bare-root",
    "reply": "",
    "reply_date": "",
    "picture_urls": "",
    "ip_address": "",
    "location": "",
    "metaobject_handle": "shop-2519111-13226772-1750c91a-c2d4-4c07-ac48-2908a6ee4f2b"
  },
  {
    "title": "",
    "body": "Planted this in a pot following the informative video on the website which was great as I\u2019d no idea. \nIt\u2019s alive! Buds are beginning to sprout \ud83e\udd29",
    "rating": 5,
    "review_date": "2023-05-22 09:40:16 UTC",
    "source": "shop-app",
    "curated": "ok",
    "product_id": "4114079449169",
    "product_handle": "kew-gardens-shrub-rose-bare-root",
    "reply": "",
    "reply_date": "",
    "picture_urls": "",
    "ip_address": "",
    "location": "",
    "metaobject_handle": "shop-2519111-13492312-c18fb917-4072-46c5-ac96-53042f586fcb"
  },
  {
    "title": "",
    "body": "Love David Austin Roses \u2665\ufe0f beautiful rose but sadly the rubbish English weather is spoiling its display this year. Service is brilliant as usual from DA \ud83d\udc4d",
    "rating": 5,
    "review_date": "2024-07-10 20:15:35 UTC",
    "source": "shop-app",
    "curated": "ok",
    "product_id": "4114079449169",
    "product_handle": "kew-gardens-shrub-rose-bare-root",
    "reply": "",
    "reply_date": "",
    "picture_urls": "",
    "ip_address": "",
    "location": "",
    "metaobject_handle": "shop-2519111-148776314-411c01db-b656-4cb4-90f7-400f004d7f1a"
  },
  {
    "title": "",
    "body": "Great for front of border. Minimal thorns. Very pretty when in bloom",
    "rating": 4,
    "review_date": "2023-08-31 11:11:59 UTC",
    "source": "shop-app",
    "curated": "ok",
    "product_id": "4114079449169",
    "product_handle": "kew-gardens-shrub-rose-bare-root",
    "reply": "",
    "reply_date": "",
    "picture_urls": "",
    "ip_address": "",
    "location": "",
    "metaobject_handle": "shop-2519111-35780139-82a7c205-0f93-413f-8515-b68363ca4c04"
  },
  {
    "title": "",
    "body": "Bees love these, and thornless too which is always a bonus",
    "rating": 5,
    "review_date": "2023-08-31 11:15:27 UTC",
    "source": "shop-app",
    "curated": "ok",
    "product_id": "4114079449169",
    "product_handle": "kew-gardens-shrub-rose-bare-root",
    "reply": "",
    "reply_date": "",
    "picture_urls": "",
    "ip_address": "",
    "location": "",
    "metaobject_handle": "shop-2519111-35780331-f83e1dc6-1a16-4d78-bd89-0cb7ee21f338"
  },
  {
    "title": "",
    "body": "Perfect service as always\u2026 can\u2019t wait for next spring!",
    "rating": 5,
    "review_date": "2023-11-01 11:34:06 UTC",
    "source": "shop-app",
    "curated": "ok",
    "product_id": "4114079449169",
    "product_handle": "kew-gardens-shrub-rose-bare-root",
    "reply": "",
    "reply_date": "",
    "picture_urls": "",
    "ip_address": "",
    "location": "",
    "metaobject_handle": "shop-2519111-44471348-e3a619fd-a9b2-45e2-a01b-60e216f8836f"
  },
  {
    "title": "",
    "body": "Planted , can\u2019t wait for growth and blooms",
    "rating": 5,
    "review_date": "2023-11-24 13:02:21 UTC",
    "source": "shop-app",
    "curated": "ok",
    "product_id": "4114079449169",
    "product_handle": "kew-gardens-shrub-rose-bare-root",
    "reply": "",
    "reply_date": "",
    "picture_urls": "",
    "ip_address": "",
    "location": "",
    "metaobject_handle": "shop-2519111-54056876-b680490b-26b0-4ee0-910c-0b2cbe3b543d"
  },
  {
    "title": "",
    "body": "All good",
    "rating": 5,
    "review_date": "2023-06-01 15:06:54 UTC",
    "source": "shop-app",
    "curated": "ok",
    "product_id": "4114103992401",
    "product_handle": "kew-gardens-shrub-rose-potted",
    "reply": "",
    "reply_date": "",
    "picture_urls": "",
    "ip_address": "",
    "location": "",
    "metaobject_handle": "shop-2519111-13767813-f08d8a53-c2ed-4ce3-94e3-c39b0c27d8bc"
  },
  {
    "title": "",
    "body": "I love this small rose",
    "rating": 5,
    "review_date": "2023-07-03 07:58:13 UTC",
    "source": "shop-app",
    "curated": "ok",
    "product_id": "4114103992401",
    "product_handle": "kew-gardens-shrub-rose-potted",
    "reply": "",
    "reply_date": "",
    "picture_urls": "",
    "ip_address": "",
    "location": "",
    "metaobject_handle": "shop-2519111-14637152-198441e8-0c8c-46ff-ac2e-22b03970e45b"
  },
  {
    "title": "",
    "body": "Non stop flowering since it arrived. A beauty; recommend this if you want something a little different",
    "rating": 5,
    "review_date": "2023-09-01 16:02:01 UTC",
    "source": "shop-app",
    "curated": "ok",
    "product_id": "4114103992401",
    "product_handle": "kew-gardens-shrub-rose-potted",
    "reply": "",
    "reply_date": "",
    "picture_urls": "",
    "ip_address": "",
    "location": "",
    "metaobject_handle": "shop-2519111-35867576-d6805ddc-f54f-4bb5-b461-7d9771256908"
  },
  {
    "title": "",
    "body": "Good rose in good condition",
    "rating": 5,
    "review_date": "2024-04-23 07:52:33 UTC",
    "source": "shop-app",
    "curated": "ok",
    "product_id": "4114103992401",
    "product_handle": "kew-gardens-shrub-rose-potted",
    "reply": "",
    "reply_date": "",
    "picture_urls": "",
    "ip_address": "",
    "location": "",
    "metaobject_handle": "shop-2519111-135036045-95eff7d1-2a32-403a-884e-b354b290ca48"
  }
]