[
  {
    "title": "Lovely multiflowered rose",
    "body": "A lovely rose that I have put it a pot that continually flowered",
    "rating": 5,
    "review_date": "2025-02-20 00:00:00 UTC",
    "source": "judge-me",
    "curated": "ok",
    "product_id": "4113855774801",
    "product_handle": "kew-gardens",
    "reply": "",
    "reply_date": "",
    "picture_urls": "",
    "ip_address": "",
    "location": "",
    "metaobject_handle": "review-d9c0d02a-1776-4bfb-a397-c76c1721509e"
  },
  {
    "title": "Blooms on \"kew''.",
    "body": "Kew gardens is a beautiful rose that flowers profusely. I have it growing in a large pot next to a wall . I've had it a couple of years now and it's a real show stopper with a delicate scent . It's a perfect rose for a small garden . Has a long flowering season .",
    "rating": 5,
    "review_date": "2025-02-19 00:00:00 UTC",
    "source": "judge-me",
    "curated": "ok",
    "product_id": "4113855774801",
    "product_handle": "kew-gardens",
    "reply": "",
    "reply_date": "",
    "picture_urls": "",
    "ip_address": "",
    "location": "",
    "metaobject_handle": "review-f124e71d-4025-44b7-9501-209b895d910d"
  },
  {
    "title": "Elegant with lots of flowers",
    "body": "I have only had this rose for one season but I was so impressed by he prolific flowering even in its first year. A striking display and different from the usual which I loved. I can\u201a\u00c4\u00f4t wait to see how this rose performs in its second season.",
    "rating": 5,
    "review_date": "2025-02-19 00:00:00 UTC",
    "source": "judge-me",
    "curated": "ok",
    "product_id": "4113855774801",
    "product_handle": "kew-gardens",
    "reply": "",
    "reply_date": "",
    "picture_urls": "",
    "ip_address": "",
    "location": "",
    "metaobject_handle": "review-e82f4403-2e60-46b1-87bf-aa32e689e4e6"
  },
  {
    "title": "Kew Gardens",
    "body": "Strong, vigorous and reliable. Beautiful rose",
    "rating": 5,
    "review_date": "2025-02-14 00:00:00 UTC",
    "source": "judge-me",
    "curated": "ok",
    "product_id": "4113855774801",
    "product_handle": "kew-gardens",
    "reply": "",
    "reply_date": "",
    "picture_urls": "https://s3-us-west-1.amazonaws.com/user-files-1/servar/198908/a9081a46-ba01-4f02-8619-8b867d9a1a43/da12cbe9-b97e-4d5a-a33e-5ffc113a5716/2025-02-14T12%253A52%253A12.653399%252B00%253A00/IMG_2523.jpeg, https://s3.amazonaws.com/me.judge.review-images/david-austin-roses-uk/1740140627__1740140617757-img_2523__original.jpeg",
    "ip_address": "",
    "location": "",
    "metaobject_handle": "review-53189b84-8440-4861-ab36-3b94b8d28024"
  },
  {
    "title": "KewGardens",
    "body": "Rather disappointing, no scent so far and not much growth and been pruned by my excellent. Gardener who trained at Bicton College. A friend has it and loves it and hers flowers for ages, but I am disappointed by mine and we have given her lots of manure and TLC. Perhaps she will perk up this year.",
    "rating": 3,
    "review_date": "2025-02-11 00:00:00 UTC",
    "source": "judge-me",
    "curated": "ok",
    "product_id": "4113855774801",
    "product_handle": "kew-gardens",
    "reply": "",
    "reply_date": "",
    "picture_urls": "",
    "ip_address": "",
    "location": "",
    "metaobject_handle": "review-6a0bf9ba-1623-4ff5-984f-2a86d8bc1cda"
  },
  {
    "title": "",
    "body": "I bought two of these roses in October 2023 and planted them in pots in a soil and compost mixture with som rose fertiliser.\n They developed and flowered well in 2023 with copious blooms through the autumn as advertised and expected.\n After the first flowering they developed vigorous new shoots about twice as high as the original plants which later also developed flowers.\n I pruned them back to the original heights in winter 2023, fertilised them again and they performed well in 2024 with more tall new vigorous flowering shoots.\n I pruned them back again in autumn 2024 and they are still looking very healthy.\n The tall shoots were about twice the height of the original plants, which fill the space in my border as required.\n I am very pleased with the results and the roses completely fulfil my needs and expectations\n The plants were more vigorous than I expected but respond well to pruning and occasional watering and give copious beautiful large white flowers throughout the flowering season.",
    "rating": 5,
    "review_date": "2025-02-11 00:00:00 UTC",
    "source": "judge-me",
    "curated": "ok",
    "product_id": "4113855774801",
    "product_handle": "kew-gardens",
    "reply": "",
    "reply_date": "",
    "picture_urls": "",
    "ip_address": "",
    "location": "",
    "metaobject_handle": "review-2f2d6f19-4859-45ae-af7c-aba0581eb0b9"
  },
  {
    "title": "Rosa Kew Gardens",
    "body": "My Rosa Kew Gardens is entering its third year now. It\u201a\u00c4\u00f4s in a half barrel in a small courtyard which during the summer gets plenty of sun until early evening. I feed it well. It flowers, takes a break an then repeat flowers. The flowers are floriferous, small and delicate tinged with butter. It doesn\u201a\u00c4\u00f4t have a \u201a\u00c4\u00f2wow\u201a\u00c4\u00f4 factor. It\u201a\u00c4\u00f4s subtle and pleasing. I\u201a\u00c4\u00f4m wondering if it would do better directly planted in the garden.",
    "rating": 3,
    "review_date": "2025-02-06 00:00:00 UTC",
    "source": "judge-me",
    "curated": "ok",
    "product_id": "4113855774801",
    "product_handle": "kew-gardens",
    "reply": "",
    "reply_date": "",
    "picture_urls": "",
    "ip_address": "",
    "location": "",
    "metaobject_handle": "review-edecc013-ffb5-44de-8783-8eb8f6b57284"
  },
  {
    "title": "Constantly flowering",
    "body": "I bought this rose about three years ago. It has flowered constantly from May to November - though this year there were still flowers in December. It is planted on a north facing so not the best for roses but nevertheless it is a strong robust shrub that lights up my garden. An excellent rose with a subtle fragrance",
    "rating": 5,
    "review_date": "2025-02-06 00:00:00 UTC",
    "source": "judge-me",
    "curated": "ok",
    "product_id": "4113855774801",
    "product_handle": "kew-gardens",
    "reply": "",
    "reply_date": "",
    "picture_urls": "https://s3-us-west-1.amazonaws.com/user-files-1/servar/198908/45738e16-ebd2-40dd-bd75-31930be5aca3/da12cbe9-b97e-4d5a-a33e-5ffc113a5716/2025-02-05T21%253A44%253A17.762968%252B00%253A00/IMG_4808.jpeg",
    "ip_address": "",
    "location": "",
    "metaobject_handle": "review-fb896de6-4364-4444-b059-edc4a2ad8750"
  },
  {
    "title": "Beautiful",
    "body": "This is a beautiful and healthy rose. I love it. I have 3 all under white rambling roses and they look stunning, creating a space full of peace and harmony. They are also floriferous and flower for a long time. I had flowers in December. This is one of my favourites.",
    "rating": 5,
    "review_date": "2025-02-05 00:00:00 UTC",
    "source": "judge-me",
    "curated": "ok",
    "product_id": "4113855774801",
    "product_handle": "kew-gardens",
    "reply": "",
    "reply_date": "",
    "picture_urls": "",
    "ip_address": "",
    "location": "",
    "metaobject_handle": "review-4c943574-07b8-4172-8df1-1744967cb273"
  },
  {
    "title": "Kew Gardens roses make a dream rose hedge",
    "body": "I just adore these roses, robust, disease resistant, grow very quickly, beautiful mop heads of roses which last ages and repeat flowering but my favourite thing is the scent, when the wind catches the scent blows all the way up the gardens, its like old rose talcum powder, just beautiful. Highly recommend this beautiful rose.",
    "rating": 5,
    "review_date": "2025-02-05 00:00:00 UTC",
    "source": "judge-me",
    "curated": "ok",
    "product_id": "4113855774801",
    "product_handle": "kew-gardens",
    "reply": "",
    "reply_date": "",
    "picture_urls": "",
    "ip_address": "",
    "location": "",
    "metaobject_handle": "review-ef57e754-36c1-45bb-9c1d-d7c61588d509"
  },
  {
    "title": "",
    "body": "All David Austin roses are wonderful",
    "rating": 5,
    "review_date": "2025-04-20 20:40:28 UTC",
    "source": "shop-app",
    "curated": "ok",
    "product_id": "4113855774801",
    "product_handle": "kew-gardens",
    "reply": "",
    "reply_date": "",
    "picture_urls": "",
    "ip_address": "",
    "location": "",
    "metaobject_handle": "shop-2519111-205198585-d3512d39-82a7-41e3-ae2f-97e2d44b9fa1"
  },
  {
    "title": "",
    "body": "The item came out very well packaged and in a very good state. Prompt delivery, too. Always happy with my purchases from David Austin Roses.",
    "rating": 5,
    "review_date": "2025-05-02 10:42:51 UTC",
    "source": "shop-app",
    "curated": "ok",
    "product_id": "4113855774801",
    "product_handle": "kew-gardens",
    "reply": "",
    "reply_date": "",
    "picture_urls": "",
    "ip_address": "",
    "location": "",
    "metaobject_handle": "shop-2519111-207377399-1e4b9a2a-ed50-4a36-a4fa-74f737ab60c8"
  },
  {
    "title": "Makes me so happy",
    "body": "My mother purchased me my 1st rose for my 50th birthday. In its 1st year it bloomed so beautifully and now in its second year it\u2019s blooming even more and still has so many buds. It\u2019s a real joy to see. Really pleased with my 1st rose.\nThe picture doesn\u2019t do it justice",
    "rating": 5,
    "review_date": "2025-05-19 22:57:22 UTC",
    "source": "web",
    "curated": "ok",
    "product_id": "4113855774801",
    "product_handle": "kew-gardens",
    "reply": "",
    "reply_date": "",
    "picture_urls": "https://s3.amazonaws.com/me.judge.review-images/david-austin-roses-uk/1747695442__img_3054__original.jpeg",
    "ip_address": "5.70.115.5",
    "location": "Cambridge, England, United Kingdom",
    "metaobject_handle": "review-99084cb6-b94d-45de-808b-057a338fc107"
  },
  {
    "title": "Gorgeous",
    "body": "This was my first David Austin rose and it gave me the confidence to get more (and more :-)). I can\u2019t believe how much this one flowers and it\u2019s such an elegance gentle flower yet in abundance.",
    "rating": 5,
    "review_date": "2025-05-18 18:44:28 UTC",
    "source": "web",
    "curated": "ok",
    "product_id": "4113855774801",
    "product_handle": "kew-gardens",
    "reply": "",
    "reply_date": "",
    "picture_urls": "",
    "ip_address": "86.163.66.110",
    "location": "Yeovil, England, United Kingdom",
    "metaobject_handle": "review-bd82d4bd-dad4-4d2d-a442-6c32cbef6f32"
  },
  {
    "title": "Fabulous rose",
    "body": "I chose kew gardens because I wanted a single white flower to provide more for the pollinators in my garden.  It is absolutely beautiful with a very slightly caramel colour at the centre of each flower, contrasts beautifully with my lavender, dianthus and the queen of sweden rose.",
    "rating": 5,
    "review_date": "2025-06-19 14:06:11 UTC",
    "source": "web",
    "curated": "ok",
    "product_id": "4113855774801",
    "product_handle": "kew-gardens",
    "reply": "",
    "reply_date": "",
    "picture_urls": "",
    "ip_address": "188.74.119.133",
    "location": "Warminster, England, United Kingdom",
    "metaobject_handle": "review-9e591f22-6f2e-4943-ba27-77a95d3b906b"
  },
  {
    "title": "",
    "body": "Beautiful and arrived superbly packaged for maximum protection.",
    "rating": 5,
    "review_date": "2025-05-09 17:41:05 UTC",
    "source": "shop-app",
    "curated": "ok",
    "product_id": "4113855774801",
    "product_handle": "kew-gardens",
    "reply": "",
    "reply_date": "",
    "picture_urls": "",
    "ip_address": "",
    "location": "",
    "metaobject_handle": "shop-2519111-208700146-6c9b5a43-070e-46ac-8530-a139b96c5403"
  },
  {
    "title": "",
    "body": "Beautiful withh abundant buds!",
    "rating": 5,
    "review_date": "2025-07-05 12:40:25 UTC",
    "source": "shop-app",
    "curated": "ok",
    "product_id": "4113855774801",
    "product_handle": "kew-gardens",
    "reply": "",
    "reply_date": "",
    "picture_urls": "",
    "ip_address": "",
    "location": "",
    "metaobject_handle": "shop-2519111-221208512-5ba32444-1858-4a3d-91a5-2be6f19615a7"
  }
]