[
  {
    "title": "",
    "body": "Top quality plants, well packaged and promptly dispatched",
    "rating": 5,
    "review_date": "2023-06-07 09:58:09 UTC",
    "source": "shop-app",
    "curated": "ok",
    "product_id": "4114081906769",
    "product_handle": "l-d-braithwaite-shrub-rose-bare-root",
    "reply": "",
    "reply_date": "",
    "picture_urls": "",
    "ip_address": "",
    "location": "",
    "metaobject_handle": "shop-2519111-13915205-b2bad93d-6dca-4b30-829c-5eb40f1d3620"
  },
  {
    "title": "",
    "body": "Fabulous thank you, can\u2019t wait till they flower next year\ud83c\udf39\ud83c\udf39\ud83c\udf39",
    "rating": 5,
    "review_date": "2023-10-30 14:48:03 UTC",
    "source": "shop-app",
    "curated": "ok",
    "product_id": "4114081906769",
    "product_handle": "l-d-braithwaite-shrub-rose-bare-root",
    "reply": "",
    "reply_date": "",
    "picture_urls": "",
    "ip_address": "",
    "location": "",
    "metaobject_handle": "shop-2519111-42711140-ce01bfa1-31f5-4072-9ef6-d1f0bf318858"
  }
]