[
  {
    "title": "L D BRAITHWAITE - a fabulous red rose",
    "body": "A fantastic rose with big heavy heads that are really too big for the rose. But a beautiful red rose. Grown this rose for over 20 years,",
    "rating": 5,
    "review_date": "2025-06-11 07:25:47 UTC",
    "source": "web",
    "curated": "ok",
    "product_id": "4113858986065",
    "product_handle": "l-d-braithwaite",
    "reply": "",
    "reply_date": "",
    "picture_urls": "https://s3.amazonaws.com/me.judge.review-images/david-austin-roses-uk/1749626747__ldbraithwaiterose__original.JPG",
    "ip_address": "86.157.254.197",
    "location": "Milton Keynes, England, United Kingdom",
    "metaobject_handle": "review-701c5f90-a38b-44d3-b97f-6aebce5529bd"
  }
]