[
  {
    "title": "",
    "body": "Great delivery and service looking forward to seeing it grow",
    "rating": 5,
    "review_date": "2025-01-10 17:34:38 UTC",
    "source": "shop-app",
    "curated": "ok",
    "product_id": "4113821565009",
    "product_handle": "lady-sylvia-climbing-rose",
    "reply": "",
    "reply_date": "",
    "picture_urls": "",
    "ip_address": "",
    "location": "",
    "metaobject_handle": "shop-2519111-179108640-d9afcf25-c943-4e91-a5e3-81d021dc3585"
  },
  {
    "title": "Lady Sylvia",
    "body": "I love the perfume of this rose.To me, it's Turkish delight!",
    "rating": 4,
    "review_date": "2025-06-14 20:24:59 UTC",
    "source": "web",
    "curated": "ok",
    "product_id": "4113821565009",
    "product_handle": "lady-sylvia-climbing-rose",
    "reply": "",
    "reply_date": "",
    "picture_urls": "",
    "ip_address": "31.50.160.174",
    "location": "Callington, England, United Kingdom",
    "metaobject_handle": "review-a5455e51-0910-4ac7-99c3-59e38d66f3b7"
  }
]