[
  {
    "title": "",
    "body": "I had one exquisite flower on this rose during its first season; its scent was heavenly! Hoping it'll flower more profusely this summer. Thanks.",
    "rating": 3,
    "review_date": "2025-02-19 00:00:00 UTC",
    "source": "judge-me",
    "curated": "ok",
    "product_id": "4113857151057",
    "product_handle": "lady-of-shalott",
    "reply": "",
    "reply_date": "",
    "picture_urls": "",
    "ip_address": "",
    "location": "",
    "metaobject_handle": "review-6d9201c2-32f4-4aa4-96ac-2e8059a8fa5b"
  },
  {
    "title": "",
    "body": "My rose has not yet had a full year of growth so I am unable to give a meaningful review. It appears to be thriving and should soon be budding.",
    "rating": 5,
    "review_date": "2025-02-17 00:00:00 UTC",
    "source": "judge-me",
    "curated": "ok",
    "product_id": "4113857151057",
    "product_handle": "lady-of-shalott",
    "reply": "",
    "reply_date": "",
    "picture_urls": "",
    "ip_address": "",
    "location": "",
    "metaobject_handle": "review-2b802d0e-a1b8-4666-931e-20fcfde2ef91"
  },
  {
    "title": "Beautiful",
    "body": "I love this Rose it sits outside my back door and like a sunny welcome on my patio",
    "rating": 5,
    "review_date": "2025-02-14 00:00:00 UTC",
    "source": "judge-me",
    "curated": "ok",
    "product_id": "4113857151057",
    "product_handle": "lady-of-shalott",
    "reply": "",
    "reply_date": "",
    "picture_urls": "",
    "ip_address": "",
    "location": "",
    "metaobject_handle": "review-c0d0f7db-45c6-4dcc-9386-6344211b17fa"
  },
  {
    "title": "Lady Of Shalott",
    "body": "5* as always when buying from David Austin ! And a wonderful addition to my very own DA rose garden. The packaging is always first class, ordering and delivery is simple. Most importantly is the quality of the rose. They are ALWAYS strong and healthy with beautiful blooms. This rose in particular has a beautiful delicate fragrance. \n \n Thanks again David Austin",
    "rating": 5,
    "review_date": "2025-02-14 00:00:00 UTC",
    "source": "judge-me",
    "curated": "ok",
    "product_id": "4113857151057",
    "product_handle": "lady-of-shalott",
    "reply": "",
    "reply_date": "",
    "picture_urls": "",
    "ip_address": "",
    "location": "",
    "metaobject_handle": "review-ca2de7f0-e90a-4015-8163-0b61b923945b"
  },
  {
    "title": "Highly recomend",
    "body": "I've been really impressed with them. They grew quickly and flowered spring to autumn. They are stunning to look at and make a real impact.",
    "rating": 5,
    "review_date": "2025-02-11 00:00:00 UTC",
    "source": "judge-me",
    "curated": "ok",
    "product_id": "4113857151057",
    "product_handle": "lady-of-shalott",
    "reply": "",
    "reply_date": "",
    "picture_urls": "",
    "ip_address": "",
    "location": "",
    "metaobject_handle": "review-9cc6d300-083b-400f-be10-d94ca9ded2be"
  },
  {
    "title": "",
    "body": "I chose this rose because it said it would be ok in a shady area. After a couple of years I decided to move it as it was struggling. It is now in a more sunny position. Last year was the first after the move and I suppose it needed time to settle but I think there was only one bloom. I have pruned and mulched it and hope it improves this year. Robust it isn\u201a\u00c4\u00f4t and rather disappointing.",
    "rating": 1,
    "review_date": "2025-02-06 00:00:00 UTC",
    "source": "judge-me",
    "curated": "ok",
    "product_id": "4113857151057",
    "product_handle": "lady-of-shalott",
    "reply": "",
    "reply_date": "",
    "picture_urls": "",
    "ip_address": "",
    "location": "",
    "metaobject_handle": "review-d0c4d737-60da-4f09-bd5e-e85693bf008f"
  },
  {
    "title": "Absolutely stunning",
    "body": "I am the proud owner of two Lady of Shallot roses. I have planted each in a very large purple pot and placed them either side of my French doors. The colour is vibrant orange initially and then as the blooms age, grow in to a pale orange/apricot. The scent is deliciously rich and sweet. Extremely healthy, prolific flowering as long as they are regularly deadheaded. Highly recommend",
    "rating": 5,
    "review_date": "2025-02-05 00:00:00 UTC",
    "source": "judge-me",
    "curated": "ok",
    "product_id": "4113857151057",
    "product_handle": "lady-of-shalott",
    "reply": "",
    "reply_date": "",
    "picture_urls": "https://s3-us-west-1.amazonaws.com/user-files-1/servar/198908/e7319610-4ef9-48ff-9003-cfb87efffa09/da12cbe9-b97e-4d5a-a33e-5ffc113a5716/2025-02-05T20%253A13%253A50.215893%252B00%253A00/IMG_6801.jpeg, https://s3-us-west-1.amazonaws.com/user-files-1/servar/198908/e7319610-4ef9-48ff-9003-cfb87efffa09/da12cbe9-b97e-4d5a-a33e-5ffc113a5716/2025-02-05T20%253A13%253A50.216009%252B00%253A00/IMG_6310.jpeg, https://s3-us-west-1.amazonaws.com/user-files-1/servar/198908/e7319610-4ef9-48ff-9003-cfb87efffa09/da12cbe9-b97e-4d5a-a33e-5ffc113a5716/2025-02-05T20%253A13%253A50.215957%252B00%253A00/IMG_6318.jpeg, https://s3-us-west-1.amazonaws.com/user-files-1/servar/198908/e7319610-4ef9-48ff-9003-cfb87efffa09/da12cbe9-b97e-4d5a-a33e-5ffc113a5716/2025-02-05T20%253A13%253A50.216060%252B00%253A00/IMG_6312.jpeg",
    "ip_address": "",
    "location": "",
    "metaobject_handle": "review-77ed4133-0cc8-4b92-9567-6f3e9f8aa2d4"
  },
  {
    "title": "",
    "body": "We have lots of roses from David Austin in our garden. We always buy the potted ones and are usually very pleased with them. But this order were not such good specimens, less roses and also main stems wonky from roots, so not really central the pot. All previous roses have been easy to plant with a straight central main stem making it easy to have an upright bush. .",
    "rating": 4,
    "review_date": "2025-02-05 00:00:00 UTC",
    "source": "judge-me",
    "curated": "ok",
    "product_id": "4113857151057",
    "product_handle": "lady-of-shalott",
    "reply": "",
    "reply_date": "",
    "picture_urls": "",
    "ip_address": "",
    "location": "",
    "metaobject_handle": "review-192d8556-f948-41d3-9a65-72b8b3143119"
  },
  {
    "title": "Excellent quality rose",
    "body": "I purchased three of these roses which grow as a \"mass planting\" in a half whisky barrel. The image was taken a few months after planting - first year of growth. This is an exquisite rose and takes its place with a number of other roses - shrub, climbing and rambling from David Austin. All have been of top quality and the customer service from the company is always excellent. I wouldn't entertain anywhere else to purchase roses.",
    "rating": 5,
    "review_date": "2025-02-05 00:00:00 UTC",
    "source": "judge-me",
    "curated": "ok",
    "product_id": "4113857151057",
    "product_handle": "lady-of-shalott",
    "reply": "",
    "reply_date": "",
    "picture_urls": "https://s3-us-west-1.amazonaws.com/user-files-1/servar/198908/39e1f2de-d0c4-49be-8bd0-b377c6a55ec4/da12cbe9-b97e-4d5a-a33e-5ffc113a5716/2025-02-05T15%253A16%253A18.409124%252B00%253A00/DSC02342a.JPG",
    "ip_address": "",
    "location": "",
    "metaobject_handle": "review-b4edc5b8-3c54-47ae-8980-6fa5f4c8d4a1"
  },
  {
    "title": "My favourite rose",
    "body": "The most beautiful gingery orange colour with a fabulous scent. It flowers profusely all the way through until the frosts. It is my favourite rose out of about twenty David Austin roses that I have in my garden. They are all beautiful though.",
    "rating": 5,
    "review_date": "2025-02-05 00:00:00 UTC",
    "source": "judge-me",
    "curated": "ok",
    "product_id": "4113857151057",
    "product_handle": "lady-of-shalott",
    "reply": "",
    "reply_date": "",
    "picture_urls": "https://s3-us-west-1.amazonaws.com/user-files-1/servar/198908/19bb338b-81a5-4309-a407-fa773b4fea83/da12cbe9-b97e-4d5a-a33e-5ffc113a5716/2025-02-05T12%253A16%253A13.781863%252B00%253A00/IMG_4695.jpeg, https://s3-us-west-1.amazonaws.com/user-files-1/servar/198908/19bb338b-81a5-4309-a407-fa773b4fea83/da12cbe9-b97e-4d5a-a33e-5ffc113a5716/2025-02-05T12%253A16%253A13.781977%252B00%253A00/IMG_4694.jpeg, https://s3-us-west-1.amazonaws.com/user-files-1/servar/198908/19bb338b-81a5-4309-a407-fa773b4fea83/da12cbe9-b97e-4d5a-a33e-5ffc113a5716/2025-02-05T12%253A16%253A13.782035%252B00%253A00/IMG_4692.jpeg",
    "ip_address": "",
    "location": "",
    "metaobject_handle": "review-68f0d636-b04c-4e19-a3b7-3188a5359644"
  },
  {
    "title": "Fabulous Lady of Shalott",
    "body": "My Lady of Shalott rose is particularly wonderful this year because I reduced the height of a hedge on the opposite side of the drive (which at 20ft was cutting down on the amount of sunshine  that my roses got). It's only 1st June now and it looks great already and is covered in buds. See pics",
    "rating": 5,
    "review_date": "2025-06-01 16:24:08 UTC",
    "source": "web",
    "curated": "ok",
    "product_id": "4113857151057",
    "product_handle": "lady-of-shalott",
    "reply": "",
    "reply_date": "",
    "picture_urls": "https://s3.amazonaws.com/me.judge.review-images/david-austin-roses-uk/1748795049__ladyofshalott__original.jpg, https://s3.amazonaws.com/me.judge.review-images/david-austin-roses-uk/1748795053__20250531_164917__original.jpg",
    "ip_address": "90.214.236.146",
    "location": "Newton Aycliffe, England, United Kingdom",
    "metaobject_handle": "review-e22ef211-36f7-414e-acf0-fffbd5c477a9"
  },
  {
    "title": "",
    "body": "A beautiful rose. I purchased it last month and planted it in a container and I\u2019ve already had several flowers.",
    "rating": 5,
    "review_date": "2025-06-11 18:00:37 UTC",
    "source": "web",
    "curated": "ok",
    "product_id": "4113857151057",
    "product_handle": "lady-of-shalott",
    "reply": "",
    "reply_date": "",
    "picture_urls": "https://s3.amazonaws.com/me.judge.review-images/david-austin-roses-uk/1749664838__img_9942__original.jpeg",
    "ip_address": "109.149.220.100",
    "location": "Eastbourne, England, United Kingdom",
    "metaobject_handle": "review-3d56cff8-1314-48f4-a67e-6c35933fe4aa"
  },
  {
    "title": "Totally LOVE my new rose plant",
    "body": "Saw this at the Chelsea Flower Show and fell in love with it.",
    "rating": 5,
    "review_date": "2025-06-04 16:10:51 UTC",
    "source": "new-rre-flow",
    "curated": "ok",
    "product_id": "4113857151057",
    "product_handle": "lady-of-shalott",
    "reply": "",
    "reply_date": "",
    "picture_urls": "",
    "ip_address": "2a00:23c7:c183:6301:1d72:876e:7a6e:574e",
    "location": "Merton, England, United Kingdom",
    "metaobject_handle": "review-fb6048fa-cbf9-491a-8cdc-7184a1875594"
  },
  {
    "title": "",
    "body": "Very pleased with the quality of this bareroot rose and eager for the season to commence",
    "rating": 5,
    "review_date": "2025-05-01 11:32:24 UTC",
    "source": "shop-app",
    "curated": "ok",
    "product_id": "4113857151057",
    "product_handle": "lady-of-shalott",
    "reply": "",
    "reply_date": "",
    "picture_urls": "",
    "ip_address": "",
    "location": "",
    "metaobject_handle": "shop-2519111-207209699-7354e8f1-ad19-4232-b449-2ac0d7a47569"
  },
  {
    "title": "Nice colour",
    "body": "I bought 'Lady of  Shallot' back in 2023. When it flowered for the first time last year it had a different form to what is shown on the website, it had less petals. When I contacted the customer services team they explained that it may take a another year for it to establish to show the true from. I waited for another year and to see some really floppy flowers with loosely arranged petals. The only nice thing about it is the colour, which is a shame.",
    "rating": 2,
    "review_date": "2025-06-10 08:09:20 UTC",
    "source": "web",
    "curated": "ok",
    "product_id": "4113857151057",
    "product_handle": "lady-of-shalott",
    "reply": "",
    "reply_date": "",
    "picture_urls": "",
    "ip_address": "134.231.184.169",
    "location": "London, England, United Kingdom",
    "metaobject_handle": "review-051bfa4f-9bbd-4ffe-aad1-856f5ca58327"
  },
  {
    "title": "Another promising DA addition",
    "body": "Following planting of The Pilgrim in the ground, I planted Lady of Shalott in a big pot.\n\nIt looks so healthy and strong that I can expect beautiful blooms very soon.\n\nSomething to look forward to everyday in the summer, which makes me happy.",
    "rating": 5,
    "review_date": "2025-06-19 20:27:03 UTC",
    "source": "web",
    "curated": "ok",
    "product_id": "4113857151057",
    "product_handle": "lady-of-shalott",
    "reply": "",
    "reply_date": "",
    "picture_urls": "https://s3.amazonaws.com/me.judge.review-images/david-austin-roses-uk/1750397476__20250620_062630__original.jpg",
    "ip_address": "90.240.9.30",
    "location": "Coventry, England, United Kingdom",
    "metaobject_handle": "review-baf5827a-8ea7-4333-b5eb-9fb46bfd690c"
  },
  {
    "title": "Just love this rose!",
    "body": "I have many DA roses both shrub, climbers & ramblers & this is definitely my favourite. Flowers profusely & has stayed healthily & amazingly copes with the wind in our garden. Just love it.",
    "rating": 5,
    "review_date": "2025-06-20 11:30:56 UTC",
    "source": "web",
    "curated": "ok",
    "product_id": "4113857151057",
    "product_handle": "lady-of-shalott",
    "reply": "",
    "reply_date": "",
    "picture_urls": "https://s3.amazonaws.com/me.judge.review-images/david-austin-roses-uk/1750419056__img_6604__original.jpeg",
    "ip_address": "217.28.9.20",
    "location": "Douglas, Isle of Man",
    "metaobject_handle": "review-ae8e227c-3491-4869-92e8-69958f0f438b"
  },
  {
    "title": "Gorgeous rich colour",
    "body": "This rose has stood out to me visiting gardens in London, Scotland and the David Austin gardens in Shropshire. The colour is amazing - a deep orange with shades of deep reddish pink in the buds and around the outer petals of the new flowers - it is just gorgeous! I don't use any spray and it is lovely and healthy. Looks stunning next to my Gabriel Oak; and with Hyde Hall on the other side my new little rose area is an absolute picture and just full of blossom and healthy leaf growth.",
    "rating": 5,
    "review_date": "2025-06-23 04:57:34 UTC",
    "source": "web",
    "curated": "ok",
    "product_id": "4113857151057",
    "product_handle": "lady-of-shalott",
    "reply": "",
    "reply_date": "",
    "picture_urls": "",
    "ip_address": "217.42.34.184",
    "location": "Dumfries, Scotland, United Kingdom",
    "metaobject_handle": "review-99a4d3cf-2bce-4b45-9c60-1a9a52f89367"
  },
  {
    "title": "",
    "body": "Beautiful!",
    "rating": 5,
    "review_date": "2025-06-25 09:30:56 UTC",
    "source": "shop-app",
    "curated": "ok",
    "product_id": "4113857151057",
    "product_handle": "lady-of-shalott",
    "reply": "",
    "reply_date": "",
    "picture_urls": "",
    "ip_address": "",
    "location": "",
    "metaobject_handle": "shop-2519111-219050117-d0795817-3824-44d8-98ad-af640319130b"
  },
  {
    "title": "Beautiful Lady of Shalott",
    "body": "My first ever David Austin Rose. She is absolutely beautiful. Arrived through the post safely and was packed securely. This wonderful Lady of Shalott is a gorgeous, breathtaking Rose. She was the first and won't be my last! Thankyou",
    "rating": 5,
    "review_date": "2025-07-04 07:43:53 UTC",
    "source": "web",
    "curated": "ok",
    "product_id": "4113857151057",
    "product_handle": "lady-of-shalott",
    "reply": "",
    "reply_date": "",
    "picture_urls": "",
    "ip_address": "92.236.9.96",
    "location": "Blackpool, England, United Kingdom",
    "metaobject_handle": "review-cc3b254a-058f-47b9-ba60-a1743bb8a356"
  }
]