[
  {
    "title": "",
    "body": "Would give five but I have only just planted it so waiting for spring, if it\u2019s as good as the others iv bought then it will be five stars , beautiful rose tree and excellent service from David Austin Roses",
    "rating": 4,
    "review_date": "2024-03-14 11:43:05 UTC",
    "source": "shop-app",
    "curated": "ok",
    "product_id": "4114136924241",
    "product_handle": "lady-of-shalott-standard-rose-bare-root",
    "reply": "",
    "reply_date": "",
    "picture_urls": "",
    "ip_address": "",
    "location": "",
    "metaobject_handle": "shop-2519111-127838132-93f2ccc9-73af-4e7e-9e41-82a076a38a9d"
  },
  {
    "title": "",
    "body": "Received in good time. Perfect looking standard rose. Healthy. Now planted and waiting for the magic to happen. Only thing I have noticed is a bit of die back but I suspect that's more to do with more care taking than any fault of DA. \nReally.looking forward to it flowering.",
    "rating": 4,
    "review_date": "2024-04-26 12:46:26 UTC",
    "source": "shop-app",
    "curated": "ok",
    "product_id": "4114136924241",
    "product_handle": "lady-of-shalott-standard-rose-bare-root",
    "reply": "",
    "reply_date": "",
    "picture_urls": "",
    "ip_address": "",
    "location": "",
    "metaobject_handle": "shop-2519111-135584341-f043277a-5077-409d-a1f7-2cfbcaf5ae7a"
  }
]