[
  {
    "title": "",
    "body": "Absolutely stunning",
    "rating": 5,
    "review_date": "2022-11-04 14:36:07 UTC",
    "source": "shop-app",
    "curated": "ok",
    "product_id": "4114080792657",
    "product_handle": "lady-of-shalott-shrub-rose-bare-root",
    "reply": "",
    "reply_date": "",
    "picture_urls": "",
    "ip_address": "",
    "location": "",
    "metaobject_handle": "shop-2519111-1091035-58b9e0d4-1689-4ffa-8d68-d578f2c08302"
  },
  {
    "title": "",
    "body": "Excellent",
    "rating": 5,
    "review_date": "2023-05-29 16:14:57 UTC",
    "source": "shop-app",
    "curated": "ok",
    "product_id": "4114080792657",
    "product_handle": "lady-of-shalott-shrub-rose-bare-root",
    "reply": "",
    "reply_date": "",
    "picture_urls": "",
    "ip_address": "",
    "location": "",
    "metaobject_handle": "shop-2519111-13681271-c3f20e69-3a14-4e77-9dd7-d3b78b9ba875"
  },
  {
    "title": "",
    "body": "fantastic rose",
    "rating": 5,
    "review_date": "2024-03-06 21:17:15 UTC",
    "source": "shop-app",
    "curated": "ok",
    "product_id": "4114080792657",
    "product_handle": "lady-of-shalott-shrub-rose-bare-root",
    "reply": "",
    "reply_date": "",
    "picture_urls": "",
    "ip_address": "",
    "location": "",
    "metaobject_handle": "shop-2519111-122617644-fffa53cc-07a9-4fb7-8131-859f0e57920a"
  },
  {
    "title": "",
    "body": "Very beautiful",
    "rating": 5,
    "review_date": "2023-06-29 14:40:46 UTC",
    "source": "shop-app",
    "curated": "ok",
    "product_id": "4114104778833",
    "product_handle": "lady-of-shalott-shrub-rose-potted",
    "reply": "",
    "reply_date": "",
    "picture_urls": "",
    "ip_address": "",
    "location": "",
    "metaobject_handle": "shop-2519111-14540030-68d5c993-3560-494d-8bda-fc4e3c3e491e"
  },
  {
    "title": "",
    "body": "It's gorgeous I love it just what they said it would be",
    "rating": 5,
    "review_date": "2023-06-29 17:38:44 UTC",
    "source": "shop-app",
    "curated": "ok",
    "product_id": "4114104778833",
    "product_handle": "lady-of-shalott-shrub-rose-potted",
    "reply": "",
    "reply_date": "",
    "picture_urls": "",
    "ip_address": "",
    "location": "",
    "metaobject_handle": "shop-2519111-14544969-16405e65-aad0-4938-8161-efcd2acd9761"
  },
  {
    "title": "",
    "body": "A \u2018feature\u2019 plant in a mixed herbaceous border. Very thorny, so also useful to include in a hedge to deter deer, rabbit, etc",
    "rating": 5,
    "review_date": "2023-07-20 09:15:42 UTC",
    "source": "shop-app",
    "curated": "ok",
    "product_id": "4114104778833",
    "product_handle": "lady-of-shalott-shrub-rose-potted",
    "reply": "",
    "reply_date": "",
    "picture_urls": "",
    "ip_address": "",
    "location": "",
    "metaobject_handle": "shop-2519111-33317006-0a8938bd-e866-421c-9e15-a0c77416bf6d"
  },
  {
    "title": "",
    "body": "The scent and the flower s are stunning. I\u2019ve already had 2 blooms and the third lot are ready to open. I bought another one for my mother and she feels the same as me.",
    "rating": 5,
    "review_date": "2023-08-07 17:38:00 UTC",
    "source": "shop-app",
    "curated": "ok",
    "product_id": "4114104778833",
    "product_handle": "lady-of-shalott-shrub-rose-potted",
    "reply": "",
    "reply_date": "",
    "picture_urls": "",
    "ip_address": "",
    "location": "",
    "metaobject_handle": "shop-2519111-34339448-f28ce2ae-8440-4db1-a2c1-19e008dd1aca"
  },
  {
    "title": "",
    "body": "Excellent",
    "rating": 5,
    "review_date": "2023-08-23 17:14:35 UTC",
    "source": "shop-app",
    "curated": "ok",
    "product_id": "4114104778833",
    "product_handle": "lady-of-shalott-shrub-rose-potted",
    "reply": "",
    "reply_date": "",
    "picture_urls": "",
    "ip_address": "",
    "location": "",
    "metaobject_handle": "shop-2519111-35262730-a93762a8-c873-4305-941f-32dcb2ed8ec8"
  },
  {
    "title": "",
    "body": "A beautiful rose. Stunning colour.",
    "rating": 5,
    "review_date": "2023-08-25 19:52:18 UTC",
    "source": "shop-app",
    "curated": "ok",
    "product_id": "4114104778833",
    "product_handle": "lady-of-shalott-shrub-rose-potted",
    "reply": "",
    "reply_date": "",
    "picture_urls": "",
    "ip_address": "",
    "location": "",
    "metaobject_handle": "shop-2519111-35407118-5078a359-fa4e-4d48-bf17-e187dd5d5352"
  },
  {
    "title": "",
    "body": "Beautiful roses",
    "rating": 5,
    "review_date": "2023-11-17 12:04:36 UTC",
    "source": "shop-app",
    "curated": "ok",
    "product_id": "4114104778833",
    "product_handle": "lady-of-shalott-shrub-rose-potted",
    "reply": "",
    "reply_date": "",
    "picture_urls": "",
    "ip_address": "",
    "location": "",
    "metaobject_handle": "shop-2519111-52885940-2a9c72a7-b802-4ab6-9466-b011c4c96409"
  },
  {
    "title": "",
    "body": "Great product",
    "rating": 5,
    "review_date": "2024-04-12 14:11:30 UTC",
    "source": "shop-app",
    "curated": "ok",
    "product_id": "4114104778833",
    "product_handle": "lady-of-shalott-shrub-rose-potted",
    "reply": "",
    "reply_date": "",
    "picture_urls": "",
    "ip_address": "",
    "location": "",
    "metaobject_handle": "shop-2519111-133189628-bfea16d3-2682-4487-ab44-e0f403a3824e"
  },
  {
    "title": "",
    "body": "Amazing gorgeous rose",
    "rating": 5,
    "review_date": "2024-06-03 15:22:31 UTC",
    "source": "shop-app",
    "curated": "ok",
    "product_id": "4114104778833",
    "product_handle": "lady-of-shalott-shrub-rose-potted",
    "reply": "",
    "reply_date": "",
    "picture_urls": "",
    "ip_address": "",
    "location": "",
    "metaobject_handle": "shop-2519111-141792752-84370bb9-a91e-49e8-9a7e-6a58835885ea"
  },
  {
    "title": "",
    "body": "Another beautiful shrub rose from David Austin . I now have six shrub and one climbing rose and love the repeat flowering and fragrance.",
    "rating": 5,
    "review_date": "2024-06-06 16:01:27 UTC",
    "source": "shop-app",
    "curated": "ok",
    "product_id": "4114104778833",
    "product_handle": "lady-of-shalott-shrub-rose-potted",
    "reply": "",
    "reply_date": "",
    "picture_urls": "",
    "ip_address": "",
    "location": "",
    "metaobject_handle": "shop-2519111-142424286-ce68f511-6076-470e-ad2e-d98dba530951"
  },
  {
    "title": "",
    "body": "Stunning and healthy rose",
    "rating": 5,
    "review_date": "2024-06-10 15:25:34 UTC",
    "source": "shop-app",
    "curated": "ok",
    "product_id": "4114104778833",
    "product_handle": "lady-of-shalott-shrub-rose-potted",
    "reply": "",
    "reply_date": "",
    "picture_urls": "",
    "ip_address": "",
    "location": "",
    "metaobject_handle": "shop-2519111-143058571-99e96bcc-d914-42e2-9ffb-db00f95e968f"
  },
  {
    "title": "",
    "body": "Box was damaged at the bottom as it was wet \nDPD taped it up \nLovely rose bush but a bit leggy",
    "rating": 5,
    "review_date": "2024-06-11 12:43:06 UTC",
    "source": "shop-app",
    "curated": "ok",
    "product_id": "4114104778833",
    "product_handle": "lady-of-shalott-shrub-rose-potted",
    "reply": "",
    "reply_date": "",
    "picture_urls": "",
    "ip_address": "",
    "location": "",
    "metaobject_handle": "shop-2519111-143223942-b1ce5268-a75c-43c7-9e9f-a0cd37841df2"
  }
]