[
  {
    "title": "",
    "body": "Rose came in good shape but not as robust as the first rose I received",
    "rating": 4,
    "review_date": "2023-10-30 22:12:41 UTC",
    "source": "shop-app",
    "curated": "ok",
    "product_id": "4114054283345",
    "product_handle": "lady-hillingdon-bare-root",
    "reply": "",
    "reply_date": "",
    "picture_urls": "",
    "ip_address": "",
    "location": "",
    "metaobject_handle": "shop-2519111-42776112-2a19555e-3360-4e1b-b8c9-90ce562b227c"
  }
]