[
  {
    "title": "",
    "body": "Excellent just what I ordered and it arrived safely packaged in the time stated.",
    "rating": 5,
    "review_date": "2024-02-14 11:21:39 UTC",
    "source": "shop-app",
    "curated": "ok",
    "product_id": "4114080923729",
    "product_handle": "lady-sylvia-bare-root",
    "reply": "",
    "reply_date": "",
    "picture_urls": "",
    "ip_address": "",
    "location": "",
    "metaobject_handle": "shop-2519111-118978206-c1d77cf1-204c-4e40-b30e-a8d4c01c39dc"
  }
]