[
  {
    "title": "",
    "body": "Brilliant",
    "rating": 5,
    "review_date": "2023-05-12 10:03:58 UTC",
    "source": "shop-app",
    "curated": "ok",
    "product_id": "4114105172049",
    "product_handle": "lichfield-angel-shrub-rose-potted",
    "reply": "",
    "reply_date": "",
    "picture_urls": "",
    "ip_address": "",
    "location": "",
    "metaobject_handle": "shop-2519111-13226776-de1adead-030a-4f00-8eb9-45ec69ba48d6"
  },
  {
    "title": "",
    "body": "Lives up to the hype",
    "rating": 5,
    "review_date": "2023-07-03 14:07:11 UTC",
    "source": "shop-app",
    "curated": "ok",
    "product_id": "4114105172049",
    "product_handle": "lichfield-angel-shrub-rose-potted",
    "reply": "",
    "reply_date": "",
    "picture_urls": "",
    "ip_address": "",
    "location": "",
    "metaobject_handle": "shop-2519111-14641827-ec3dffcd-e5e9-4a8f-9abf-6dca5a907b1a"
  },
  {
    "title": "",
    "body": "I love it",
    "rating": 5,
    "review_date": "2023-09-01 01:13:36 UTC",
    "source": "shop-app",
    "curated": "ok",
    "product_id": "4114105172049",
    "product_handle": "lichfield-angel-shrub-rose-potted",
    "reply": "",
    "reply_date": "",
    "picture_urls": "",
    "ip_address": "",
    "location": "",
    "metaobject_handle": "shop-2519111-35831984-3fb6fd9d-8788-4a1c-b89d-4cc34126fc72"
  },
  {
    "title": "",
    "body": "David Austin lived upto their word and immediately replaced my rose which frankly wasn\u2019t in the best of condition. The replacement rose arrived very quickly and was very healthy.",
    "rating": 5,
    "review_date": "2024-02-14 13:23:38 UTC",
    "source": "shop-app",
    "curated": "ok",
    "product_id": "4114082496593",
    "product_handle": "lichfield-angel-shrub-rose-bare-root",
    "reply": "",
    "reply_date": "",
    "picture_urls": "",
    "ip_address": "",
    "location": "",
    "metaobject_handle": "shop-2519111-118991176-5672778d-4974-4519-acea-30b2ad4bbc2d"
  }
]