[
  {
    "title": "",
    "body": "Great product",
    "rating": 5,
    "review_date": "2024-10-31 12:37:58 UTC",
    "source": "shop-app",
    "curated": "ok",
    "product_id": "4114105237585",
    "product_handle": "little-white-pet-potted",
    "reply": "",
    "reply_date": "",
    "picture_urls": "",
    "ip_address": "",
    "location": "",
    "metaobject_handle": "shop-2519111-164970561-a3d84b69-4dbc-41b7-9816-e8fcbb4ae485"
  },
  {
    "title": "",
    "body": "Planted it at the wekeend. Really hoping for good growth as it a memorial rose \ud83c\udf39",
    "rating": 5,
    "review_date": "2025-05-15 12:24:12 UTC",
    "source": "shop-app",
    "curated": "ok",
    "product_id": "4113861017681",
    "product_handle": "little-white-pet",
    "reply": "",
    "reply_date": "",
    "picture_urls": "",
    "ip_address": "",
    "location": "",
    "metaobject_handle": "shop-2519111-209870495-2ebe9dd7-20ef-4d28-aef3-b248ffe95d86"
  },
  {
    "title": "Service",
    "body": "Absolutely thrilled with the recent customer service provided and replacement rose sent. Especially considering it was most likely my errors which caused the rose to die! \nThank you David Austin roses.",
    "rating": 5,
    "review_date": "2025-05-19 07:11:08 UTC",
    "source": "web",
    "curated": "ok",
    "product_id": "4113861017681",
    "product_handle": "little-white-pet",
    "reply": "",
    "reply_date": "",
    "picture_urls": "",
    "ip_address": "176.24.192.45",
    "location": "Bradford, England, United Kingdom",
    "metaobject_handle": "review-5a775b1e-6d6a-4751-985c-86b2e8318b65"
  }
]