[
  {
    "title": "Great colour of flower",
    "body": "Flowers are a very similar colour to Olivia Rose but don\u2019t droop downwards. Looks very good in mixed border. Very happy with it so far.",
    "rating": 5,
    "review_date": "2025-05-17 16:05:14 UTC",
    "source": "web",
    "curated": "ok",
    "product_id": "4113861214289",
    "product_handle": "lochinvar",
    "reply": "",
    "reply_date": "",
    "picture_urls": "",
    "ip_address": "92.23.65.54",
    "location": "Bristol, England, United Kingdom",
    "metaobject_handle": "review-67d8b3b7-c534-4b50-aef7-0c9b75b92818"
  },
  {
    "title": "Lochinvar",
    "body": "Lovey rose with a profusion of flowers. Only issue is that it is very thorny. Great perfume. \nWould deter a robber.",
    "rating": 4,
    "review_date": "2025-06-12 20:41:05 UTC",
    "source": "web",
    "curated": "ok",
    "product_id": "4113861214289",
    "product_handle": "lochinvar",
    "reply": "",
    "reply_date": "",
    "picture_urls": "",
    "ip_address": "90.205.7.39",
    "location": "Derby, England, United Kingdom",
    "metaobject_handle": "review-64f6f92c-4eec-4444-bd3e-120294ecd423"
  }
]