[
  {
    "title": "Easy care rose",
    "body": "Ignore this rose...soil can be poor..but not too dry...Throw a feed on it if you remember...The reward.....amazing butter yellow golden flowers that glow ...Beautiful stamens abd light fruity scent.Must have had over 100 flowers in Spring very early flowering before any other rose....its amazing.never fails to start of my garden zing.Has been pruned from 10 ft down to 8 inches due to house renovation and has grown back as if not touched at all.A Rose for a semi shade partial sunny spot..Very thorny but tied in and shaped not a problem.",
    "rating": 5,
    "review_date": "2025-05-30 09:39:48 UTC",
    "source": "web",
    "curated": "ok",
    "product_id": "4113862066257",
    "product_handle": "maigold",
    "reply": "",
    "reply_date": "",
    "picture_urls": "",
    "ip_address": "92.26.129.101",
    "location": "Poulton-le-Fylde, England, United Kingdom",
    "metaobject_handle": "review-fe76989e-e294-4004-838c-e9d77488dc14"
  }
]