[
  {
    "title": "",
    "body": "I was late planting it in the garden, I had to keep it in a pot for a couple of months. But once I had planted it in the garden it was well away. Beautifully healthy considering it was in a pot for a while. I still managed to get plenty of blooms, I was not disappointed with the perfume, light ,delicate, but plenty of it. I do not have photos at this time.",
    "rating": 5,
    "review_date": "2025-02-15 00:00:00 UTC",
    "source": "judge-me",
    "curated": "ok",
    "product_id": "4113862393937",
    "product_handle": "malvern-hills",
    "reply": "",
    "reply_date": "",
    "picture_urls": "",
    "ip_address": "",
    "location": "",
    "metaobject_handle": "review-9d6d7bce-467c-4f34-a64e-1f994a3033b6"
  },
  {
    "title": "",
    "body": "A light fragrance delicate with many blooms,one of the first to bloom then a repeat flowering in September,it grows on my fence and I love it",
    "rating": 5,
    "review_date": "2025-02-14 00:00:00 UTC",
    "source": "judge-me",
    "curated": "ok",
    "product_id": "4113862393937",
    "product_handle": "malvern-hills",
    "reply": "",
    "reply_date": "",
    "picture_urls": "",
    "ip_address": "",
    "location": "",
    "metaobject_handle": "review-dfcc55af-e79d-4f3e-a3be-5be8636f3301"
  },
  {
    "title": "Fantastic flowering",
    "body": "Strong growing and healthy Malvern hills is a delight. Beautiful flowers for a long period in a lovely relaxed style.",
    "rating": 5,
    "review_date": "2025-02-05 00:00:00 UTC",
    "source": "judge-me",
    "curated": "ok",
    "product_id": "4113862393937",
    "product_handle": "malvern-hills",
    "reply": "",
    "reply_date": "",
    "picture_urls": "",
    "ip_address": "",
    "location": "",
    "metaobject_handle": "review-25d91290-6081-4d36-814c-6f84e4295917"
  },
  {
    "title": "Malvern Hills",
    "body": "This rambling rose is reminiscent of rambling walks in the Malvern. I adorns the front window above and below and its first flush is beautiful after that it is very vigorous so requires some control ! There is a scent but it is subtle nice around the front door",
    "rating": 5,
    "review_date": "2025-02-05 00:00:00 UTC",
    "source": "judge-me",
    "curated": "ok",
    "product_id": "4113862393937",
    "product_handle": "malvern-hills",
    "reply": "",
    "reply_date": "",
    "picture_urls": "",
    "ip_address": "",
    "location": "",
    "metaobject_handle": "review-fc11589c-1470-4b99-9957-2912a9c1839c"
  },
  {
    "title": "Malvern Hills. Lovely\u2026..subtle fragrance abundant flowers",
    "body": "I planted this rose in June 23 and the growth and spread is impressive. I wanted it to cover a very boring/ugly brick wall. It has exceeded my expectations. The flowers are abundant and the spread impressive. Has suffered a little from green fly in early spring but doesn\u2019t seem to bother the rose very much. First picture 2024 second picture 2025",
    "rating": 5,
    "review_date": "2025-05-18 17:48:23 UTC",
    "source": "web",
    "curated": "ok",
    "product_id": "4113862393937",
    "product_handle": "malvern-hills",
    "reply": "",
    "reply_date": "",
    "picture_urls": "https://s3.amazonaws.com/me.judge.review-images/david-austin-roses-uk/1747590506__img_0155__original.jpeg, https://s3.amazonaws.com/me.judge.review-images/david-austin-roses-uk/1747590503__img_1032__original.jpeg",
    "ip_address": "84.65.89.234",
    "location": "Hackney, England, United Kingdom",
    "metaobject_handle": "review-eacc5ddf-ec78-424e-99be-02a6fb85f7af"
  },
  {
    "title": "",
    "body": "As always from David Austin Roses, its a good quality Rose that arrives well packaged and healthy. I always buy bare root roses and every single one thrives wonderfully. Looking forward to seeing this one bloom this year.",
    "rating": 5,
    "review_date": "2025-05-22 16:44:24 UTC",
    "source": "shop-app",
    "curated": "ok",
    "product_id": "4113862393937",
    "product_handle": "malvern-hills",
    "reply": "",
    "reply_date": "",
    "picture_urls": "",
    "ip_address": "",
    "location": "",
    "metaobject_handle": "shop-2519111-211573896-39453047-cfda-415f-bccf-3b266ad2963b"
  },
  {
    "title": "bloomin marvelous",
    "body": "Rambling alright, and fantastic. It's 4 years since bare root, and we're not the best pruners - but it's really starting to turn heads and draw comments from those across the road who get to view it every day. Then again, it's doing it's job - covering a huge amount of boring brickwork, so they're bound to be complimentary!",
    "rating": 5,
    "review_date": "2025-06-15 20:47:01 UTC",
    "source": "web",
    "curated": "ok",
    "product_id": "4113862393937",
    "product_handle": "malvern-hills",
    "reply": "",
    "reply_date": "",
    "picture_urls": "https://s3.amazonaws.com/me.judge.review-images/david-austin-roses-uk/1750020421__image0__original.jpeg",
    "ip_address": "109.145.210.172",
    "location": "Tamworth, England, United Kingdom",
    "metaobject_handle": "review-dba6633b-6698-47c7-ab30-fa694bd73377"
  },
  {
    "title": "Amazing, it's sooo beautiful",
    "body": "Can you believe it, this one is only 4 years old! So beautiful and healthy rambler I ever seen! Highly recommended!",
    "rating": 5,
    "review_date": "2025-06-18 01:08:01 UTC",
    "source": "web",
    "curated": "ok",
    "product_id": "4113862393937",
    "product_handle": "malvern-hills",
    "reply": "",
    "reply_date": "",
    "picture_urls": "https://s3.amazonaws.com/me.judge.review-images/david-austin-roses-uk/1750208882__img_6503_jpg__original.jpeg, https://s3.amazonaws.com/me.judge.review-images/david-austin-roses-uk/1750208886__img_6329__original.jpeg",
    "ip_address": "90.197.215.78",
    "location": "Nottingham, England, United Kingdom",
    "metaobject_handle": "review-264387bd-5f4a-4891-bf03-8a53836774b8"
  }
]