[
  {
    "title": "",
    "body": "Excellent delivery arrangements and packaging. Speedy service. And, very satisfied with our roses.",
    "rating": 5,
    "review_date": "2023-05-23 09:23:19 UTC",
    "source": "shop-app",
    "curated": "ok",
    "product_id": "4114105729105",
    "product_handle": "malvern-hillsrambling-rose-potted",
    "reply": "",
    "reply_date": "",
    "picture_urls": "",
    "ip_address": "",
    "location": "",
    "metaobject_handle": "shop-2519111-13523301-f71c6176-f9ab-4d02-89d6-98a0ab13fe7e"
  },
  {
    "title": "",
    "body": "I love this rambler. I have another elsewhere in the garden which is stunning. Unfortunately when I went to plant this one out, the root system seemed to fall apart as I removed it from it\u2019s pot so it is really struggling to establish in the ground. I\u2019m hoping it survives but it\u2019s looking very poorly I\u2019m afraid hence only the 3 stars.",
    "rating": 3,
    "review_date": "2023-06-21 10:51:08 UTC",
    "source": "shop-app",
    "curated": "ok",
    "product_id": "4114105729105",
    "product_handle": "malvern-hillsrambling-rose-potted",
    "reply": "",
    "reply_date": "",
    "picture_urls": "",
    "ip_address": "",
    "location": "",
    "metaobject_handle": "shop-2519111-14312259-3bb61f55-414c-43aa-ab43-2427926c977b"
  },
  {
    "title": "",
    "body": "Excellent as always",
    "rating": 5,
    "review_date": "2023-09-15 10:45:44 UTC",
    "source": "shop-app",
    "curated": "ok",
    "product_id": "4114105729105",
    "product_handle": "malvern-hillsrambling-rose-potted",
    "reply": "",
    "reply_date": "",
    "picture_urls": "",
    "ip_address": "",
    "location": "",
    "metaobject_handle": "shop-2519111-36808614-4cecdf8f-f69e-4f50-ac6c-b9822c30693c"
  }
]