[
  {
    "title": "",
    "body": "Nice bush. Healthy. Received very quickly and well packaged. Just looking forward to the flowers now.",
    "rating": 5,
    "review_date": "2024-04-26 12:47:10 UTC",
    "source": "shop-app",
    "curated": "ok",
    "product_id": "4114085281873",
    "product_handle": "margaret-merril-bare-root",
    "reply": "",
    "reply_date": "",
    "picture_urls": "",
    "ip_address": "",
    "location": "",
    "metaobject_handle": "shop-2519111-135584425-cfda21b1-3e7a-4886-bfef-29a912f727db"
  }
]