[
  {
    "title": "",
    "body": "Great product, carefully packaged and arrived safely.",
    "rating": 5,
    "review_date": "2023-05-18 06:39:11 UTC",
    "source": "shop-app",
    "curated": "ok",
    "product_id": "4114084692049",
    "product_handle": "marlena-bare-root",
    "reply": "",
    "reply_date": "",
    "picture_urls": "",
    "ip_address": "",
    "location": "",
    "metaobject_handle": "shop-2519111-13391927-b89a9e45-1f6b-49fb-ad34-3bb1be03dc58"
  },
  {
    "title": "",
    "body": "Lovely",
    "rating": 5,
    "review_date": "2023-05-18 06:39:48 UTC",
    "source": "shop-app",
    "curated": "ok",
    "product_id": "4114084692049",
    "product_handle": "marlena-bare-root",
    "reply": "",
    "reply_date": "",
    "picture_urls": "",
    "ip_address": "",
    "location": "",
    "metaobject_handle": "shop-2519111-13391931-485a1113-524e-4fbd-a036-5f9499789847"
  }
]