[
  {
    "title": "Truly beautiful",
    "body": "I have a few roses from David Austin now and can say without any doubt that they are all truly beautiful. Mary Delaney is my most recent purchase. The fragrance is light and the petals are a pleasure to see.",
    "rating": 5,
    "review_date": "2025-02-14 00:00:00 UTC",
    "source": "judge-me",
    "curated": "ok",
    "product_id": "6809848086609",
    "product_handle": "mary-delany-climbing-rose",
    "reply": "",
    "reply_date": "",
    "picture_urls": "",
    "ip_address": "",
    "location": "",
    "metaobject_handle": "review-e4b5661c-8123-485a-a2b1-91885da8254e"
  },
  {
    "title": "Gorgeous colour and scent",
    "body": "Very pleased with this rose which we are growing up a fence. Would like it to be denser in coverage but our climate in north devon is not ideal for roses.",
    "rating": 4,
    "review_date": "2025-02-11 00:00:00 UTC",
    "source": "judge-me",
    "curated": "ok",
    "product_id": "6809848086609",
    "product_handle": "mary-delany-climbing-rose",
    "reply": "",
    "reply_date": "",
    "picture_urls": "",
    "ip_address": "",
    "location": "",
    "metaobject_handle": "review-ac2fe3fd-0727-43d8-a5ef-f2f24143b8de"
  },
  {
    "title": "Lovely rose",
    "body": "Grows beautifully looks great",
    "rating": 5,
    "review_date": "2025-02-11 00:00:00 UTC",
    "source": "judge-me",
    "curated": "ok",
    "product_id": "6809848086609",
    "product_handle": "mary-delany-climbing-rose",
    "reply": "",
    "reply_date": "",
    "picture_urls": "",
    "ip_address": "",
    "location": "",
    "metaobject_handle": "review-de6204ba-5544-4ff7-bbe9-c69977347ace"
  },
  {
    "title": "Disappointing",
    "body": "Mary Delaney was planted summer 2023, and we expected great things in 2024. While there was a reasonable amount of growth, flowering was poor, so really quite disappointed. The fact that I\u201a\u00c4\u00f4ve not got any photos to illustrate is an indication of there not having been anything to photograph.",
    "rating": 2,
    "review_date": "2025-02-11 00:00:00 UTC",
    "source": "judge-me",
    "curated": "ok",
    "product_id": "6809848086609",
    "product_handle": "mary-delany-climbing-rose",
    "reply": "",
    "reply_date": "",
    "picture_urls": "",
    "ip_address": "",
    "location": "",
    "metaobject_handle": "review-846f6776-f34c-447d-8f88-cb2beead8907"
  },
  {
    "title": "Beautiful Rose",
    "body": "Healthy, beautiful and the fragrance is amazing!",
    "rating": 5,
    "review_date": "2025-06-05 16:11:18 UTC",
    "source": "new-rre-flow",
    "curated": "ok",
    "product_id": "6809848086609",
    "product_handle": "mary-delany-climbing-rose",
    "reply": "",
    "reply_date": "",
    "picture_urls": "",
    "ip_address": "82.35.188.55",
    "location": "North Shields, England, United Kingdom",
    "metaobject_handle": "review-ccfa9317-2973-4b33-b440-c4d49cfd9e73"
  },
  {
    "title": "A little patience",
    "body": "Got this rose for a shady area nothing but a begonia grows in ,first year zilch , this yr the most gorgeous pink / lilac roses , lovely dark green leaves , very happy now",
    "rating": 4,
    "review_date": "2025-06-13 15:53:33 UTC",
    "source": "web",
    "curated": "ok",
    "product_id": "6809848086609",
    "product_handle": "mary-delany-climbing-rose",
    "reply": "",
    "reply_date": "",
    "picture_urls": "",
    "ip_address": "82.12.210.33",
    "location": "Liverpool, England, United Kingdom",
    "metaobject_handle": "review-fcafd565-7b14-47cd-9d17-272f44655d9e"
  },
  {
    "title": "Exquisite Rose",
    "body": "I was given my Mary Delany rose as a gift for my birthday in 2020 and since then, she has been my pride and joy. I have a number of David Austin roses and this is by far my favourite. A fast climbing rose, with repeat flowering throughout the season. Excellent for health, practically thornless too. Will be purchasing another this year.",
    "rating": 5,
    "review_date": "2025-05-26 08:19:55 UTC",
    "source": "web",
    "curated": "ok",
    "product_id": "6809848086609",
    "product_handle": "mary-delany-climbing-rose",
    "reply": "",
    "reply_date": "",
    "picture_urls": "https://s3.amazonaws.com/me.judge.review-images/david-austin-roses-uk/1748247595__1000104375__original.jpg",
    "ip_address": "90.197.43.144",
    "location": "Caerphilly, Wales, United Kingdom",
    "metaobject_handle": "review-e0340c34-e4a0-43f7-8792-da60f9d32cd4"
  },
  {
    "title": "",
    "body": "Brilliant all around",
    "rating": 5,
    "review_date": "2022-11-16 13:49:11 UTC",
    "source": "shop-app",
    "curated": "ok",
    "product_id": "6809847955537",
    "product_handle": "mary-delany-climbing-rose-bare-root",
    "reply": "",
    "reply_date": "",
    "picture_urls": "",
    "ip_address": "",
    "location": "",
    "metaobject_handle": "shop-2519111-1363585-79e95111-1599-43bb-b599-513977b5225e"
  },
  {
    "title": "",
    "body": "Top quality plants, well packaged and promptly dispatched",
    "rating": 5,
    "review_date": "2023-06-07 13:04:06 UTC",
    "source": "shop-app",
    "curated": "ok",
    "product_id": "6809847955537",
    "product_handle": "mary-delany-climbing-rose-bare-root",
    "reply": "",
    "reply_date": "",
    "picture_urls": "",
    "ip_address": "",
    "location": "",
    "metaobject_handle": "shop-2519111-13917900-3f3b764d-587d-412e-bc33-dceaae57b232"
  },
  {
    "title": "",
    "body": "All planted and ready to go! I can\u2019t wait to watch it grow next year :D",
    "rating": 5,
    "review_date": "2023-11-03 13:04:58 UTC",
    "source": "shop-app",
    "curated": "ok",
    "product_id": "6809847955537",
    "product_handle": "mary-delany-climbing-rose-bare-root",
    "reply": "",
    "reply_date": "",
    "picture_urls": "",
    "ip_address": "",
    "location": "",
    "metaobject_handle": "shop-2519111-47249199-edebae36-4208-473d-a0ce-6a7001671706"
  },
  {
    "title": "",
    "body": "Lovely roses all planted and looking good",
    "rating": 5,
    "review_date": "2024-02-08 08:09:43 UTC",
    "source": "shop-app",
    "curated": "ok",
    "product_id": "6809847955537",
    "product_handle": "mary-delany-climbing-rose-bare-root",
    "reply": "",
    "reply_date": "",
    "picture_urls": "",
    "ip_address": "",
    "location": "",
    "metaobject_handle": "shop-2519111-117939758-ff5de876-687e-4357-8fd9-7061888796f3"
  },
  {
    "title": "",
    "body": "Can\u2019t wait for this to hopefully bloom this year, it has started to grow!",
    "rating": 5,
    "review_date": "2024-04-15 16:29:51 UTC",
    "source": "shop-app",
    "curated": "ok",
    "product_id": "6809847955537",
    "product_handle": "mary-delany-climbing-rose-bare-root",
    "reply": "",
    "reply_date": "",
    "picture_urls": "",
    "ip_address": "",
    "location": "",
    "metaobject_handle": "shop-2519111-133679111-75c92b9c-12b8-4125-98d1-43dab00f7145"
  },
  {
    "title": "",
    "body": "Beautiful roses - look fantastic on a pergola.",
    "rating": 5,
    "review_date": "2023-06-30 12:25:57 UTC",
    "source": "shop-app",
    "curated": "ok",
    "product_id": "6809848152145",
    "product_handle": "mary-delany-climbing-rose-potted",
    "reply": "",
    "reply_date": "",
    "picture_urls": "",
    "ip_address": "",
    "location": "",
    "metaobject_handle": "shop-2519111-14567384-ef4cd012-e7c7-4536-891c-de63af8f5da7"
  },
  {
    "title": "",
    "body": "Arrived on time , very well packed, excellent healthy plant . So far it\u2019s doing well.\nWould definitely buy from here again.",
    "rating": 5,
    "review_date": "2023-08-31 09:33:51 UTC",
    "source": "shop-app",
    "curated": "ok",
    "product_id": "6809848152145",
    "product_handle": "mary-delany-climbing-rose-potted",
    "reply": "",
    "reply_date": "",
    "picture_urls": "",
    "ip_address": "",
    "location": "",
    "metaobject_handle": "shop-2519111-35776401-0b80650f-1067-42b1-a487-e59d5642926d"
  },
  {
    "title": "",
    "body": "Not great",
    "rating": 3,
    "review_date": "2023-11-28 06:53:25 UTC",
    "source": "shop-app",
    "curated": "ok",
    "product_id": "6809848152145",
    "product_handle": "mary-delany-climbing-rose-potted",
    "reply": "",
    "reply_date": "",
    "picture_urls": "",
    "ip_address": "",
    "location": "",
    "metaobject_handle": "shop-2519111-54759990-5efec2d1-fd34-4d37-8f26-f51bdd356f7c"
  }
]