[
  {
    "title": "Bright yellow",
    "body": "This is the best David Austin rose in the garden. I like it because it\u2019s compact and the growth is upright and doesn\u2019t flop. It\u2019s been healthy and flowers all summer with bright yellow flowers. It\u2019s planted in full sun as a centre piece.",
    "rating": 5,
    "review_date": "2025-04-10 11:43:31 UTC",
    "source": "web",
    "curated": "ok",
    "product_id": "4113867800657",
    "product_handle": "molineux",
    "reply": "",
    "reply_date": "",
    "picture_urls": "",
    "ip_address": "92.23.65.54",
    "location": "Bristol, England, United Kingdom",
    "metaobject_handle": "review-f9b05dcb-f63a-41b8-97cd-f3ba10aac8ca"
  }
]