[
  {
    "title": "",
    "body": "A beautiful rose. It\u2019s perfect in our tiny walled garden.",
    "rating": 5,
    "review_date": "2023-06-08 10:09:13 UTC",
    "source": "shop-app",
    "curated": "ok",
    "product_id": "4114106712145",
    "product_handle": "morning-mist-shrub-rose-potted",
    "reply": "",
    "reply_date": "",
    "picture_urls": "",
    "ip_address": "",
    "location": "",
    "metaobject_handle": "shop-2519111-13943801-46eb7842-93f1-45e2-98dc-cbe69826a759"
  },
  {
    "title": "",
    "body": "Beautiful plant. I planted same day and already growing well\u2764\ufe0f",
    "rating": 5,
    "review_date": "2023-08-01 15:23:09 UTC",
    "source": "shop-app",
    "curated": "ok",
    "product_id": "4114106712145",
    "product_handle": "morning-mist-shrub-rose-potted",
    "reply": "",
    "reply_date": "",
    "picture_urls": "",
    "ip_address": "",
    "location": "",
    "metaobject_handle": "shop-2519111-33964925-b6097c6c-4cd0-433c-bc15-08a29bd2a3f7"
  }
]