[
  {
    "title": "",
    "body": "Beautifully packed",
    "rating": 5,
    "review_date": "2023-06-02 23:17:13 UTC",
    "source": "shop-app",
    "curated": "ok",
    "product_id": "4114107039825",
    "product_handle": "new-dawn-potted",
    "reply": "",
    "reply_date": "",
    "picture_urls": "",
    "ip_address": "",
    "location": "",
    "metaobject_handle": "shop-2519111-13814374-77e2afdc-a154-45b8-a15b-1b3cd61d5be1"
  },
  {
    "title": "",
    "body": "Beautiful roses, well packaged so arrived in good condition",
    "rating": 5,
    "review_date": "2024-07-09 18:44:02 UTC",
    "source": "shop-app",
    "curated": "ok",
    "product_id": "4114107039825",
    "product_handle": "new-dawn-potted",
    "reply": "",
    "reply_date": "",
    "picture_urls": "",
    "ip_address": "",
    "location": "",
    "metaobject_handle": "shop-2519111-148564673-55a169d4-5400-45a7-9e31-4447f5a88ee8"
  },
  {
    "title": "",
    "body": "Magnificent rose , I adore DA Roses !",
    "rating": 5,
    "review_date": "2024-02-03 13:14:58 UTC",
    "source": "shop-app",
    "curated": "ok",
    "product_id": "4114088722513",
    "product_handle": "new-dawn-bare-root",
    "reply": "",
    "reply_date": "",
    "picture_urls": "",
    "ip_address": "",
    "location": "",
    "metaobject_handle": "shop-2519111-117071832-7ae53847-018a-4710-9327-f72ed57cabbe"
  },
  {
    "title": "",
    "body": "Fantastic service and advice via website. Only been in ground a couple of weeks and has already started spouting shoots and leaves. Cant wait for the first blooms!",
    "rating": 5,
    "review_date": "2024-05-14 21:02:05 UTC",
    "source": "shop-app",
    "curated": "ok",
    "product_id": "4114088722513",
    "product_handle": "new-dawn-bare-root",
    "reply": "",
    "reply_date": "",
    "picture_urls": "",
    "ip_address": "",
    "location": "",
    "metaobject_handle": "shop-2519111-138543056-05eae77d-ad2d-4031-b25a-94b222c3ad6b"
  },
  {
    "title": "",
    "body": "Really healthy plant, it\u2019s larger thsn I anticipated with buds on. So excited to see it bloom.",
    "rating": 5,
    "review_date": "2025-05-21 13:12:29 UTC",
    "source": "shop-app",
    "curated": "ok",
    "product_id": "4113873731665",
    "product_handle": "new-dawn",
    "reply": "",
    "reply_date": "",
    "picture_urls": "",
    "ip_address": "",
    "location": "",
    "metaobject_handle": "shop-2519111-211299667-f78de4e6-6528-4fb0-a935-ad794fd9b119"
  },
  {
    "title": "Sadly mine isn\u2019t happy and I\u2019ve only had it a year",
    "body": "I had high hopes for this rose but it isn\u2019t growing as I\u2019d hoped . It\u2019s in a large pot in a sheltered spot and this year the leaves and buds are very small",
    "rating": 1,
    "review_date": "2025-05-24 09:10:46 UTC",
    "source": "web",
    "curated": "ok",
    "product_id": "4113873731665",
    "product_handle": "new-dawn",
    "reply": "",
    "reply_date": "",
    "picture_urls": "",
    "ip_address": "86.171.5.237",
    "location": "Malmesbury, England, United Kingdom",
    "metaobject_handle": "review-f0237606-12b7-4a05-91a9-dbdd2aae1efe"
  },
  {
    "title": "New dawn 2nd year beauty",
    "body": "Excellent quality through the post, bigger plant than local garden centre",
    "rating": 5,
    "review_date": "2025-06-15 19:33:33 UTC",
    "source": "web",
    "curated": "ok",
    "product_id": "4113873731665",
    "product_handle": "new-dawn",
    "reply": "",
    "reply_date": "",
    "picture_urls": "https://s3.amazonaws.com/me.judge.review-images/david-austin-roses-uk/1750016013__img_6470__original.jpeg",
    "ip_address": "87.80.247.120",
    "location": "March, England, United Kingdom",
    "metaobject_handle": "review-b94692c9-a95b-4462-8599-7d6ec6ed8e47"
  }
]