[
  {
    "title": "",
    "body": "Such a useful product that it easy to use and does what it says it does. The packaging was great and the shipping was fast.",
    "rating": 5,
    "review_date": "2023-07-20 18:33:32 UTC",
    "source": "shop-app",
    "curated": "ok",
    "product_id": "4208099098705",
    "product_handle": "niwaki-sharpening-stone",
    "reply": "",
    "reply_date": "",
    "picture_urls": "",
    "ip_address": "",
    "location": "",
    "metaobject_handle": "shop-2519111-33339687-98558a55-892a-4a32-bf54-ae1df239f1c1"
  }
]