[
  {
    "title": "",
    "body": "Lovely",
    "rating": 5,
    "review_date": "2023-05-18 06:39:40 UTC",
    "source": "shop-app",
    "curated": "ok",
    "product_id": "4114088886353",
    "product_handle": "noble-antony-shrub-rose-bare-root",
    "reply": "",
    "reply_date": "",
    "picture_urls": "",
    "ip_address": "",
    "location": "",
    "metaobject_handle": "shop-2519111-13391929-5f1d00a2-675f-4ba1-bd3e-968be67501d6"
  },
  {
    "title": "",
    "body": "Lovely",
    "rating": 5,
    "review_date": "2023-05-18 06:40:06 UTC",
    "source": "shop-app",
    "curated": "ok",
    "product_id": "4114088886353",
    "product_handle": "noble-antony-shrub-rose-bare-root",
    "reply": "",
    "reply_date": "",
    "picture_urls": "",
    "ip_address": "",
    "location": "",
    "metaobject_handle": "shop-2519111-13391933-5d711e8b-c051-42e9-b165-a7df3ad829e1"
  },
  {
    "title": "",
    "body": "Excellent condition rose well packaged",
    "rating": 5,
    "review_date": "2024-04-02 19:32:50 UTC",
    "source": "shop-app",
    "curated": "ok",
    "product_id": "4114088886353",
    "product_handle": "noble-antony-shrub-rose-bare-root",
    "reply": "",
    "reply_date": "",
    "picture_urls": "",
    "ip_address": "",
    "location": "",
    "metaobject_handle": "shop-2519111-131020499-d29aa2fd-702e-408d-8555-9e4bea0b4f37"
  },
  {
    "title": "",
    "body": "I bought this a year after my father passed and he bloomed straight away. I think he was telling us he was home.",
    "rating": 5,
    "review_date": "2023-07-16 11:50:48 UTC",
    "source": "shop-app",
    "curated": "ok",
    "product_id": "4114107138129",
    "product_handle": "noble-antony-shrub-rose-potted",
    "reply": "",
    "reply_date": "",
    "picture_urls": "",
    "ip_address": "",
    "location": "",
    "metaobject_handle": "shop-2519111-33024161-1b8b6278-a034-462a-bf01-f6d54645a252"
  },
  {
    "title": "",
    "body": "Love it",
    "rating": 5,
    "review_date": "2023-07-28 11:39:40 UTC",
    "source": "shop-app",
    "curated": "ok",
    "product_id": "4114107138129",
    "product_handle": "noble-antony-shrub-rose-potted",
    "reply": "",
    "reply_date": "",
    "picture_urls": "",
    "ip_address": "",
    "location": "",
    "metaobject_handle": "shop-2519111-33766416-81d05588-1700-43f8-b18f-8a88661cf953"
  },
  {
    "title": "",
    "body": "Just as expected from David Austin Roses\nGreat delivery & great roses \ud83c\udf39",
    "rating": 5,
    "review_date": "2024-01-21 19:17:54 UTC",
    "source": "shop-app",
    "curated": "ok",
    "product_id": "4114107138129",
    "product_handle": "noble-antony-shrub-rose-potted",
    "reply": "",
    "reply_date": "",
    "picture_urls": "",
    "ip_address": "",
    "location": "",
    "metaobject_handle": "shop-2519111-113515967-0c8f06ed-7b4e-4ed7-aed4-0d8fb6d075cd"
  }
]