[
  {
    "title": "",
    "body": "Beautiful rose arrived in perfect condition",
    "rating": 5,
    "review_date": "2023-08-16 14:56:20 UTC",
    "source": "shop-app",
    "curated": "ok",
    "product_id": "6537727148113",
    "product_handle": "nye-bevan-potted-rose",
    "reply": "",
    "reply_date": "",
    "picture_urls": "",
    "ip_address": "",
    "location": "",
    "metaobject_handle": "shop-2519111-34850009-f1a4a884-dccb-48ee-adcb-25857ece5f24"
  },
  {
    "title": "",
    "body": "already flowered and it looks stunning",
    "rating": 5,
    "review_date": "2023-10-03 14:54:30 UTC",
    "source": "shop-app",
    "curated": "ok",
    "product_id": "6537727148113",
    "product_handle": "nye-bevan-potted-rose",
    "reply": "",
    "reply_date": "",
    "picture_urls": "",
    "ip_address": "",
    "location": "",
    "metaobject_handle": "shop-2519111-38601162-dd42c113-7d58-4094-9ff6-6f2ff3acbd69"
  },
  {
    "title": "",
    "body": "Came well packaged and a really nice plant just what I expected from David Austin",
    "rating": 5,
    "review_date": "2024-03-01 20:44:43 UTC",
    "source": "shop-app",
    "curated": "ok",
    "product_id": "6537727148113",
    "product_handle": "nye-bevan-potted-rose",
    "reply": "",
    "reply_date": "",
    "picture_urls": "",
    "ip_address": "",
    "location": "",
    "metaobject_handle": "shop-2519111-121776454-8c64a403-2e1b-4bc6-bac2-f7c532a0f2c8"
  },
  {
    "title": "",
    "body": "Arrived neatly packaged on time / look forward to seeing them bloom",
    "rating": 5,
    "review_date": "2024-04-02 11:59:37 UTC",
    "source": "shop-app",
    "curated": "ok",
    "product_id": "6537727148113",
    "product_handle": "nye-bevan-potted-rose",
    "reply": "",
    "reply_date": "",
    "picture_urls": "",
    "ip_address": "",
    "location": "",
    "metaobject_handle": "shop-2519111-130945946-2dd0b265-9cd0-4ea8-9c2e-cff284fdced7"
  },
  {
    "title": "",
    "body": "Gorgeous plant, delivered in great condition",
    "rating": 5,
    "review_date": "2024-06-30 16:54:53 UTC",
    "source": "shop-app",
    "curated": "ok",
    "product_id": "6537727148113",
    "product_handle": "nye-bevan-potted-rose",
    "reply": "",
    "reply_date": "",
    "picture_urls": "",
    "ip_address": "",
    "location": "",
    "metaobject_handle": "shop-2519111-147022241-b051ac43-121f-4aaa-a15d-f90eeee1c588"
  },
  {
    "title": "",
    "body": "Great plant, delivered quickly and in good condition",
    "rating": 5,
    "review_date": "2024-06-30 16:55:19 UTC",
    "source": "shop-app",
    "curated": "ok",
    "product_id": "6537727148113",
    "product_handle": "nye-bevan-potted-rose",
    "reply": "",
    "reply_date": "",
    "picture_urls": "",
    "ip_address": "",
    "location": "",
    "metaobject_handle": "shop-2519111-147022275-5062318e-f8ec-44b8-adb0-ca8d9ebdd581"
  }
]