[
  {
    "title": "",
    "body": "Fantastic standard rose in perfect condition and really fast delivery. David Austin Roses are simply wonderful!",
    "rating": 5,
    "review_date": "2025-07-02 21:30:48 UTC",
    "source": "shop-app",
    "curated": "ok",
    "product_id": "7588619255889",
    "product_handle": "nye-bevan-standard",
    "reply": "",
    "reply_date": "",
    "picture_urls": "",
    "ip_address": "",
    "location": "",
    "metaobject_handle": "shop-2519111-220712691-72dcb561-d4f3-4c86-9543-d08e51001c7e"
  },
  {
    "title": "Stunning!",
    "body": "An absolutely beautiful rose that smells and looks fantastic! I have several DA roses, shrub, climbing and rambling and this is by far my favourite.",
    "rating": 5,
    "review_date": "2025-07-05 22:17:13 UTC",
    "source": "web",
    "curated": "ok",
    "product_id": "6537727082577",
    "product_handle": "nye-bevan",
    "reply": "",
    "reply_date": "",
    "picture_urls": "",
    "ip_address": "149.71.132.134",
    "location": "Hereford, England, United Kingdom",
    "metaobject_handle": "review-7263b266-1847-4308-8bc2-da2276e6c799"
  }
]