[
  {
    "title": "",
    "body": "Fantastic rose that has blooms all summer long",
    "rating": 5,
    "review_date": "2023-07-26 09:58:48 UTC",
    "source": "shop-app",
    "curated": "ok",
    "product_id": "4428763070545",
    "product_handle": "olivia-rose-austin-hedging-collection-10-roses-bare-root",
    "reply": "",
    "reply_date": "",
    "picture_urls": "",
    "ip_address": "",
    "location": "",
    "metaobject_handle": "shop-2519111-33636621-e845c8f1-908e-400b-b2a5-08ca97420d67"
  }
]