[
  {
    "title": "",
    "body": "Ordering was easy. Such a wonderful choice of roses. Despatch was quick and roses arrived well packaged.",
    "rating": 5,
    "review_date": "2024-03-24 06:58:24 UTC",
    "source": "shop-app",
    "curated": "ok",
    "product_id": "3238927368273",
    "product_handle": "olivia-rose-austin-standard-rose-bare-root-rose",
    "reply": "",
    "reply_date": "",
    "picture_urls": "",
    "ip_address": "",
    "location": "",
    "metaobject_handle": "shop-2519111-129422792-791d949c-86dd-4199-93a0-bded94575ba6"
  }
]