[
  {
    "title": "",
    "body": "Easy ordering brilliant delivery and great quality.",
    "rating": 5,
    "review_date": "2023-05-08 15:19:57 UTC",
    "source": "shop-app",
    "curated": "ok",
    "product_id": "3238927171665",
    "product_handle": "olivia-rose-austin-shrub-rose-bare-root",
    "reply": "",
    "reply_date": "",
    "picture_urls": "",
    "ip_address": "",
    "location": "",
    "metaobject_handle": "shop-2519111-13110250-ce6021ed-3db7-4b34-b77f-d151ae4b7be6"
  },
  {
    "title": "",
    "body": "Great colour",
    "rating": 5,
    "review_date": "2023-08-29 11:20:04 UTC",
    "source": "shop-app",
    "curated": "ok",
    "product_id": "3238927171665",
    "product_handle": "olivia-rose-austin-shrub-rose-bare-root",
    "reply": "",
    "reply_date": "",
    "picture_urls": "",
    "ip_address": "",
    "location": "",
    "metaobject_handle": "shop-2519111-35634597-137b1c5b-fec4-4bfb-bf72-9971a5fd6738"
  },
  {
    "title": "",
    "body": "Came well packed, very healthy, and the rose has grown significantly. I just can't wait till it blooms now. But all in all this is a very happy customer.",
    "rating": 5,
    "review_date": "2024-06-19 22:53:22 UTC",
    "source": "shop-app",
    "curated": "ok",
    "product_id": "3238927171665",
    "product_handle": "olivia-rose-austin-shrub-rose-bare-root",
    "reply": "",
    "reply_date": "",
    "picture_urls": "",
    "ip_address": "",
    "location": "",
    "metaobject_handle": "shop-2519111-145329327-a99dbd9c-5076-46dd-8b26-e06ea5f8be3a"
  },
  {
    "title": "",
    "body": "Beautiful rose, as always from this company",
    "rating": 5,
    "review_date": "2023-06-08 12:19:40 UTC",
    "source": "shop-app",
    "curated": "ok",
    "product_id": "3238927204433",
    "product_handle": "olivia-rose-austin-shrub-rose-potted",
    "reply": "",
    "reply_date": "",
    "picture_urls": "",
    "ip_address": "",
    "location": "",
    "metaobject_handle": "shop-2519111-13945605-f879e6a6-3145-456e-badb-f45fa93aac66"
  },
  {
    "title": "",
    "body": "Stunning",
    "rating": 5,
    "review_date": "2023-06-23 09:15:01 UTC",
    "source": "shop-app",
    "curated": "ok",
    "product_id": "3238927204433",
    "product_handle": "olivia-rose-austin-shrub-rose-potted",
    "reply": "",
    "reply_date": "",
    "picture_urls": "",
    "ip_address": "",
    "location": "",
    "metaobject_handle": "shop-2519111-14375030-96423ef2-a6db-40e0-8655-75cd05e7e219"
  },
  {
    "title": "",
    "body": "As expected from thus wonderful grower, thankyou",
    "rating": 5,
    "review_date": "2023-06-30 09:33:55 UTC",
    "source": "shop-app",
    "curated": "ok",
    "product_id": "3238927204433",
    "product_handle": "olivia-rose-austin-shrub-rose-potted",
    "reply": "",
    "reply_date": "",
    "picture_urls": "",
    "ip_address": "",
    "location": "",
    "metaobject_handle": "shop-2519111-14565233-df5c0da0-5628-4060-a47a-6e74350b3e0a"
  },
  {
    "title": "",
    "body": "Beautiful rose arrived in excellent condition",
    "rating": 5,
    "review_date": "2023-07-11 08:17:26 UTC",
    "source": "shop-app",
    "curated": "ok",
    "product_id": "3238927204433",
    "product_handle": "olivia-rose-austin-shrub-rose-potted",
    "reply": "",
    "reply_date": "",
    "picture_urls": "",
    "ip_address": "",
    "location": "",
    "metaobject_handle": "shop-2519111-32314295-825870e0-ee6c-430a-a7f3-d6b817f1cdf6"
  },
  {
    "title": "",
    "body": "Incredible service and beautiful healthy amazing roses thank you so much",
    "rating": 5,
    "review_date": "2023-07-29 09:50:48 UTC",
    "source": "shop-app",
    "curated": "ok",
    "product_id": "3238927204433",
    "product_handle": "olivia-rose-austin-shrub-rose-potted",
    "reply": "",
    "reply_date": "",
    "picture_urls": "",
    "ip_address": "",
    "location": "",
    "metaobject_handle": "shop-2519111-33811382-e16adbd6-d20c-41ee-bbc9-fef96c5bf07d"
  },
  {
    "title": "",
    "body": "Incredible thank you so much",
    "rating": 5,
    "review_date": "2023-07-29 09:51:41 UTC",
    "source": "shop-app",
    "curated": "ok",
    "product_id": "3238927204433",
    "product_handle": "olivia-rose-austin-shrub-rose-potted",
    "reply": "",
    "reply_date": "",
    "picture_urls": "",
    "ip_address": "",
    "location": "",
    "metaobject_handle": "shop-2519111-33811404-bdd59c15-ef91-477c-81c6-1ce2278ad22f"
  },
  {
    "title": "",
    "body": "Absolutely stunning rose and very healthy. One of my personal favourites. She has grown lots in the time since I purchased her so really looking forward to seeing her covered in blooms \ud83c\udf39",
    "rating": 5,
    "review_date": "2023-08-08 15:08:03 UTC",
    "source": "shop-app",
    "curated": "ok",
    "product_id": "3238927204433",
    "product_handle": "olivia-rose-austin-shrub-rose-potted",
    "reply": "",
    "reply_date": "",
    "picture_urls": "",
    "ip_address": "",
    "location": "",
    "metaobject_handle": "shop-2519111-34424934-fb9d66c8-c77e-4bc6-8ae8-b9c760180b67"
  },
  {
    "title": "",
    "body": "Ordered as a gift they loved it",
    "rating": 5,
    "review_date": "2024-04-06 09:44:25 UTC",
    "source": "shop-app",
    "curated": "ok",
    "product_id": "3238927204433",
    "product_handle": "olivia-rose-austin-shrub-rose-potted",
    "reply": "",
    "reply_date": "",
    "picture_urls": "",
    "ip_address": "",
    "location": "",
    "metaobject_handle": "shop-2519111-132232425-360ef01f-f614-4e6d-983b-539effe6d06f"
  },
  {
    "title": "",
    "body": "Amazing roses",
    "rating": 5,
    "review_date": "2024-04-07 23:35:42 UTC",
    "source": "shop-app",
    "curated": "ok",
    "product_id": "3238927204433",
    "product_handle": "olivia-rose-austin-shrub-rose-potted",
    "reply": "",
    "reply_date": "",
    "picture_urls": "",
    "ip_address": "",
    "location": "",
    "metaobject_handle": "shop-2519111-132435130-8b927cf0-5124-42eb-8562-a6eea009d091"
  },
  {
    "title": "",
    "body": "Pleased with Austin roses and fragrance really nice smell and delivery quick posted",
    "rating": 5,
    "review_date": "2024-04-20 17:01:04 UTC",
    "source": "shop-app",
    "curated": "ok",
    "product_id": "3238927204433",
    "product_handle": "olivia-rose-austin-shrub-rose-potted",
    "reply": "",
    "reply_date": "",
    "picture_urls": "",
    "ip_address": "",
    "location": "",
    "metaobject_handle": "shop-2519111-134633123-5555119b-627d-4b64-95b7-92fa9f620742"
  },
  {
    "title": "",
    "body": "Beautiful rose. Arrived quickly and well packaged. Helpful instructions for planting and care. The rose is thriving. Highly recommend.",
    "rating": 5,
    "review_date": "2024-05-13 06:07:59 UTC",
    "source": "shop-app",
    "curated": "ok",
    "product_id": "3238927204433",
    "product_handle": "olivia-rose-austin-shrub-rose-potted",
    "reply": "",
    "reply_date": "",
    "picture_urls": "",
    "ip_address": "",
    "location": "",
    "metaobject_handle": "shop-2519111-138212069-04c49a33-083b-4bcd-9529-e1af5f952228"
  },
  {
    "title": "",
    "body": "Olivia has been planted for over a month now. It is flowering well and am dead heading already. A very happy rose!",
    "rating": 5,
    "review_date": "2024-05-13 15:36:02 UTC",
    "source": "shop-app",
    "curated": "ok",
    "product_id": "3238927204433",
    "product_handle": "olivia-rose-austin-shrub-rose-potted",
    "reply": "",
    "reply_date": "",
    "picture_urls": "",
    "ip_address": "",
    "location": "",
    "metaobject_handle": "shop-2519111-138272278-7ff6f862-036a-4f88-a079-9cf96af58ecc"
  }
]