[
  {
    "title": "",
    "body": "Really gealthy looking. Has put on lots of new growth. Very pleased",
    "rating": 5,
    "review_date": "2023-05-18 16:03:46 UTC",
    "source": "shop-app",
    "curated": "ok",
    "product_id": "4114107203665",
    "product_handle": "open-arms-potted",
    "reply": "",
    "reply_date": "",
    "picture_urls": "",
    "ip_address": "",
    "location": "",
    "metaobject_handle": "shop-2519111-13400686-845f943a-12a6-40b3-ae77-aad034e09da7"
  },
  {
    "title": "",
    "body": "Absolutely marvellous fabulous condition as per usual thank you",
    "rating": 5,
    "review_date": "2024-07-05 11:46:15 UTC",
    "source": "shop-app",
    "curated": "ok",
    "product_id": "4114107203665",
    "product_handle": "open-arms-potted",
    "reply": "",
    "reply_date": "",
    "picture_urls": "",
    "ip_address": "",
    "location": "",
    "metaobject_handle": "shop-2519111-147847737-5cbc2f5d-e8ae-443a-89e8-d52c66331199"
  },
  {
    "title": "",
    "body": "Arrived in pristine condition. I planted it the same day & am looking forward to seeing it grow in spring.",
    "rating": 5,
    "review_date": "2023-11-22 18:32:05 UTC",
    "source": "shop-app",
    "curated": "ok",
    "product_id": "4114089705553",
    "product_handle": "open-arms-bare-root",
    "reply": "",
    "reply_date": "",
    "picture_urls": "",
    "ip_address": "",
    "location": "",
    "metaobject_handle": "shop-2519111-53783760-21eaa15c-3938-4457-9b4f-13b049d9ced3"
  },
  {
    "title": "",
    "body": "Perfect as always from David Austin",
    "rating": 5,
    "review_date": "2025-03-10 08:25:20 UTC",
    "source": "shop-app",
    "curated": "ok",
    "product_id": "4113877336145",
    "product_handle": "open-arms",
    "reply": "",
    "reply_date": "",
    "picture_urls": "",
    "ip_address": "",
    "location": "",
    "metaobject_handle": "shop-2519111-191420770-bfe83377-78f6-46b0-80de-14ef0dc4c17f"
  },
  {
    "title": "",
    "body": "First time i have bought from this company but I would highly recommend \nPlants arrived in beautiful condition and were superbly packed for transporting- very impressed.\nHaving planted them, they are doing extremely well and are lovely specimens",
    "rating": 5,
    "review_date": "2025-05-27 18:31:54 UTC",
    "source": "shop-app",
    "curated": "ok",
    "product_id": "4113877336145",
    "product_handle": "open-arms",
    "reply": "",
    "reply_date": "",
    "picture_urls": "",
    "ip_address": "",
    "location": "",
    "metaobject_handle": "shop-2519111-212770417-c3cded08-1b27-4c4f-adf6-77e3032f6aa8"
  }
]