[
  {
    "title": "",
    "body": "Lovely rose, is growing nicely by my shed, hasn't flowered yet but give it time.",
    "rating": 5,
    "review_date": "2023-05-18 13:10:30 UTC",
    "source": "shop-app",
    "curated": "ok",
    "product_id": "4114107465809",
    "product_handle": "paul-s-himalayan-musk-potted",
    "reply": "",
    "reply_date": "",
    "picture_urls": "",
    "ip_address": "",
    "location": "",
    "metaobject_handle": "shop-2519111-13396528-e8456a06-8781-47ab-8113-7fd833955bdd"
  },
  {
    "title": "",
    "body": "Arrived quickly and well packaged. Looked healthy and planted immediately so hopeful that it will do well in my garden.",
    "rating": 5,
    "review_date": "2023-07-25 08:45:16 UTC",
    "source": "shop-app",
    "curated": "ok",
    "product_id": "4114107465809",
    "product_handle": "paul-s-himalayan-musk-potted",
    "reply": "",
    "reply_date": "",
    "picture_urls": "",
    "ip_address": "",
    "location": "",
    "metaobject_handle": "shop-2519111-33563901-6549ba7c-d6f8-47ed-9621-fe905ebc8454"
  },
  {
    "title": "",
    "body": "Quality rose, delivered in good time.",
    "rating": 5,
    "review_date": "2023-11-15 01:59:26 UTC",
    "source": "shop-app",
    "curated": "ok",
    "product_id": "4114107465809",
    "product_handle": "paul-s-himalayan-musk-potted",
    "reply": "",
    "reply_date": "",
    "picture_urls": "",
    "ip_address": "",
    "location": "",
    "metaobject_handle": "shop-2519111-52478487-35bdae2d-7fd1-4548-9b71-85376f326473"
  },
  {
    "title": "",
    "body": "I had this rose years ago . Hopefully this will flourish as well",
    "rating": 5,
    "review_date": "2025-03-20 11:28:43 UTC",
    "source": "shop-app",
    "curated": "ok",
    "product_id": "4113879302225",
    "product_handle": "paul-s-himalayan-musk",
    "reply": "",
    "reply_date": "",
    "picture_urls": "",
    "ip_address": "",
    "location": "",
    "metaobject_handle": "shop-2519111-194070342-cd6e309b-75a3-4f02-a783-c7e4003357c7"
  },
  {
    "title": "Decepci\u00f3n total con esta rosa.",
    "body": "Despu\u00e9s de leer y releer rese\u00f1as que hablaban maravillas de su perfume, por calidad e intensidad, me decid\u00ed por esta rambler para que trepase por un \u00e1rbol y cayese en cascada con todo su regalo perfumado. Pues nada de nada: huele menos que una rosa de pl\u00e1stico, y ando bien de nariz. Una decepci\u00f3n total\ud83d\ude1e",
    "rating": 1,
    "review_date": "2025-06-08 19:25:33 UTC",
    "source": "web",
    "curated": "ok",
    "product_id": "4113879302225",
    "product_handle": "paul-s-himalayan-musk",
    "reply": "",
    "reply_date": "",
    "picture_urls": "",
    "ip_address": "",
    "location": "",
    "metaobject_handle": "review-3648ab63-7c54-4565-8416-0d507f7acf5f"
  }
]