[
  {
    "title": "",
    "body": "Sadly the plant didn\u2019t grow however no problem in being replaced. The replacement is beautiful.",
    "rating": 2,
    "review_date": "2023-06-11 11:23:22 UTC",
    "source": "shop-app",
    "curated": "ok",
    "product_id": "4114091769937",
    "product_handle": "peace-bare-root",
    "reply": "",
    "reply_date": "",
    "picture_urls": "",
    "ip_address": "",
    "location": "",
    "metaobject_handle": "shop-2519111-14031312-8cf08339-c382-44ef-94ac-9ee36a4673b5"
  },
  {
    "title": "",
    "body": "Can\u2019t wait to see this flower, fell in love with the colours.",
    "rating": 5,
    "review_date": "2024-04-19 19:49:05 UTC",
    "source": "shop-app",
    "curated": "ok",
    "product_id": "4114091769937",
    "product_handle": "peace-bare-root",
    "reply": "",
    "reply_date": "",
    "picture_urls": "",
    "ip_address": "",
    "location": "",
    "metaobject_handle": "shop-2519111-134489575-47fb9449-b1c5-4d2b-878d-eb447d94f832"
  }
]