[
  {
    "title": "",
    "body": "Beautiful as ever",
    "rating": 5,
    "review_date": "2023-07-17 15:14:08 UTC",
    "source": "shop-app",
    "curated": "ok",
    "product_id": "7091059327057",
    "product_handle": "penelope-lively-potted",
    "reply": "",
    "reply_date": "",
    "picture_urls": "",
    "ip_address": "",
    "location": "",
    "metaobject_handle": "shop-2519111-33078630-afa60f49-19c0-45aa-b54a-7b963cf6e5ba"
  },
  {
    "title": "",
    "body": "Kept well informed re. delivery , arrived well packed.\n\nThe rose smells divine with plenty of buds. \n\nLooking forward to planting it and enjoying it in the garden.",
    "rating": 5,
    "review_date": "2023-07-18 15:33:45 UTC",
    "source": "shop-app",
    "curated": "ok",
    "product_id": "7091059327057",
    "product_handle": "penelope-lively-potted",
    "reply": "",
    "reply_date": "",
    "picture_urls": "",
    "ip_address": "",
    "location": "",
    "metaobject_handle": "shop-2519111-33180774-73af3d65-cb09-4e38-a1dd-0dcb2afb9b90"
  },
  {
    "title": "",
    "body": "It was delivered with pest damage and black spot. Very disappointing when you pay for a premium plant. Having said that after removing the damaged and diseased parts, the plant has lots of buds and so far constant blooms.",
    "rating": 3,
    "review_date": "2023-07-18 16:25:45 UTC",
    "source": "shop-app",
    "curated": "ok",
    "product_id": "7091059327057",
    "product_handle": "penelope-lively-potted",
    "reply": "",
    "reply_date": "",
    "picture_urls": "",
    "ip_address": "",
    "location": "",
    "metaobject_handle": "shop-2519111-33185241-fd3eff82-9107-4096-b3af-defa237b72f3"
  },
  {
    "title": "",
    "body": "The wife loves it",
    "rating": 5,
    "review_date": "2023-07-18 16:29:52 UTC",
    "source": "shop-app",
    "curated": "ok",
    "product_id": "7091059327057",
    "product_handle": "penelope-lively-potted",
    "reply": "",
    "reply_date": "",
    "picture_urls": "",
    "ip_address": "",
    "location": "",
    "metaobject_handle": "shop-2519111-33185602-4b2f4aae-8a7a-44c2-9af7-7115a4cf9798"
  },
  {
    "title": "",
    "body": "New this year, so too soon to judge overall performance. Being used as a \u2018feature\u2019 plant in a mixed herbaceous border. Would also work with grasses and verbena bonariensis",
    "rating": 5,
    "review_date": "2023-07-20 09:17:26 UTC",
    "source": "shop-app",
    "curated": "ok",
    "product_id": "7091059327057",
    "product_handle": "penelope-lively-potted",
    "reply": "",
    "reply_date": "",
    "picture_urls": "",
    "ip_address": "",
    "location": "",
    "metaobject_handle": "shop-2519111-33317051-3a7e0cab-a6da-4bef-8114-dd898efdcd91"
  },
  {
    "title": "",
    "body": "I bought this in memory of my mother Penelope. I love it!",
    "rating": 5,
    "review_date": "2023-07-23 19:00:07 UTC",
    "source": "shop-app",
    "curated": "ok",
    "product_id": "7091059327057",
    "product_handle": "penelope-lively-potted",
    "reply": "",
    "reply_date": "",
    "picture_urls": "",
    "ip_address": "",
    "location": "",
    "metaobject_handle": "shop-2519111-33479791-c4c5abb5-1401-45eb-82be-380a59e730ba"
  },
  {
    "title": "",
    "body": "Beautiful healthy rose. 10/10",
    "rating": 5,
    "review_date": "2023-07-23 20:55:48 UTC",
    "source": "shop-app",
    "curated": "ok",
    "product_id": "7091059327057",
    "product_handle": "penelope-lively-potted",
    "reply": "",
    "reply_date": "",
    "picture_urls": "",
    "ip_address": "",
    "location": "",
    "metaobject_handle": "shop-2519111-33483652-c836c06e-8172-4235-a6cd-fe9366b122e4"
  },
  {
    "title": "",
    "body": "I was disappointed in the condition she arrived in. Badly pruned, damaged stems and hardly any buds. What did bloom smelt Heavenly.\nI tidied her up, repotted and fed her and she's grown a lot in a short space of time, she is now covered in a second flush of buds and looking v.healthy.",
    "rating": 4,
    "review_date": "2023-08-31 10:51:57 UTC",
    "source": "shop-app",
    "curated": "ok",
    "product_id": "7091059327057",
    "product_handle": "penelope-lively-potted",
    "reply": "",
    "reply_date": "",
    "picture_urls": "",
    "ip_address": "",
    "location": "",
    "metaobject_handle": "shop-2519111-35779273-c5cc9363-ade8-4567-b905-968a46aa77e1"
  },
  {
    "title": "",
    "body": "Beautiful blooms and well received gift.",
    "rating": 5,
    "review_date": "2023-09-12 22:04:14 UTC",
    "source": "shop-app",
    "curated": "ok",
    "product_id": "7091059327057",
    "product_handle": "penelope-lively-potted",
    "reply": "",
    "reply_date": "",
    "picture_urls": "",
    "ip_address": "",
    "location": "",
    "metaobject_handle": "shop-2519111-36599879-40c3d04c-814f-4ea6-8fbf-83cb2c804a04"
  },
  {
    "title": "",
    "body": "This is such a pretty rise, I love it. The flowers aren\u2019t too big so can be well supported by the stems. Lovely light fragrance too.",
    "rating": 5,
    "review_date": "2023-11-18 12:16:18 UTC",
    "source": "shop-app",
    "curated": "ok",
    "product_id": "7091059327057",
    "product_handle": "penelope-lively-potted",
    "reply": "",
    "reply_date": "",
    "picture_urls": "",
    "ip_address": "",
    "location": "",
    "metaobject_handle": "shop-2519111-53038745-d59edf68-ed1d-4a8c-bb52-42f466db4ca3"
  },
  {
    "title": "",
    "body": "Amazing as always",
    "rating": 5,
    "review_date": "2024-06-03 15:22:44 UTC",
    "source": "shop-app",
    "curated": "ok",
    "product_id": "7091059327057",
    "product_handle": "penelope-lively-potted",
    "reply": "",
    "reply_date": "",
    "picture_urls": "",
    "ip_address": "",
    "location": "",
    "metaobject_handle": "shop-2519111-141792793-321a35a8-d687-411d-808b-3652e8d6d05c"
  },
  {
    "title": "",
    "body": "fantastic rose and great quality produxt",
    "rating": 5,
    "review_date": "2023-10-31 13:16:02 UTC",
    "source": "shop-app",
    "curated": "ok",
    "product_id": "7091059392593",
    "product_handle": "penelope-lively-bare-root",
    "reply": "",
    "reply_date": "",
    "picture_urls": "",
    "ip_address": "",
    "location": "",
    "metaobject_handle": "shop-2519111-42934293-df266046-ef3c-481f-870a-0315fdce2d90"
  },
  {
    "title": "",
    "body": "Good quality plant. Just waiting for it to grow now!",
    "rating": 5,
    "review_date": "2023-11-07 17:45:27 UTC",
    "source": "shop-app",
    "curated": "ok",
    "product_id": "7091059392593",
    "product_handle": "penelope-lively-bare-root",
    "reply": "",
    "reply_date": "",
    "picture_urls": "",
    "ip_address": "",
    "location": "",
    "metaobject_handle": "shop-2519111-47755740-8fee2b15-f324-49ba-9f37-78bf7512ff76"
  },
  {
    "title": "",
    "body": "Received in line with reported times , sustainably packed - now planted can\u2019t wait for blooms",
    "rating": 5,
    "review_date": "2023-11-24 13:02:48 UTC",
    "source": "shop-app",
    "curated": "ok",
    "product_id": "7091059392593",
    "product_handle": "penelope-lively-bare-root",
    "reply": "",
    "reply_date": "",
    "picture_urls": "",
    "ip_address": "",
    "location": "",
    "metaobject_handle": "shop-2519111-54056901-447cd6f6-d3d0-4cde-8f97-1945a9591721"
  },
  {
    "title": "",
    "body": "This was sent as a present and I have not been advised about it\u2019s receipt! \nI know it was delivered and it was on the day I requested!",
    "rating": 4,
    "review_date": "2024-04-18 15:38:52 UTC",
    "source": "shop-app",
    "curated": "ok",
    "product_id": "7091059392593",
    "product_handle": "penelope-lively-bare-root",
    "reply": "",
    "reply_date": "",
    "picture_urls": "",
    "ip_address": "",
    "location": "",
    "metaobject_handle": "shop-2519111-134247179-d839e12a-af35-4766-b82d-325b505f5e1b"
  },
  {
    "title": "",
    "body": "Arrived died!",
    "rating": 1,
    "review_date": "2024-04-24 15:58:05 UTC",
    "source": "shop-app",
    "curated": "ok",
    "product_id": "7091059392593",
    "product_handle": "penelope-lively-bare-root",
    "reply": "",
    "reply_date": "",
    "picture_urls": "",
    "ip_address": "",
    "location": "",
    "metaobject_handle": "shop-2519111-135266435-c9caf575-4509-4f97-8691-25856ae96894"
  },
  {
    "title": "",
    "body": "Bought a bear root roses and planted it cant wait for it to grow.",
    "rating": 5,
    "review_date": "2025-03-21 08:53:41 UTC",
    "source": "shop-app",
    "curated": "ok",
    "product_id": "7091059195985",
    "product_handle": "penelope-lively",
    "reply": "",
    "reply_date": "",
    "picture_urls": "",
    "ip_address": "",
    "location": "",
    "metaobject_handle": "shop-2519111-194780079-858e30f4-5ced-463b-bcca-29f4e42bde3a"
  },
  {
    "title": "",
    "body": "Lovely thank you",
    "rating": 5,
    "review_date": "2025-04-04 10:55:20 UTC",
    "source": "shop-app",
    "curated": "ok",
    "product_id": "7091059195985",
    "product_handle": "penelope-lively",
    "reply": "",
    "reply_date": "",
    "picture_urls": "",
    "ip_address": "",
    "location": "",
    "metaobject_handle": "shop-2519111-201727278-532e71c2-9a1a-484d-a7ef-814dec48d042"
  },
  {
    "title": "Fabulous",
    "body": "I bought a bare root and wasn\u2019t convinced but the first year it flowered and was so beautiful now I\u2019m on the 2nd year and it\u2019s already in bud\nCan\u2019t wait to see the flowers bloom",
    "rating": 5,
    "review_date": "2025-05-18 11:33:34 UTC",
    "source": "web",
    "curated": "ok",
    "product_id": "7091059195985",
    "product_handle": "penelope-lively",
    "reply": "",
    "reply_date": "",
    "picture_urls": "https://s3.amazonaws.com/me.judge.review-images/david-austin-roses-uk/1747568015__img_0340__original.jpeg, https://s3.amazonaws.com/me.judge.review-images/david-austin-roses-uk/1747568018__img_3878__original.jpeg",
    "ip_address": "109.148.87.80",
    "location": "Trowbridge, England, United Kingdom",
    "metaobject_handle": "review-5f7bca31-6a5c-4aeb-b00e-d5806ea08098"
  },
  {
    "title": "Elegant and soft",
    "body": "Looks a bit like peonies its such sweet colour, this is my 9th David Austin rose plant, i follow their planting instructions and it works wonders always amazing blooms.",
    "rating": 5,
    "review_date": "2025-06-19 14:49:58 UTC",
    "source": "web",
    "curated": "ok",
    "product_id": "7091059195985",
    "product_handle": "penelope-lively",
    "reply": "",
    "reply_date": "",
    "picture_urls": "https://s3.amazonaws.com/me.judge.review-images/david-austin-roses-uk/1750344599__img_0606__original.jpeg, https://s3.amazonaws.com/me.judge.review-images/david-austin-roses-uk/1750344604__img_0605__original.jpeg",
    "ip_address": "217.33.116.179",
    "location": "Narberth, Wales, United Kingdom",
    "metaobject_handle": "review-b98b13b2-d243-47be-8c21-a1d005a75cbd"
  },
  {
    "title": "Wonderful flush and scent",
    "body": "Great first flush from bare root, better than many others I ordered at the same time.  Scent is irresistible. \nHowever the leaves have been completed eaten by something and my other roses are untouched.",
    "rating": 5,
    "review_date": "2025-07-06 16:49:13 UTC",
    "source": "web",
    "curated": "ok",
    "product_id": "7091059195985",
    "product_handle": "penelope-lively",
    "reply": "",
    "reply_date": "",
    "picture_urls": "",
    "ip_address": "92.40.179.51",
    "location": "Hackney, England, United Kingdom",
    "metaobject_handle": "review-26b03452-fc9e-4672-a22d-6ef7809dcfc7"
  }
]