[
  {
    "title": "Beautiful Small Delicate Blooms",
    "body": "A lovely rose, gorgeous apricot  blooms, turns pinkish in certain light.  Very pretty.  The buds appear to resemble a Hybrid-Tea but the blooms are a lovely noisette type.",
    "rating": 5,
    "review_date": "2025-07-03 19:08:41 UTC",
    "source": "web",
    "curated": "ok",
    "product_id": "4113882120273",
    "product_handle": "perle-d-or",
    "reply": "",
    "reply_date": "",
    "picture_urls": "https://s3.amazonaws.com/me.judge.review-images/david-austin-roses-uk/1751569721__img_7206__original.jpeg, https://s3.amazonaws.com/me.judge.review-images/david-austin-roses-uk/1751569724__img_7215__original.jpeg",
    "ip_address": "146.200.144.230",
    "location": "Birmingham, England, United Kingdom",
    "metaobject_handle": "review-ce466548-a858-4427-bc02-7227d8b9d807"
  }
]