[
  {
    "title": "",
    "body": "Excellent service",
    "rating": 5,
    "review_date": "2023-11-01 11:34:17 UTC",
    "source": "shop-app",
    "curated": "ok",
    "product_id": "4114092621905",
    "product_handle": "phyllis-bide-bare-root",
    "reply": "",
    "reply_date": "",
    "picture_urls": "",
    "ip_address": "",
    "location": "",
    "metaobject_handle": "shop-2519111-44471502-e0803134-b21c-41b1-8443-bd1b15c3e06c"
  },
  {
    "title": "",
    "body": "So beautiful! Roses came in wonderful condition and ive got lits if beautiful flowers within a few weeks. Definitely recommend",
    "rating": 5,
    "review_date": "2025-06-12 19:49:38 UTC",
    "source": "shop-app",
    "curated": "ok",
    "product_id": "4113883627601",
    "product_handle": "phyllis-bide",
    "reply": "",
    "reply_date": "",
    "picture_urls": "",
    "ip_address": "",
    "location": "",
    "metaobject_handle": "shop-2519111-216359883-cf1d184c-2f05-42b7-8865-92340c20b07a"
  }
]