[
  {
    "title": "",
    "body": "Love the rose bush but delivery was poor",
    "rating": 5,
    "review_date": "2024-07-25 10:57:34 UTC",
    "source": "shop-app",
    "curated": "ok",
    "product_id": "4114093441105",
    "product_handle": "port-sunlight-shrub-rose-bare-root",
    "reply": "",
    "reply_date": "",
    "picture_urls": "",
    "ip_address": "",
    "location": "",
    "metaobject_handle": "shop-2519111-151106398-f3e3de20-12dc-4d98-9f87-fa27041a4ffb"
  },
  {
    "title": "",
    "body": "Don't know what's wrong g with it.its only give me one rose",
    "rating": 2,
    "review_date": "2023-07-19 21:08:11 UTC",
    "source": "shop-app",
    "curated": "ok",
    "product_id": "4114108088401",
    "product_handle": "port-sunlight-shrub-rose-potted",
    "reply": "",
    "reply_date": "",
    "picture_urls": "",
    "ip_address": "",
    "location": "",
    "metaobject_handle": "shop-2519111-33289564-9534bfb9-704f-4989-98f5-55c24d0a35bb"
  },
  {
    "title": "",
    "body": "Arrived beautifully packaged . Very healthy plant . Thankyou",
    "rating": 5,
    "review_date": "2024-04-16 09:12:48 UTC",
    "source": "shop-app",
    "curated": "ok",
    "product_id": "4114108088401",
    "product_handle": "port-sunlight-shrub-rose-potted",
    "reply": "",
    "reply_date": "",
    "picture_urls": "",
    "ip_address": "",
    "location": "",
    "metaobject_handle": "shop-2519111-133806296-4d5b12aa-409a-46d9-a834-8662ecd113bd"
  }
]