[
  {
    "title": "",
    "body": "Beautiful healthy plants and well packaged",
    "rating": 5,
    "review_date": "2024-07-11 06:31:38 UTC",
    "source": "shop-app",
    "curated": "ok",
    "product_id": "4114108317777",
    "product_handle": "princess-alexandra-of-kent-shrub-rose-potted",
    "reply": "",
    "reply_date": "",
    "picture_urls": "",
    "ip_address": "",
    "location": "",
    "metaobject_handle": "shop-2519111-148857312-c1a94cb6-cbf9-450b-984d-6c2c4ea4eacc"
  },
  {
    "title": "",
    "body": "Very good",
    "rating": 5,
    "review_date": "2023-06-02 13:48:06 UTC",
    "source": "shop-app",
    "curated": "ok",
    "product_id": "4114108317777",
    "product_handle": "princess-alexandra-of-kent-shrub-rose-potted",
    "reply": "",
    "reply_date": "",
    "picture_urls": "",
    "ip_address": "",
    "location": "",
    "metaobject_handle": "shop-2519111-13796823-b640bf6c-108f-42a0-a262-b27dd983b891"
  },
  {
    "title": "",
    "body": "Healthy plant arrived safely",
    "rating": 5,
    "review_date": "2023-06-08 09:16:25 UTC",
    "source": "shop-app",
    "curated": "ok",
    "product_id": "4114108317777",
    "product_handle": "princess-alexandra-of-kent-shrub-rose-potted",
    "reply": "",
    "reply_date": "",
    "picture_urls": "",
    "ip_address": "",
    "location": "",
    "metaobject_handle": "shop-2519111-13943255-c9576bea-3b43-4dfd-9d5f-b8821c03472b"
  },
  {
    "title": "",
    "body": "What a gorgeous rose. So happy that o purchased this rose. It has started to bloom\nAnd I have to admit it is an awesome deep pink colour. Smells delightful too. Your planting instructions were very easy to follow.",
    "rating": 5,
    "review_date": "2023-06-13 23:33:24 UTC",
    "source": "shop-app",
    "curated": "ok",
    "product_id": "4114108317777",
    "product_handle": "princess-alexandra-of-kent-shrub-rose-potted",
    "reply": "",
    "reply_date": "",
    "picture_urls": "",
    "ip_address": "",
    "location": "",
    "metaobject_handle": "shop-2519111-14108521-a5c216e6-aae5-43b3-953a-a2d93a3348af"
  },
  {
    "title": "",
    "body": "Another gorgeous David Austin rose! This was purchased as a gift for our next door neighbor, who absolutely ADORES D.Austin Roses! It was a PERFECT gift for her as she is a most delightful, beautiful lady. xx",
    "rating": 5,
    "review_date": "2024-06-03 11:57:58 UTC",
    "source": "shop-app",
    "curated": "ok",
    "product_id": "4114108317777",
    "product_handle": "princess-alexandra-of-kent-shrub-rose-potted",
    "reply": "",
    "reply_date": "",
    "picture_urls": "",
    "ip_address": "",
    "location": "",
    "metaobject_handle": "shop-2519111-141750279-0535813b-b189-4172-8c1c-7528cf04de98"
  },
  {
    "title": "",
    "body": "Beautiful roses, gorgeous scent, a couple of branches had been snapped in transit but not enough to contact David Austin about.",
    "rating": 4,
    "review_date": "2024-07-01 09:19:55 UTC",
    "source": "shop-app",
    "curated": "ok",
    "product_id": "4114108317777",
    "product_handle": "princess-alexandra-of-kent-shrub-rose-potted",
    "reply": "",
    "reply_date": "",
    "picture_urls": "",
    "ip_address": "",
    "location": "",
    "metaobject_handle": "shop-2519111-147132507-e464caeb-df65-4809-875e-378a23720dad"
  },
  {
    "title": "",
    "body": "Wonderful prodigious growth and good delivery",
    "rating": 5,
    "review_date": "2024-02-14 13:51:22 UTC",
    "source": "shop-app",
    "curated": "ok",
    "product_id": "4114093965393",
    "product_handle": "princess-alexandra-of-kent-shrub-rose-bare-root",
    "reply": "",
    "reply_date": "",
    "picture_urls": "",
    "ip_address": "",
    "location": "",
    "metaobject_handle": "shop-2519111-118994426-8d94d049-7d25-4751-b908-bec2aa505319"
  },
  {
    "title": "",
    "body": "Beautiful!",
    "rating": 5,
    "review_date": "2024-03-26 14:16:51 UTC",
    "source": "shop-app",
    "curated": "ok",
    "product_id": "4114093965393",
    "product_handle": "princess-alexandra-of-kent-shrub-rose-bare-root",
    "reply": "",
    "reply_date": "",
    "picture_urls": "",
    "ip_address": "",
    "location": "",
    "metaobject_handle": "shop-2519111-129782840-a11d3fbb-2ae3-480d-a8a2-25ac4c29e8e1"
  },
  {
    "title": "",
    "body": "Great product",
    "rating": 5,
    "review_date": "2024-04-10 14:10:17 UTC",
    "source": "shop-app",
    "curated": "ok",
    "product_id": "4114093965393",
    "product_handle": "princess-alexandra-of-kent-shrub-rose-bare-root",
    "reply": "",
    "reply_date": "",
    "picture_urls": "",
    "ip_address": "",
    "location": "",
    "metaobject_handle": "shop-2519111-132845646-cb39bd59-196f-49b4-a388-1fa2bd9381eb"
  }
]