[
  {
    "title": "",
    "body": "Excellent in a mixed border, the graduation in colour as the bloom ages adding variety to the mix.",
    "rating": 5,
    "review_date": "2023-07-20 09:13:40 UTC",
    "source": "shop-app",
    "curated": "ok",
    "product_id": "4114108252241",
    "product_handle": "princess-anne-shrub-rose-potted",
    "reply": "",
    "reply_date": "",
    "picture_urls": "",
    "ip_address": "",
    "location": "",
    "metaobject_handle": "shop-2519111-33316971-c14498ea-9c73-494e-a4bc-5a3140a4e0bf"
  },
  {
    "title": "",
    "body": "Oh I love Princess Ann Rose. She's undemanding. Compact. Smells and looks beautiful. She holds on to her blooms for longer than my other DA roses and the blooms age beautifully.",
    "rating": 5,
    "review_date": "2023-08-31 11:09:46 UTC",
    "source": "shop-app",
    "curated": "ok",
    "product_id": "4114093768785",
    "product_handle": "princess-anne-shrub-rose-bare-root",
    "reply": "",
    "reply_date": "",
    "picture_urls": "",
    "ip_address": "",
    "location": "",
    "metaobject_handle": "shop-2519111-35780054-a3d9e6aa-6565-4d49-ab3f-05d35d3d59b9"
  },
  {
    "title": "",
    "body": "Looking forward to blooming this spring",
    "rating": 5,
    "review_date": "2024-02-01 14:18:22 UTC",
    "source": "shop-app",
    "curated": "ok",
    "product_id": "4114093768785",
    "product_handle": "princess-anne-shrub-rose-bare-root",
    "reply": "",
    "reply_date": "",
    "picture_urls": "",
    "ip_address": "",
    "location": "",
    "metaobject_handle": "shop-2519111-116650840-10bef394-a786-439c-906d-666d9d2b15d3"
  }
]