[
  {
    "title": "",
    "body": "Always packaged perfect. Always a great product love my roses",
    "rating": 5,
    "review_date": "2024-10-01 14:09:11 UTC",
    "source": "shop-app",
    "curated": "ok",
    "product_id": "4113888968785",
    "product_handle": "princess-alexandra-of-kent",
    "reply": "",
    "reply_date": "",
    "picture_urls": "",
    "ip_address": "",
    "location": "",
    "metaobject_handle": "shop-2519111-160740302-ee43f767-4e85-4374-9396-c7a3ba061c96"
  },
  {
    "title": "",
    "body": "I was particularly pleased with the colour - a clear warm coral pink unlike other pink roses",
    "rating": 5,
    "review_date": "2025-02-15 00:00:00 UTC",
    "source": "judge-me",
    "curated": "ok",
    "product_id": "4113888968785",
    "product_handle": "princess-alexandra-of-kent",
    "reply": "",
    "reply_date": "",
    "picture_urls": "",
    "ip_address": "",
    "location": "",
    "metaobject_handle": "review-84c4ceff-c73f-4a38-961b-f90f67deda5b"
  },
  {
    "title": "",
    "body": "The Princess Alexandra of Kent rose is an absolute delight in the garden. Its large, cup-shaped blooms in a rich, warm pink color exude a captivating, strong tea fragrance with hints of lemon and blackcurrant. The plant is vigorous and healthy, with lush, green foliage that beautifully complements the stunning flowers. It blooms generously throughout the season, making it a standout in any rose bed or container. A true gem for rose lovers!",
    "rating": 5,
    "review_date": "2025-02-14 00:00:00 UTC",
    "source": "judge-me",
    "curated": "ok",
    "product_id": "4113888968785",
    "product_handle": "princess-alexandra-of-kent",
    "reply": "",
    "reply_date": "",
    "picture_urls": "https://s3.amazonaws.com/me.judge.review-images/david-austin-roses-uk/1740140357__1740140352557-img_2998__original.jpeg, https://s3-us-west-1.amazonaws.com/user-files-1/servar/198908/f1e5b484-34bb-4c23-8601-1f584f620dfc/da12cbe9-b97e-4d5a-a33e-5ffc113a5716/2025-02-14T16%253A55%253A33.041476%252B00%253A00/IMG_2998.jpeg",
    "ip_address": "",
    "location": "",
    "metaobject_handle": "review-51cd3957-ed34-4574-8992-83d4f32652ca"
  },
  {
    "title": "My absolute favourite",
    "body": "Can\u201a\u00c4\u00f4t wait for spring to come and this beautiful rose to start flowering, heavenly fragrance and beautiful colour.",
    "rating": 5,
    "review_date": "2025-02-14 00:00:00 UTC",
    "source": "judge-me",
    "curated": "ok",
    "product_id": "4113888968785",
    "product_handle": "princess-alexandra-of-kent",
    "reply": "",
    "reply_date": "",
    "picture_urls": "",
    "ip_address": "",
    "location": "",
    "metaobject_handle": "review-0c4d643d-8610-4a95-91e4-6af23f8e908c"
  },
  {
    "title": "Beautiful Roses",
    "body": "Beautiful roses my favourite DA rose",
    "rating": 5,
    "review_date": "2025-02-07 00:00:00 UTC",
    "source": "judge-me",
    "curated": "ok",
    "product_id": "4113888968785",
    "product_handle": "princess-alexandra-of-kent",
    "reply": "",
    "reply_date": "",
    "picture_urls": "https://s3-us-west-1.amazonaws.com/user-files-1/servar/198908/f532cfa3-9139-47fc-b2b9-df0ae11e408e/da12cbe9-b97e-4d5a-a33e-5ffc113a5716/2025-02-07T00%253A58%253A12.218625%252B00%253A00/IMG_7418.jpeg, https://s3-us-west-1.amazonaws.com/user-files-1/servar/198908/f532cfa3-9139-47fc-b2b9-df0ae11e408e/da12cbe9-b97e-4d5a-a33e-5ffc113a5716/2025-02-07T00%253A58%253A12.218578%252B00%253A00/IMG_7416.jpeg, https://s3-us-west-1.amazonaws.com/user-files-1/servar/198908/f532cfa3-9139-47fc-b2b9-df0ae11e408e/da12cbe9-b97e-4d5a-a33e-5ffc113a5716/2025-02-07T00%253A58%253A12.218476%252B00%253A00/IMG_7689.jpeg, https://s3-us-west-1.amazonaws.com/user-files-1/servar/198908/f532cfa3-9139-47fc-b2b9-df0ae11e408e/da12cbe9-b97e-4d5a-a33e-5ffc113a5716/2025-02-07T00%253A58%253A12.218528%252B00%253A00/IMG_7432.jpeg, https://s3-us-west-1.amazonaws.com/user-files-1/servar/198908/f532cfa3-9139-47fc-b2b9-df0ae11e408e/da12cbe9-b97e-4d5a-a33e-5ffc113a5716/2025-02-07T00%253A58%253A12.218413%252B00%253A00/IMG_7677.jpeg",
    "ip_address": "",
    "location": "",
    "metaobject_handle": "review-a90f657a-f95a-4a88-9aca-c80b9d793e40"
  },
  {
    "title": "Beautiful rose",
    "body": "Delighted with the service and advice I receive from David Austin. Over the past 3 or 4 years I must have purchased over 20 roses and never once been disappointed. Princess Alexandra of Kent being no exception.",
    "rating": 5,
    "review_date": "2025-02-05 00:00:00 UTC",
    "source": "judge-me",
    "curated": "ok",
    "product_id": "4113888968785",
    "product_handle": "princess-alexandra-of-kent",
    "reply": "",
    "reply_date": "",
    "picture_urls": "",
    "ip_address": "",
    "location": "",
    "metaobject_handle": "review-4b761c5b-d7bf-46fb-aeb3-dae47924f691"
  },
  {
    "title": "",
    "body": "Mum is thrilled with her rose bush",
    "rating": 5,
    "review_date": "2025-04-26 12:29:21 UTC",
    "source": "shop-app",
    "curated": "ok",
    "product_id": "4113888968785",
    "product_handle": "princess-alexandra-of-kent",
    "reply": "",
    "reply_date": "",
    "picture_urls": "",
    "ip_address": "",
    "location": "",
    "metaobject_handle": "shop-2519111-206314508-23743abb-7fec-433f-a12f-9ceefd43dcf0"
  },
  {
    "title": "",
    "body": "Rose in beautiful condition, strong and bushy with plenty of buds. Amazing fragrance! Quick delivery, well packed.",
    "rating": 5,
    "review_date": "2025-06-06 11:15:29 UTC",
    "source": "shop-app",
    "curated": "ok",
    "product_id": "4113888968785",
    "product_handle": "princess-alexandra-of-kent",
    "reply": "",
    "reply_date": "",
    "picture_urls": "",
    "ip_address": "",
    "location": "",
    "metaobject_handle": "shop-2519111-214851176-a2ae110c-3524-484b-a946-10760833ea54"
  },
  {
    "title": "",
    "body": "My rose arrived in perfect condition. It was securely packed and had a nice clear instructions \non the box.",
    "rating": 5,
    "review_date": "2025-05-18 19:12:36 UTC",
    "source": "shop-app",
    "curated": "ok",
    "product_id": "4113888968785",
    "product_handle": "princess-alexandra-of-kent",
    "reply": "",
    "reply_date": "",
    "picture_urls": "",
    "ip_address": "",
    "location": "",
    "metaobject_handle": "shop-2519111-210700189-14e02424-aa3c-4b00-8390-18f7eea344de"
  },
  {
    "title": "Princess of Alexandra kent",
    "body": "Love this rose. Smell beautiful. Lots of compliment .",
    "rating": 5,
    "review_date": "2025-05-24 18:16:49 UTC",
    "source": "web",
    "curated": "ok",
    "product_id": "4113888968785",
    "product_handle": "princess-alexandra-of-kent",
    "reply": "",
    "reply_date": "",
    "picture_urls": "https://s3.amazonaws.com/me.judge.review-images/david-austin-roses-uk/1748110610__1000000655__original.jpg, https://s3.amazonaws.com/me.judge.review-images/david-austin-roses-uk/1748110616__1000000658__original.jpg, https://s3.amazonaws.com/me.judge.review-images/david-austin-roses-uk/1748110623__1000000661__original.jpg, https://s3.amazonaws.com/me.judge.review-images/david-austin-roses-uk/1748110613__1000000649__original.jpg, https://s3.amazonaws.com/me.judge.review-images/david-austin-roses-uk/1748110620__1000000662__original.jpg",
    "ip_address": "90.208.110.6",
    "location": "Whitstable, England, United Kingdom",
    "metaobject_handle": "review-0a2929c6-04b4-4696-8c4b-228eef26044c"
  },
  {
    "title": "Stunning!",
    "body": "This is an absolutely gorgeous rose, both in form and fragrance. I bought it as a potted rose last summer and planted it in a large pot in our semi-shaded back garden, and this year the growth has been very strong, with plenty of amazing flowers. Highly recommend!",
    "rating": 5,
    "review_date": "2025-06-15 13:06:29 UTC",
    "source": "web",
    "curated": "ok",
    "product_id": "4113888968785",
    "product_handle": "princess-alexandra-of-kent",
    "reply": "",
    "reply_date": "",
    "picture_urls": "",
    "ip_address": "94.195.52.186",
    "location": "Manchester, England, United Kingdom",
    "metaobject_handle": "review-140bf277-f81b-4160-be4b-e6e1e9efb0a4"
  },
  {
    "title": "",
    "body": "Excellent condition, as always",
    "rating": 5,
    "review_date": "2025-07-02 18:03:04 UTC",
    "source": "shop-app",
    "curated": "ok",
    "product_id": "4113888968785",
    "product_handle": "princess-alexandra-of-kent",
    "reply": "",
    "reply_date": "",
    "picture_urls": "",
    "ip_address": "",
    "location": "",
    "metaobject_handle": "shop-2519111-220669537-196be3b5-6bce-4a17-9721-bd7573e001a9"
  },
  {
    "title": "",
    "body": "Excellent potted rose",
    "rating": 5,
    "review_date": "2025-07-06 10:50:33 UTC",
    "source": "shop-app",
    "curated": "ok",
    "product_id": "4113888968785",
    "product_handle": "princess-alexandra-of-kent",
    "reply": "",
    "reply_date": "",
    "picture_urls": "",
    "ip_address": "",
    "location": "",
    "metaobject_handle": "shop-2519111-221369841-d0e83adc-bb2f-448b-8916-7c04c7bb2612"
  }
]