[
  {
    "title": "Beautiful rose",
    "body": "Purchased Princess Anne bare root rose in April and got wonderful bloom in June! The scent is nice too!",
    "rating": 5,
    "review_date": "2025-06-18 21:41:21 UTC",
    "source": "web",
    "curated": "ok",
    "product_id": "4113888313425",
    "product_handle": "princess-anne",
    "reply": "",
    "reply_date": "",
    "picture_urls": "https://s3.amazonaws.com/me.judge.review-images/david-austin-roses-uk/1750282881__inbound3509177898290735735__original.jpg",
    "ip_address": "92.14.142.109",
    "location": "Tonypandy, Wales, United Kingdom",
    "metaobject_handle": "review-e40584aa-e6d4-4294-aa1f-75c0fd97e4e1"
  },
  {
    "title": "Princess Anne",
    "body": "Like the Princess, a good reliable option!  A proper worker!",
    "rating": 5,
    "review_date": "2025-06-14 08:11:15 UTC",
    "source": "web",
    "curated": "ok",
    "product_id": "4113888313425",
    "product_handle": "princess-anne",
    "reply": "",
    "reply_date": "",
    "picture_urls": "",
    "ip_address": "86.163.40.187",
    "location": "Tenbury Wells, England, United Kingdom",
    "metaobject_handle": "review-25a7264d-34c6-4a4a-ba5b-8d7cfca120a0"
  }
]