[
  {
    "title": "",
    "body": "fabulous workshop very informative",
    "rating": 5,
    "review_date": "2025-01-25 18:00:18 UTC",
    "source": "shop-app",
    "curated": "ok",
    "product_id": "11417182208380",
    "product_handle": "pruning-workshop",
    "reply": "",
    "reply_date": "",
    "picture_urls": "",
    "ip_address": "",
    "location": "",
    "metaobject_handle": "shop-2519111-181984496-405a494e-9401-4677-86b7-c1371f9d3147"
  },
  {
    "title": "",
    "body": "Fantastic workshop. Highly professional and extremely knowledgeable tutors. Great venue. Great value for money.",
    "rating": 5,
    "review_date": "2025-02-20 18:48:20 UTC",
    "source": "shop-app",
    "curated": "ok",
    "product_id": "11417182208380",
    "product_handle": "pruning-workshop",
    "reply": "",
    "reply_date": "",
    "picture_urls": "",
    "ip_address": "",
    "location": "",
    "metaobject_handle": "shop-2519111-187557033-eb943b8e-fd9b-41f1-860d-490f9ac64783"
  },
  {
    "title": "",
    "body": "Excellent workshop for the beginner rose grower. A really enjoyable morning, breakfast and morning coffee provided as well as a Rose. I would really recommend this workshop and will definitely book onto any further work shops that are available.",
    "rating": 5,
    "review_date": "2025-01-29 15:55:59 UTC",
    "source": "shop-app",
    "curated": "ok",
    "product_id": "11417182208380",
    "product_handle": "pruning-workshop",
    "reply": "",
    "reply_date": "",
    "picture_urls": "",
    "ip_address": "",
    "location": "",
    "metaobject_handle": "shop-2519111-182658601-930ea2b4-c361-476e-a37a-c1dde2bb752c"
  },
  {
    "title": "",
    "body": "Absolutely fantastic day! Learned so much and had so much fun :)",
    "rating": 5,
    "review_date": "2025-01-31 06:48:43 UTC",
    "source": "shop-app",
    "curated": "ok",
    "product_id": "11417182208380",
    "product_handle": "pruning-workshop",
    "reply": "",
    "reply_date": "",
    "picture_urls": "",
    "ip_address": "",
    "location": "",
    "metaobject_handle": "shop-2519111-182998408-32993195-e5e1-47bb-9083-7529f62c7481"
  }
]