[
  {
    "title": "The Queen (of Sweeden) thrives up North",
    "body": "A gentle, allusive scent surrounds the kitchen door, reminding me of summer twilight skies and birdsong. \n It grows healthy, facing south and well watered by Manchester's famous natural resource.",
    "rating": 5,
    "review_date": "2025-02-19 00:00:00 UTC",
    "source": "judge-me",
    "curated": "ok",
    "product_id": "4113892016209",
    "product_handle": "queen-of-sweden",
    "reply": "",
    "reply_date": "",
    "picture_urls": "",
    "ip_address": "",
    "location": "",
    "metaobject_handle": "review-d88963c8-c82f-4143-9660-f113921fc13b"
  },
  {
    "title": "Beautiful rose",
    "body": "Exceeded expectations.",
    "rating": 5,
    "review_date": "2025-02-19 00:00:00 UTC",
    "source": "judge-me",
    "curated": "ok",
    "product_id": "4113892016209",
    "product_handle": "queen-of-sweden",
    "reply": "",
    "reply_date": "",
    "picture_urls": "",
    "ip_address": "",
    "location": "",
    "metaobject_handle": "review-4beac896-07f0-4b8d-bac6-841b140fb196"
  },
  {
    "title": "So very pretty",
    "body": "This is such a very pretty rise. The colour is pale peachy pink and the fragrance is intoxicating. First year it\u201a\u00c4\u00f4s smaller than the Olivia, not sure if it will grow much bigger but I love its size in a big pot.",
    "rating": 5,
    "review_date": "2025-02-15 00:00:00 UTC",
    "source": "judge-me",
    "curated": "ok",
    "product_id": "4113892016209",
    "product_handle": "queen-of-sweden",
    "reply": "",
    "reply_date": "",
    "picture_urls": "https://s3-us-west-1.amazonaws.com/user-files-1/servar/198908/9db976da-893f-409e-b721-a34f89fa2c2b/da12cbe9-b97e-4d5a-a33e-5ffc113a5716/2025-02-15T21%253A39%253A30.748137%252B00%253A00/IMG_2408.jpeg, https://s3.amazonaws.com/me.judge.review-images/david-austin-roses-uk/1740140125__1740140117741-img_2408__original.jpeg",
    "ip_address": "",
    "location": "",
    "metaobject_handle": "review-599da845-0531-46f6-9941-0df08c9f6347"
  },
  {
    "title": "Absolutely gorgeous!",
    "body": "Really pretty buds and a really beautiful open rose. Soft pink and very prolific.",
    "rating": 5,
    "review_date": "2025-02-16 00:00:00 UTC",
    "source": "judge-me",
    "curated": "ok",
    "product_id": "4113892016209",
    "product_handle": "queen-of-sweden",
    "reply": "",
    "reply_date": "",
    "picture_urls": "",
    "ip_address": "",
    "location": "",
    "metaobject_handle": "review-55a96447-cc5c-42fb-b683-348ed478247f"
  },
  {
    "title": "A queen amongst roses",
    "body": "I have many roses in my garden and this is one of my favourite. I have repeated it through the garden. The plants are covered in blooms all summer long. Although the flowers are medium in size and not strongly scented, they are exquisite and perfect in form. Their pale pink colour has a warm peachy tone and gives a very romantic vibe to the garden. They are almost thornless and easy to prune and care for. The plant is also very healthy and robust generally. I highly recommend this rose.",
    "rating": 5,
    "review_date": "2025-02-11 00:00:00 UTC",
    "source": "judge-me",
    "curated": "ok",
    "product_id": "4113892016209",
    "product_handle": "queen-of-sweden",
    "reply": "",
    "reply_date": "",
    "picture_urls": "",
    "ip_address": "",
    "location": "",
    "metaobject_handle": "review-6fd1d0e3-0562-4c1f-a312-8ebb73b84054"
  },
  {
    "title": "",
    "body": "Exactly as described, a lovely upright rose, didn\u201a\u00c4\u00f4t get black spot, plenty of blooms in its first year. Looking forward to this year",
    "rating": 5,
    "review_date": "2025-02-11 00:00:00 UTC",
    "source": "judge-me",
    "curated": "ok",
    "product_id": "4113892016209",
    "product_handle": "queen-of-sweden",
    "reply": "",
    "reply_date": "",
    "picture_urls": "",
    "ip_address": "",
    "location": "",
    "metaobject_handle": "review-5a1dfedf-89ad-48db-9e38-290346edce32"
  },
  {
    "title": "",
    "body": "It died so was removed unfortunately",
    "rating": 2,
    "review_date": "2025-02-11 00:00:00 UTC",
    "source": "judge-me",
    "curated": "ok",
    "product_id": "4113892016209",
    "product_handle": "queen-of-sweden",
    "reply": "",
    "reply_date": "",
    "picture_urls": "",
    "ip_address": "",
    "location": "",
    "metaobject_handle": "review-0d52590b-2394-4983-892c-a883b211bdbe"
  },
  {
    "title": "The Queen of Roses",
    "body": "This rose should literally be renamed the Queen of roses, her elegant tall regal straight stems and cupped blooms in the most exquisite shades of soft pink and coral make her a stunning addition to any garden.. I love her so much I have 2! She\u201a\u00c4\u00f4s definitely a must have for any garden.",
    "rating": 5,
    "review_date": "2025-02-05 00:00:00 UTC",
    "source": "judge-me",
    "curated": "ok",
    "product_id": "4113892016209",
    "product_handle": "queen-of-sweden",
    "reply": "",
    "reply_date": "",
    "picture_urls": "https://s3-us-west-1.amazonaws.com/user-files-1/servar/198908/75e9fb41-ad6a-456e-8e8a-690f1b4b805d/da12cbe9-b97e-4d5a-a33e-5ffc113a5716/2025-02-05T12%253A22%253A19.712630%252B00%253A00/2F02A04A-4F55-4EF0-9A6E-855314F8C078.jpeg, https://s3-us-west-1.amazonaws.com/user-files-1/servar/198908/75e9fb41-ad6a-456e-8e8a-690f1b4b805d/da12cbe9-b97e-4d5a-a33e-5ffc113a5716/2025-02-05T12%253A22%253A19.712728%252B00%253A00/IMG_9157.jpeg, https://s3-us-west-1.amazonaws.com/user-files-1/servar/198908/75e9fb41-ad6a-456e-8e8a-690f1b4b805d/da12cbe9-b97e-4d5a-a33e-5ffc113a5716/2025-02-05T12%253A22%253A19.712825%252B00%253A00/IMG_9187.jpeg, https://s3-us-west-1.amazonaws.com/user-files-1/servar/198908/75e9fb41-ad6a-456e-8e8a-690f1b4b805d/da12cbe9-b97e-4d5a-a33e-5ffc113a5716/2025-02-05T12%253A22%253A19.712510%252B00%253A00/IMG_8977.jpeg, https://s3-us-west-1.amazonaws.com/user-files-1/servar/198908/75e9fb41-ad6a-456e-8e8a-690f1b4b805d/da12cbe9-b97e-4d5a-a33e-5ffc113a5716/2025-02-05T12%253A22%253A19.712919%252B00%253A00/IMG_7426.jpeg",
    "ip_address": "",
    "location": "",
    "metaobject_handle": "review-10016da0-95ea-4077-bd55-148fa10dc261"
  },
  {
    "title": "Beautiful rose",
    "body": "The Queen of Sweden is a great addition to our growing collection of David Austin roses. Bought bare root it produced quite a few blooms in its first summer. The blooms are a delicate pale pink and have a lovely perfume. It is thriving in a north facing bed.",
    "rating": 5,
    "review_date": "2025-02-05 00:00:00 UTC",
    "source": "judge-me",
    "curated": "ok",
    "product_id": "4113892016209",
    "product_handle": "queen-of-sweden",
    "reply": "",
    "reply_date": "",
    "picture_urls": "https://s3-us-west-1.amazonaws.com/user-files-1/servar/198908/dc771977-0eca-466c-bb41-c7169fa95520/da12cbe9-b97e-4d5a-a33e-5ffc113a5716/2025-02-05T11%253A53%253A14.253765%252B00%253A00/IMG_8316.jpeg",
    "ip_address": "",
    "location": "",
    "metaobject_handle": "review-3574c825-02df-410f-ada6-2921440c78f8"
  },
  {
    "title": "Exquisite variety of roses!",
    "body": "My Queen of Sweden is doing well! I have bought many a David Austin rose. Love the variety of roses, esp. old varieties - delivery always easy. Some roses are more robust than others and I have lost a couple of bare root shrubs that were more delicate than I had hoped for - but I guess these things happen. All in all still a big fan!",
    "rating": 4,
    "review_date": "2025-02-05 00:00:00 UTC",
    "source": "judge-me",
    "curated": "ok",
    "product_id": "4113892016209",
    "product_handle": "queen-of-sweden",
    "reply": "",
    "reply_date": "",
    "picture_urls": "",
    "ip_address": "",
    "location": "",
    "metaobject_handle": "review-7582a154-0d6d-4cf5-b7dc-922c4bd4096c"
  },
  {
    "title": "One of my favourites",
    "body": "I love this rose. The fragrance is like baby powder. It's a beautiful flower,  repeating all summer.  A gentle pink colour. Grown to about 4 ft x 3. Bounces back after a light prune in winter, to keep the stems strong. Lovely foliage.",
    "rating": 5,
    "review_date": "2025-04-18 18:54:19 UTC",
    "source": "web",
    "curated": "ok",
    "product_id": "4113892016209",
    "product_handle": "queen-of-sweden",
    "reply": "",
    "reply_date": "",
    "picture_urls": "",
    "ip_address": "185.237.62.33",
    "location": "Tower Hamlets, England, United Kingdom",
    "metaobject_handle": "review-aac94362-e30f-45c6-a21c-62cc294e664d"
  },
  {
    "title": "",
    "body": "Stunning arrived in perfect condition",
    "rating": 5,
    "review_date": "2025-06-05 15:38:07 UTC",
    "source": "new-rre-flow",
    "curated": "ok",
    "product_id": "4113892016209",
    "product_handle": "queen-of-sweden",
    "reply": "",
    "reply_date": "",
    "picture_urls": "",
    "ip_address": "82.42.43.176",
    "location": "Rochester, England, United Kingdom",
    "metaobject_handle": "review-2c3793d2-bb32-4786-ba54-987f2392a50c"
  },
  {
    "title": "Queen of Sweden",
    "body": "Fantastic quality roses and so fragrant",
    "rating": 5,
    "review_date": "2025-06-06 13:46:44 UTC",
    "source": "new-rre-flow",
    "curated": "ok",
    "product_id": "4113892016209",
    "product_handle": "queen-of-sweden",
    "reply": "",
    "reply_date": "",
    "picture_urls": "",
    "ip_address": "2.100.32.34",
    "location": "Horsham, England, United Kingdom",
    "metaobject_handle": "review-d62723c2-dee9-4d51-821f-ae0feadd0c0b"
  },
  {
    "title": "Beautiful,",
    "body": "Arrived with flowers intact.",
    "rating": 5,
    "review_date": "2025-06-06 14:50:00 UTC",
    "source": "new-rre-flow",
    "curated": "ok",
    "product_id": "4113892016209",
    "product_handle": "queen-of-sweden",
    "reply": "",
    "reply_date": "",
    "picture_urls": "",
    "ip_address": "2a00:23c6:41be:9801:3c98:e5be:3271:e638",
    "location": "Chippenham, England, United Kingdom",
    "metaobject_handle": "review-13714499-7149-443c-bcc4-f8bfc45d1484"
  },
  {
    "title": "Queen of Sweden",
    "body": "Delivered, well packaged and healthy",
    "rating": 5,
    "review_date": "2025-06-11 10:49:27 UTC",
    "source": "new-rre-flow",
    "curated": "ok",
    "product_id": "4113892016209",
    "product_handle": "queen-of-sweden",
    "reply": "",
    "reply_date": "",
    "picture_urls": "",
    "ip_address": "188.240.57.122",
    "location": "Edinburgh, Scotland, United Kingdom",
    "metaobject_handle": "review-7073e38d-a61a-43aa-8290-f93f1d6e509b"
  },
  {
    "title": "Queen of Sweden",
    "body": "Three days after delivery it was blooming and is now covered in beautiful pale pink flowers.  I\u2019m absolutely delighted with it!",
    "rating": 5,
    "review_date": "2025-06-11 14:51:27 UTC",
    "source": "new-rre-flow",
    "curated": "ok",
    "product_id": "4113892016209",
    "product_handle": "queen-of-sweden",
    "reply": "",
    "reply_date": "",
    "picture_urls": "",
    "ip_address": "2a00:23c6:4c0a:8f01:1814:4a69:7d16:a940",
    "location": "Welwyn Garden City, England, United Kingdom",
    "metaobject_handle": "review-88dfbe7d-d1d9-4bb5-9e37-9ddfa9fb9e9d"
  },
  {
    "title": "Beautiful flower and sent",
    "body": "Beautiful sent and lovely flower with a good upstanding stem",
    "rating": 5,
    "review_date": "2025-06-03 19:08:21 UTC",
    "source": "new-rre-flow",
    "curated": "ok",
    "product_id": "4113892016209",
    "product_handle": "queen-of-sweden",
    "reply": "",
    "reply_date": "",
    "picture_urls": "",
    "ip_address": "88.212.179.31",
    "location": "Moulton, England, United Kingdom",
    "metaobject_handle": "review-d85b568b-a0ad-41d5-bf14-6bddf90c351a"
  },
  {
    "title": "Queen of Sweeden",
    "body": "First bloom from bare root purchased in April. I am really pleased with it!",
    "rating": 5,
    "review_date": "2025-06-18 21:46:26 UTC",
    "source": "web",
    "curated": "ok",
    "product_id": "4113892016209",
    "product_handle": "queen-of-sweden",
    "reply": "",
    "reply_date": "",
    "picture_urls": "https://s3.amazonaws.com/me.judge.review-images/david-austin-roses-uk/1750283187__inbound7933916284168365721__original.jpg, https://s3.amazonaws.com/me.judge.review-images/david-austin-roses-uk/1750283189__inbound713053307583570551__original.jpg",
    "ip_address": "92.14.142.109",
    "location": "Tonypandy, Wales, United Kingdom",
    "metaobject_handle": "review-53035621-1676-4bda-949c-62137d822e86"
  },
  {
    "title": "",
    "body": "Love it! The best roses are from David Austin!",
    "rating": 5,
    "review_date": "2025-05-14 15:47:51 UTC",
    "source": "shop-app",
    "curated": "ok",
    "product_id": "4113892016209",
    "product_handle": "queen-of-sweden",
    "reply": "",
    "reply_date": "",
    "picture_urls": "",
    "ip_address": "",
    "location": "",
    "metaobject_handle": "shop-2519111-209623455-03d63d53-a1c9-411f-936b-bb381d2d78e7"
  },
  {
    "title": "",
    "body": "Arrived on time receipiang was delighted all planted up",
    "rating": 5,
    "review_date": "2025-05-14 22:06:10 UTC",
    "source": "shop-app",
    "curated": "ok",
    "product_id": "4113892016209",
    "product_handle": "queen-of-sweden",
    "reply": "",
    "reply_date": "",
    "picture_urls": "",
    "ip_address": "",
    "location": "",
    "metaobject_handle": "shop-2519111-209741681-bf82d298-4518-47a8-82f8-f5dece2dc8fd"
  },
  {
    "title": "Fantastic rose !",
    "body": "Bought bare root. Planted in very exposed and windy conditions. She is doing amazing.  Very sturdy and healthy plant. Very pleased with her. This is her second year.",
    "rating": 5,
    "review_date": "2025-07-02 10:23:23 UTC",
    "source": "web",
    "curated": "ok",
    "product_id": "4113892016209",
    "product_handle": "queen-of-sweden",
    "reply": "",
    "reply_date": "",
    "picture_urls": "https://s3.amazonaws.com/me.judge.review-images/david-austin-roses-uk/1751451803__img_5308__original.jpeg, https://s3.amazonaws.com/me.judge.review-images/david-austin-roses-uk/1751451807__img_5336__original.jpeg",
    "ip_address": "86.159.38.67",
    "location": "Southampton, England, United Kingdom",
    "metaobject_handle": "review-9b2f7189-36d1-48c8-a0ae-ef5842a2876e"
  },
  {
    "title": "So beautiful!",
    "body": "My rose arrived today in fantastic packaging. The rose had abundant blooms and is so healthy. Can\u2019t wait to plant it tomorrow. \nMy wife loves the fragrance.",
    "rating": 5,
    "review_date": "2025-07-02 13:58:02 UTC",
    "source": "web",
    "curated": "ok",
    "product_id": "4113892016209",
    "product_handle": "queen-of-sweden",
    "reply": "",
    "reply_date": "",
    "picture_urls": "",
    "ip_address": "90.209.75.234",
    "location": "Chatham, England, United Kingdom",
    "metaobject_handle": "review-496950a2-a826-487c-86f5-af8cf16bc5d8"
  }
]