[
  {
    "title": "",
    "body": "This as become one of my favourite of all David Austin rose\u2019s absolutely stunning!",
    "rating": 5,
    "review_date": "2024-08-01 13:41:39 UTC",
    "source": "shop-app",
    "curated": "ok",
    "product_id": "4114108809297",
    "product_handle": "queen-of-sweden-shrub-rose-potted",
    "reply": "",
    "reply_date": "",
    "picture_urls": "",
    "ip_address": "",
    "location": "",
    "metaobject_handle": "shop-2519111-152177782-5575a9c8-2ad1-4460-9a74-c1ab72e91c75"
  },
  {
    "title": "",
    "body": "Gorgeous healthy roae",
    "rating": 5,
    "review_date": "2023-06-02 12:59:42 UTC",
    "source": "shop-app",
    "curated": "ok",
    "product_id": "4114108809297",
    "product_handle": "queen-of-sweden-shrub-rose-potted",
    "reply": "",
    "reply_date": "",
    "picture_urls": "",
    "ip_address": "",
    "location": "",
    "metaobject_handle": "shop-2519111-13796075-c438799f-33fd-4136-8e9e-50ae188d68de"
  },
  {
    "title": "",
    "body": "Absolutely stunning. Strong and healthy potted rose. Quality is first class. Would highly recommend.",
    "rating": 5,
    "review_date": "2023-07-28 18:19:26 UTC",
    "source": "shop-app",
    "curated": "ok",
    "product_id": "4114108809297",
    "product_handle": "queen-of-sweden-shrub-rose-potted",
    "reply": "",
    "reply_date": "",
    "picture_urls": "",
    "ip_address": "",
    "location": "",
    "metaobject_handle": "shop-2519111-33783205-48b6b49c-6ef2-4050-b8af-2a1eb92b48c5"
  },
  {
    "title": "",
    "body": "Beautiful healthy plant.",
    "rating": 5,
    "review_date": "2023-08-04 10:28:18 UTC",
    "source": "shop-app",
    "curated": "ok",
    "product_id": "4114108809297",
    "product_handle": "queen-of-sweden-shrub-rose-potted",
    "reply": "",
    "reply_date": "",
    "picture_urls": "",
    "ip_address": "",
    "location": "",
    "metaobject_handle": "shop-2519111-34184141-3ef159d2-8094-4a59-840d-516cbc01468a"
  },
  {
    "title": "",
    "body": "One of my all time favourites- This really is a most delightful rose.",
    "rating": 5,
    "review_date": "2023-10-10 20:47:08 UTC",
    "source": "shop-app",
    "curated": "ok",
    "product_id": "4114108809297",
    "product_handle": "queen-of-sweden-shrub-rose-potted",
    "reply": "",
    "reply_date": "",
    "picture_urls": "",
    "ip_address": "",
    "location": "",
    "metaobject_handle": "shop-2519111-39439003-a9dfd79b-8688-4539-a0de-38298283eb73"
  },
  {
    "title": "",
    "body": "Beautiful rose, very healthy, carefully packaged",
    "rating": 5,
    "review_date": "2023-12-05 14:49:30 UTC",
    "source": "shop-app",
    "curated": "ok",
    "product_id": "4114108809297",
    "product_handle": "queen-of-sweden-shrub-rose-potted",
    "reply": "",
    "reply_date": "",
    "picture_urls": "",
    "ip_address": "",
    "location": "",
    "metaobject_handle": "shop-2519111-58543401-24bafe55-93d3-470d-a929-a6d89468489b"
  },
  {
    "title": "",
    "body": "Beautiful let\u2019s hope they bed in well and we can enjoy them. Lovely thank you.",
    "rating": 5,
    "review_date": "2024-02-18 09:22:37 UTC",
    "source": "shop-app",
    "curated": "ok",
    "product_id": "4114108809297",
    "product_handle": "queen-of-sweden-shrub-rose-potted",
    "reply": "",
    "reply_date": "",
    "picture_urls": "",
    "ip_address": "",
    "location": "",
    "metaobject_handle": "shop-2519111-119670633-6ef29f39-574b-4d5d-8f71-cafa268bee62"
  },
  {
    "title": "",
    "body": "As always, really well packaged, super quick delivery and beautiful roses. Thank you",
    "rating": 5,
    "review_date": "2024-01-05 16:19:46 UTC",
    "source": "shop-app",
    "curated": "ok",
    "product_id": "4114118803537",
    "product_handle": "queen-of-sweden-shrub-rose-bare-root",
    "reply": "",
    "reply_date": "",
    "picture_urls": "",
    "ip_address": "",
    "location": "",
    "metaobject_handle": "shop-2519111-109801276-019f0c3d-d562-418a-923d-afc0cbb0bd1b"
  }
]