[
  {
    "title": "",
    "body": "Rose arrived quickly but with very little sign of any new growth\u2026One month on and starting VERY slowly to revive\u2026Time will tell\u2026",
    "rating": 2,
    "review_date": "2024-04-23 07:53:24 UTC",
    "source": "shop-app",
    "curated": "ok",
    "product_id": "4114109792337",
    "product_handle": "r-glauca-potted",
    "reply": "",
    "reply_date": "",
    "picture_urls": "",
    "ip_address": "",
    "location": "",
    "metaobject_handle": "shop-2519111-135036078-dc093869-e55d-44c6-a202-2e60a08861fd"
  }
]