[
  {
    "title": "",
    "body": "Very poor condition, no growth, after a month, no sign of new growth so replaced with much healthier specimen from a different nursery",
    "rating": 1,
    "review_date": "2024-04-23 07:54:23 UTC",
    "source": "shop-app",
    "curated": "ok",
    "product_id": "6637762740305",
    "product_handle": "r-xanthina-var-spontanea-canary-bird-potted",
    "reply": "",
    "reply_date": "",
    "picture_urls": "",
    "ip_address": "",
    "location": "",
    "metaobject_handle": "shop-2519111-135036139-ebc41d1a-7153-444c-bf20-7a7fc2544d65"
  }
]