[
  {
    "title": "",
    "body": "Once again excellent rose looking really healthy & delivered promptly.",
    "rating": 5,
    "review_date": "2023-06-13 16:01:31 UTC",
    "source": "shop-app",
    "curated": "ok",
    "product_id": "4114108907601",
    "product_handle": "rambling-rosie-potted",
    "reply": "",
    "reply_date": "",
    "picture_urls": "",
    "ip_address": "",
    "location": "",
    "metaobject_handle": "shop-2519111-14090059-316c8ccd-df7c-4010-ba6a-692f53b579ec"
  },
  {
    "title": "",
    "body": "Rambling and flowering already",
    "rating": 5,
    "review_date": "2023-09-01 15:59:11 UTC",
    "source": "shop-app",
    "curated": "ok",
    "product_id": "4114108907601",
    "product_handle": "rambling-rosie-potted",
    "reply": "",
    "reply_date": "",
    "picture_urls": "",
    "ip_address": "",
    "location": "",
    "metaobject_handle": "shop-2519111-35867452-f3e12a32-5ea0-498e-b06d-622b115fb289"
  },
  {
    "title": "",
    "body": "Great thanks \ud83d\udc4d",
    "rating": 5,
    "review_date": "2023-12-18 06:23:46 UTC",
    "source": "shop-app",
    "curated": "ok",
    "product_id": "4114108907601",
    "product_handle": "rambling-rosie-potted",
    "reply": "",
    "reply_date": "",
    "picture_urls": "",
    "ip_address": "",
    "location": "",
    "metaobject_handle": "shop-2519111-75247476-bac27a00-aeed-41dc-8377-fef332b1fb1b"
  },
  {
    "title": "",
    "body": "Not growing",
    "rating": 2,
    "review_date": "2024-07-30 11:35:38 UTC",
    "source": "shop-app",
    "curated": "ok",
    "product_id": "4114118967377",
    "product_handle": "rambling-rosie-bare-root",
    "reply": "",
    "reply_date": "",
    "picture_urls": "",
    "ip_address": "",
    "location": "",
    "metaobject_handle": "shop-2519111-151839299-acb30b19-7cf5-4743-9dca-803b63e5ed49"
  },
  {
    "title": "Superb specimen",
    "body": "Absolutely stunning plant! Arrived covered in blooms, lots of buds & fresh growth too, and and in tip top condition. Very well packed to keep it this way, as no damage in transit despite being at the mercy of couriers. This was purchased as a gift so couldn't be more delighted, and can't wait to present it to the recipient.",
    "rating": 5,
    "review_date": "2025-06-26 19:07:47 UTC",
    "source": "web",
    "curated": "ok",
    "product_id": "4113892802641",
    "product_handle": "rambling-rosie",
    "reply": "",
    "reply_date": "",
    "picture_urls": "",
    "ip_address": "88.97.32.141",
    "location": "Halstead, England, United Kingdom",
    "metaobject_handle": "review-2ff9f8ac-bcd2-4a41-9e2a-d6f486eb66ce"
  }
]