[
  {
    "title": "",
    "body": "Love these roses have now bought 5 bare root roses & looking forward to seeing g how well they grow.",
    "rating": 5,
    "review_date": "2025-03-05 13:24:53 UTC",
    "source": "shop-app",
    "curated": "ok",
    "product_id": "4113899683921",
    "product_handle": "reine-victoria",
    "reply": "",
    "reply_date": "",
    "picture_urls": "",
    "ip_address": "",
    "location": "",
    "metaobject_handle": "shop-2519111-190420360-af68b999-d1db-4f15-9ccd-f0ebea31fc62"
  }
]