[
  {
    "title": "",
    "body": "Roses arrived in great condition are all planted and growing \ud83d\udc4d",
    "rating": 5,
    "review_date": "2024-04-12 20:54:01 UTC",
    "source": "shop-app",
    "curated": "ok",
    "product_id": "4711702462545",
    "product_handle": "roald-dahl-hedging-bundle-10-roses-bare-root",
    "reply": "",
    "reply_date": "",
    "picture_urls": "",
    "ip_address": "",
    "location": "",
    "metaobject_handle": "shop-2519111-133254804-a5536fb5-18a7-4ee2-af46-29c6430687d8"
  }
]