[
  {
    "title": "",
    "body": "Very disappointed to receive this very dry with leaves all curled up and with black spot. I now have to strip a load of the leaves",
    "rating": 2,
    "review_date": "2025-06-08 22:11:17 UTC",
    "source": "shop-app",
    "curated": "ok",
    "product_id": "4113997103185",
    "product_handle": "roald-dahl-standard-rose",
    "reply": "",
    "reply_date": "",
    "picture_urls": "",
    "ip_address": "",
    "location": "",
    "metaobject_handle": "shop-2519111-215389339-8f88251c-417b-468b-8298-9f31f5a36775"
  },
  {
    "title": "",
    "body": "Beautiful potted rose as always excellent quality.",
    "rating": 5,
    "review_date": "2025-06-17 20:21:29 UTC",
    "source": "shop-app",
    "curated": "ok",
    "product_id": "4113997103185",
    "product_handle": "roald-dahl-standard-rose",
    "reply": "",
    "reply_date": "",
    "picture_urls": "",
    "ip_address": "",
    "location": "",
    "metaobject_handle": "shop-2519111-217471102-da4ac8df-9f88-4d24-8b46-7c8e7f69c780"
  },
  {
    "title": "disappointed with standard rose",
    "body": "I was also disappointed with my two standard roses. Both arrived top heavy on spindly stems that cannot ever hope to support their weight. The response from David Austin is that I have to return at my own expense.",
    "rating": 1,
    "review_date": "2025-06-13 11:53:34 UTC",
    "source": "web",
    "curated": "ok",
    "product_id": "4113997103185",
    "product_handle": "roald-dahl-standard-rose",
    "reply": "",
    "reply_date": "",
    "picture_urls": "",
    "ip_address": "5.80.154.222",
    "location": "Skipton, England, United Kingdom",
    "metaobject_handle": "review-b8e2de64-0815-4559-9925-f985a454fc74"
  }
]