[
  {
    "title": "Love David Austin Roses",
    "body": "I have 2 Roald Dahl roses. I love the colour and the scent. Vigorous and healthy in the sunshine",
    "rating": 5,
    "review_date": "2025-02-05 00:00:00 UTC",
    "source": "judge-me",
    "curated": "ok",
    "product_id": "4113915183185",
    "product_handle": "roald-dahl",
    "reply": "",
    "reply_date": "",
    "picture_urls": "https://s3-us-west-1.amazonaws.com/user-files-1/servar/198908/35ed01a7-fa1d-443a-98f5-653fe28e0653/da12cbe9-b97e-4d5a-a33e-5ffc113a5716/2025-02-05T20%253A49%253A19.240433%252B00%253A00/IMG_0873.jpeg, https://s3-us-west-1.amazonaws.com/user-files-1/servar/198908/35ed01a7-fa1d-443a-98f5-653fe28e0653/da12cbe9-b97e-4d5a-a33e-5ffc113a5716/2025-02-05T20%253A49%253A19.240232%252B00%253A00/IMG_0901.jpeg, https://s3-us-west-1.amazonaws.com/user-files-1/servar/198908/35ed01a7-fa1d-443a-98f5-653fe28e0653/da12cbe9-b97e-4d5a-a33e-5ffc113a5716/2025-02-05T20%253A49%253A19.240339%252B00%253A00/IMG_0902.jpeg",
    "ip_address": "",
    "location": "",
    "metaobject_handle": "review-993a91cd-b439-423a-b4f0-478f85a1768f"
  },
  {
    "title": "",
    "body": "Just love David Austin roses \u2764\ufe0f. Superb quality and lots of choice. I have four now and will buy more. Their customer service is also amazing so 5* all the way.",
    "rating": 5,
    "review_date": "2024-11-14 12:38:26 UTC",
    "source": "shop-app",
    "curated": "ok",
    "product_id": "4113915183185",
    "product_handle": "roald-dahl",
    "reply": "",
    "reply_date": "",
    "picture_urls": "",
    "ip_address": "",
    "location": "",
    "metaobject_handle": "shop-2519111-167092833-b5d1e3e4-6706-458d-9931-5fbe010883f5"
  },
  {
    "title": "",
    "body": "as bare root it gives time to sort area for planting.",
    "rating": 5,
    "review_date": "2025-03-05 13:27:27 UTC",
    "source": "shop-app",
    "curated": "ok",
    "product_id": "4113915183185",
    "product_handle": "roald-dahl",
    "reply": "",
    "reply_date": "",
    "picture_urls": "",
    "ip_address": "",
    "location": "",
    "metaobject_handle": "shop-2519111-190420732-a308a3ff-8d62-493c-94d9-d50449631505"
  },
  {
    "title": "",
    "body": "So far so good but it has only been in the the pot for a couple of weeks. To early to judge.",
    "rating": 3,
    "review_date": "2025-04-02 12:48:39 UTC",
    "source": "shop-app",
    "curated": "ok",
    "product_id": "4113915183185",
    "product_handle": "roald-dahl",
    "reply": "",
    "reply_date": "",
    "picture_urls": "",
    "ip_address": "",
    "location": "",
    "metaobject_handle": "shop-2519111-200989223-bcc5f59f-d2b3-4d34-9b49-28beddb32146"
  },
  {
    "title": "Beautiful",
    "body": "I love your roses , I have 15 at the last count and getting a new one for my birthday Claire Austin but this Roald Dahl rose has a really lovely scent",
    "rating": 5,
    "review_date": "2025-02-05 00:00:00 UTC",
    "source": "judge-me",
    "curated": "ok",
    "product_id": "4113915183185",
    "product_handle": "roald-dahl",
    "reply": "",
    "reply_date": "",
    "picture_urls": "https://s3-us-west-1.amazonaws.com/user-files-1/servar/198908/ded2554d-9223-4ecf-8043-7a02ab9564ed/da12cbe9-b97e-4d5a-a33e-5ffc113a5716/2025-02-05T16%253A04%253A19.082582%252B00%253A00/20220607_170558.jpg",
    "ip_address": "",
    "location": "",
    "metaobject_handle": "review-df9b7bd3-6a61-424a-8949-1916f25abec9"
  },
  {
    "title": "",
    "body": "Always such beautiful quality roses!",
    "rating": 5,
    "review_date": "2025-04-03 09:42:31 UTC",
    "source": "shop-app",
    "curated": "ok",
    "product_id": "4113915183185",
    "product_handle": "roald-dahl",
    "reply": "",
    "reply_date": "",
    "picture_urls": "",
    "ip_address": "",
    "location": "",
    "metaobject_handle": "shop-2519111-201378156-9aaa65a7-d4c9-46f8-9f4f-6d69d30c9904"
  },
  {
    "title": "",
    "body": "Great product",
    "rating": 5,
    "review_date": "2025-04-07 09:21:51 UTC",
    "source": "shop-app",
    "curated": "ok",
    "product_id": "4113915183185",
    "product_handle": "roald-dahl",
    "reply": "",
    "reply_date": "",
    "picture_urls": "",
    "ip_address": "",
    "location": "",
    "metaobject_handle": "shop-2519111-202486118-36047324-f892-46a3-af23-c5176a36253b"
  },
  {
    "title": "Roald dahl",
    "body": "First rose ever bought, wanted one that didn\u2019t get too big. This has slightly arched stems and loads of flowers and has been very healthy.",
    "rating": 5,
    "review_date": "2025-04-10 16:22:09 UTC",
    "source": "web",
    "curated": "ok",
    "product_id": "4113915183185",
    "product_handle": "roald-dahl",
    "reply": "",
    "reply_date": "",
    "picture_urls": "",
    "ip_address": "92.23.65.54",
    "location": "Bristol, England, United Kingdom",
    "metaobject_handle": "review-75c08c2a-e200-4639-9322-f8529204a97e"
  },
  {
    "title": "Roald Dahl",
    "body": "This was my very first purchase and the one that started me getting into DA roses. Flowered nonstop until Autumn, really healthy with full sun, very low maintenance, and really gorgeous flowers that transition from apricot to beige.",
    "rating": 5,
    "review_date": "2025-04-11 19:18:08 UTC",
    "source": "web",
    "curated": "ok",
    "product_id": "4113915183185",
    "product_handle": "roald-dahl",
    "reply": "",
    "reply_date": "",
    "picture_urls": "",
    "ip_address": "81.77.48.191",
    "location": "Leeds, England, United Kingdom",
    "metaobject_handle": "review-aef9fd51-7106-426c-8909-9643667bafc0"
  },
  {
    "title": "",
    "body": "Part of my first David Austin purchase. It has grown so much since I bought it a few weeks ago. Can not wait until it blooms. Glad I bought it potted.",
    "rating": 5,
    "review_date": "2025-04-20 14:37:49 UTC",
    "source": "shop-app",
    "curated": "ok",
    "product_id": "4113915183185",
    "product_handle": "roald-dahl",
    "reply": "",
    "reply_date": "",
    "picture_urls": "",
    "ip_address": "",
    "location": "",
    "metaobject_handle": "shop-2519111-205160918-583aef04-fa7c-47c1-be95-542dc094510f"
  },
  {
    "title": "",
    "body": "Excellent quality. I'm looking forward to fragrant blooms.",
    "rating": 5,
    "review_date": "2025-04-23 17:59:30 UTC",
    "source": "shop-app",
    "curated": "ok",
    "product_id": "4113915183185",
    "product_handle": "roald-dahl",
    "reply": "",
    "reply_date": "",
    "picture_urls": "",
    "ip_address": "",
    "location": "",
    "metaobject_handle": "shop-2519111-205778840-47bee3c8-9e1f-455a-ad6a-6a40180c7b3a"
  },
  {
    "title": "Roald Dahl rose bush",
    "body": "Lovely looking rose, beautiful colour, great tribute to such a much loved author as Roald Dahl. Am currently awaiting a trip to the local garden centre to pick up a Charles Darwin in tribute to my dad, he was Charles, Charlie for short",
    "rating": 5,
    "review_date": "2025-05-18 19:38:57 UTC",
    "source": "web",
    "curated": "ok",
    "product_id": "4113915183185",
    "product_handle": "roald-dahl",
    "reply": "",
    "reply_date": "",
    "picture_urls": "",
    "ip_address": "82.132.237.111",
    "location": "Ossett, England, United Kingdom",
    "metaobject_handle": "review-2c3e1ad8-d0d6-4b15-8582-e5e6ddae4694"
  },
  {
    "title": "Beautiful Roald Dahl hedge",
    "body": "I saw this a few years ago when it was first exhibited at Chelsea and fell in love. \nI have 3 in a container in the garden and couldn\u2019t resist making space in the front garden for more.  It\u2019s the first sight I see as I open the front door.\nEveryone who visits comments on how beautiful they are. I planted 4 as a sort of hedge.\nThey get stronger with bigger blooms every year. Just the prettiest peach colour and completely disease free.",
    "rating": 5,
    "review_date": "2025-05-22 19:38:15 UTC",
    "source": "web",
    "curated": "ok",
    "product_id": "4113915183185",
    "product_handle": "roald-dahl",
    "reply": "",
    "reply_date": "",
    "picture_urls": "https://s3.amazonaws.com/me.judge.review-images/david-austin-roses-uk/1747942696__img_0160__original.jpeg",
    "ip_address": "92.28.90.122",
    "location": "Chingford, England, United Kingdom",
    "metaobject_handle": "review-c9e9f240-5329-4cf8-90d7-77f75346fb4e"
  },
  {
    "title": "",
    "body": "One rose bush. These pictures don't do it justice",
    "rating": 5,
    "review_date": "2025-05-24 18:21:28 UTC",
    "source": "web",
    "curated": "ok",
    "product_id": "4113915183185",
    "product_handle": "roald-dahl",
    "reply": "",
    "reply_date": "",
    "picture_urls": "https://s3.amazonaws.com/me.judge.review-images/david-austin-roses-uk/1748110888__1000000664__original.jpg",
    "ip_address": "90.208.110.6",
    "location": "Whitstable, England, United Kingdom",
    "metaobject_handle": "review-79bd7765-d588-40ee-8f47-2e5eba596e45"
  },
  {
    "title": "",
    "body": "Beautiful . This is one rose bush. I use to fill my vases and it produces so many flowers. This is the first flush. It is leaning at the moment because it has rained. Love this planet. Thank u . This was my first rose bush and it was a present from my babies in 2020 . Got 35 +now lol",
    "rating": 5,
    "review_date": "2025-05-24 18:30:22 UTC",
    "source": "web",
    "curated": "ok",
    "product_id": "4113915183185",
    "product_handle": "roald-dahl",
    "reply": "",
    "reply_date": "",
    "picture_urls": "https://s3.amazonaws.com/me.judge.review-images/david-austin-roses-uk/1748111422__1000000661__original.jpg, https://s3.amazonaws.com/me.judge.review-images/david-austin-roses-uk/1748111425__1000000664__original.jpg, https://s3.amazonaws.com/me.judge.review-images/david-austin-roses-uk/1748111429__1000000655__original.jpg",
    "ip_address": "90.208.110.6",
    "location": "Whitstable, England, United Kingdom",
    "metaobject_handle": "review-2493fe56-a313-4274-9e01-c8c3dfcaf461"
  },
  {
    "title": "91st Birthday Gift",
    "body": "What a beautiful rose this is. I am now 94 and it\u2019s grown into something so beautiful.",
    "rating": 5,
    "review_date": "2025-05-26 14:03:06 UTC",
    "source": "web",
    "curated": "ok",
    "product_id": "4113915183185",
    "product_handle": "roald-dahl",
    "reply": "",
    "reply_date": "",
    "picture_urls": "https://s3.amazonaws.com/me.judge.review-images/david-austin-roses-uk/1748268187__img_0541__original.jpeg, https://s3.amazonaws.com/me.judge.review-images/david-austin-roses-uk/1748268190__img_1002__original.jpeg, https://s3.amazonaws.com/me.judge.review-images/david-austin-roses-uk/1748268195__image__original.jpg",
    "ip_address": "146.90.226.220",
    "location": "Cheltenham, England, United Kingdom",
    "metaobject_handle": "review-ecc9ceaf-9868-4614-b630-e0ded7d3aaef"
  },
  {
    "title": "Stunning",
    "body": "My favourite David Austin Rose so far. The change in colour of the blooms from\ndeep peach to pale yellow is beautiful. Bought last year it has grown quickly, almost more like a climber than bushy so I will prune back harder this year.",
    "rating": 5,
    "review_date": "2025-05-28 17:46:03 UTC",
    "source": "web",
    "curated": "ok",
    "product_id": "4113915183185",
    "product_handle": "roald-dahl",
    "reply": "",
    "reply_date": "",
    "picture_urls": "https://s3.amazonaws.com/me.judge.review-images/david-austin-roses-uk/1748454364__img_7775__original.jpeg",
    "ip_address": "86.11.100.176",
    "location": "Wolverhampton, England, United Kingdom",
    "metaobject_handle": "review-2e26f1e5-dd99-4e48-b512-5fcb76efd51b"
  },
  {
    "title": "Stunning Rose",
    "body": "This rose came in perfect condition and beautifully packaged. Extremely happy with this and has so many buds waiting to flower, The flowers change as they mature from apricot to a soft peach",
    "rating": 5,
    "review_date": "2025-06-17 18:06:37 UTC",
    "source": "web",
    "curated": "ok",
    "product_id": "4113915183185",
    "product_handle": "roald-dahl",
    "reply": "",
    "reply_date": "",
    "picture_urls": "https://s3.amazonaws.com/me.judge.review-images/david-austin-roses-uk/1750183604__img_4562__original.jpeg, https://s3.amazonaws.com/me.judge.review-images/david-austin-roses-uk/1750183597__img_4580__original.jpeg, https://s3.amazonaws.com/me.judge.review-images/david-austin-roses-uk/1750183600__img_4568__original.jpeg",
    "ip_address": "94.193.243.204",
    "location": "Rochdale, England, United Kingdom",
    "metaobject_handle": "review-50cda954-586b-40a3-884b-8da36161275f"
  },
  {
    "title": "Hmmm",
    "body": "Trying to keep this one going. It's into its fourth year now and has had loads of manure and feeding but seems to be struggling, or maybe just generally lacking in vigour.  A shame as I have planted in a group of three  with some lavender, which has overtaken it now. . I have had a few blooms, but nothing much ever compared to my other lovely David Austin roses.",
    "rating": 2,
    "review_date": "2025-06-25 15:47:32 UTC",
    "source": "web",
    "curated": "ok",
    "product_id": "4113915183185",
    "product_handle": "roald-dahl",
    "reply": "",
    "reply_date": "",
    "picture_urls": "",
    "ip_address": "31.48.90.175",
    "location": "Elgin, Scotland, United Kingdom",
    "metaobject_handle": "review-893210ba-5a49-4d2b-9598-df05e68b8668"
  },
  {
    "title": "",
    "body": "Beautiful rose,brightens up the garden",
    "rating": 5,
    "review_date": "2025-06-28 13:45:54 UTC",
    "source": "shop-app",
    "curated": "ok",
    "product_id": "4113915183185",
    "product_handle": "roald-dahl",
    "reply": "",
    "reply_date": "",
    "picture_urls": "",
    "ip_address": "",
    "location": "",
    "metaobject_handle": "shop-2519111-219752535-fa1f0b11-4bc0-4ffd-a720-ce2cf47ddc7c"
  }
]