[
  {
    "title": "",
    "body": "Arrived on time and is already starting to shoot. Looking forward to see the flowers.\nImpressed as always!",
    "rating": 5,
    "review_date": "2023-05-09 14:58:16 UTC",
    "source": "shop-app",
    "curated": "ok",
    "product_id": "4114124537937",
    "product_handle": "roald-dahl-shrub-rose-bare-root",
    "reply": "",
    "reply_date": "",
    "picture_urls": "",
    "ip_address": "",
    "location": "",
    "metaobject_handle": "shop-2519111-13140872-39a14ddc-0af4-4a14-aed0-8a8fca02e563"
  },
  {
    "title": "",
    "body": "Planted in my new terracotta container, we shall next year how it flowers. I\u2019m looking forward to seeing Ronald Bloom \n\ud83e\udd40\ud83c\udf39",
    "rating": 5,
    "review_date": "2023-11-08 12:11:53 UTC",
    "source": "shop-app",
    "curated": "ok",
    "product_id": "4114124537937",
    "product_handle": "roald-dahl-shrub-rose-bare-root",
    "reply": "",
    "reply_date": "",
    "picture_urls": "",
    "ip_address": "",
    "location": "",
    "metaobject_handle": "shop-2519111-47918943-0554f7f1-7180-4ebc-820f-bc67b3f2cb0d"
  },
  {
    "title": "",
    "body": "Is yet to grow and flower as just a bare root at the moment but never disappointed in your roses",
    "rating": 5,
    "review_date": "2023-11-09 15:46:24 UTC",
    "source": "shop-app",
    "curated": "ok",
    "product_id": "4114124537937",
    "product_handle": "roald-dahl-shrub-rose-bare-root",
    "reply": "",
    "reply_date": "",
    "picture_urls": "",
    "ip_address": "",
    "location": "",
    "metaobject_handle": "shop-2519111-48792090-ed66effc-211c-4cf5-8156-dafd8196dc57"
  },
  {
    "title": "",
    "body": "Such a lovely, healthy plant delivered in good time. There are lots of buds which are blooming into exquisite coloured roses. Would definitely recommend this plant!",
    "rating": 5,
    "review_date": "2023-06-30 10:58:28 UTC",
    "source": "shop-app",
    "curated": "ok",
    "product_id": "4114110021713",
    "product_handle": "roald-dahl-shrub-rose-potted",
    "reply": "",
    "reply_date": "",
    "picture_urls": "",
    "ip_address": "",
    "location": "",
    "metaobject_handle": "shop-2519111-14566192-695d0afb-dde3-48bc-a6d7-2ab1c756846b"
  },
  {
    "title": "",
    "body": "Delivery so good and planted it straight away and it\u2019s growing beautifully. Will definitely bury from there again!",
    "rating": 5,
    "review_date": "2023-07-17 09:35:23 UTC",
    "source": "shop-app",
    "curated": "ok",
    "product_id": "4114110021713",
    "product_handle": "roald-dahl-shrub-rose-potted",
    "reply": "",
    "reply_date": "",
    "picture_urls": "",
    "ip_address": "",
    "location": "",
    "metaobject_handle": "shop-2519111-33057471-bc2861cf-c088-4080-a0cb-fdf5a274ce79"
  },
  {
    "title": "",
    "body": "Really well packaged\u2026 looked beautiful as a gift.",
    "rating": 5,
    "review_date": "2023-07-21 10:06:09 UTC",
    "source": "shop-app",
    "curated": "ok",
    "product_id": "4114110021713",
    "product_handle": "roald-dahl-shrub-rose-potted",
    "reply": "",
    "reply_date": "",
    "picture_urls": "",
    "ip_address": "",
    "location": "",
    "metaobject_handle": "shop-2519111-33371740-202aa8ac-c459-4b74-a7d0-ac3077f2d7ac"
  },
  {
    "title": "",
    "body": "Love this rose. The shape and colour are stunning. Highly recommend David Austin Roses",
    "rating": 5,
    "review_date": "2023-07-21 18:24:02 UTC",
    "source": "shop-app",
    "curated": "ok",
    "product_id": "4114110021713",
    "product_handle": "roald-dahl-shrub-rose-potted",
    "reply": "",
    "reply_date": "",
    "picture_urls": "",
    "ip_address": "",
    "location": "",
    "metaobject_handle": "shop-2519111-33391814-459727fb-7c9d-4492-8955-6dac3757c878"
  },
  {
    "title": "",
    "body": "Beautiful!",
    "rating": 5,
    "review_date": "2023-07-25 09:57:08 UTC",
    "source": "shop-app",
    "curated": "ok",
    "product_id": "4114110021713",
    "product_handle": "roald-dahl-shrub-rose-potted",
    "reply": "",
    "reply_date": "",
    "picture_urls": "",
    "ip_address": "",
    "location": "",
    "metaobject_handle": "shop-2519111-33566043-1aeffce2-fa1f-48fc-a1a9-4ff6ed4d4a65"
  },
  {
    "title": "",
    "body": "Beautiful rose!! Healthy and good quality. Packed really well and delivered with no problems. Definitely recommend, every garden needs a David Austin rose. I have five!! \u263a\ufe0f",
    "rating": 5,
    "review_date": "2023-07-25 11:18:34 UTC",
    "source": "shop-app",
    "curated": "ok",
    "product_id": "4114110021713",
    "product_handle": "roald-dahl-shrub-rose-potted",
    "reply": "",
    "reply_date": "",
    "picture_urls": "",
    "ip_address": "",
    "location": "",
    "metaobject_handle": "shop-2519111-33569859-125bb575-6576-4dac-a044-eb943739fd42"
  },
  {
    "title": "",
    "body": "Very happy arrived in brilliant condition every rose lover must have a David Austin rose",
    "rating": 5,
    "review_date": "2023-07-26 10:50:37 UTC",
    "source": "shop-app",
    "curated": "ok",
    "product_id": "4114110021713",
    "product_handle": "roald-dahl-shrub-rose-potted",
    "reply": "",
    "reply_date": "",
    "picture_urls": "",
    "ip_address": "",
    "location": "",
    "metaobject_handle": "shop-2519111-33638160-77755e96-4a6e-4cb7-94d3-97b1fb37e560"
  },
  {
    "title": "",
    "body": "Perfect present. Packaged brilliantly. Easy to follow instructions. Lovely, thank you.",
    "rating": 5,
    "review_date": "2023-08-03 20:51:54 UTC",
    "source": "shop-app",
    "curated": "ok",
    "product_id": "4114110021713",
    "product_handle": "roald-dahl-shrub-rose-potted",
    "reply": "",
    "reply_date": "",
    "picture_urls": "",
    "ip_address": "",
    "location": "",
    "metaobject_handle": "shop-2519111-34135790-0a3c7309-fcdb-4fb5-98a1-32aeb6d0c6f1"
  },
  {
    "title": "",
    "body": "Beautiful roses in wonderful packaging",
    "rating": 5,
    "review_date": "2023-08-27 18:39:30 UTC",
    "source": "shop-app",
    "curated": "ok",
    "product_id": "4114110021713",
    "product_handle": "roald-dahl-shrub-rose-potted",
    "reply": "",
    "reply_date": "",
    "picture_urls": "",
    "ip_address": "",
    "location": "",
    "metaobject_handle": "shop-2519111-35505337-11b9f63c-ae0f-4a20-af86-b683f45727f6"
  },
  {
    "title": "",
    "body": "Lovely colours and supplied in an appropriate pot  !!",
    "rating": 4,
    "review_date": "2023-11-25 17:04:41 UTC",
    "source": "shop-app",
    "curated": "ok",
    "product_id": "4114110021713",
    "product_handle": "roald-dahl-shrub-rose-potted",
    "reply": "",
    "reply_date": "",
    "picture_urls": "",
    "ip_address": "",
    "location": "",
    "metaobject_handle": "shop-2519111-54258458-47039804-17d1-46ad-a7f2-582228e2694e"
  },
  {
    "title": "",
    "body": "Beautiful healthy plant with lots of buds received",
    "rating": 5,
    "review_date": "2024-06-18 14:13:59 UTC",
    "source": "shop-app",
    "curated": "ok",
    "product_id": "4114110021713",
    "product_handle": "roald-dahl-shrub-rose-potted",
    "reply": "",
    "reply_date": "",
    "picture_urls": "",
    "ip_address": "",
    "location": "",
    "metaobject_handle": "shop-2519111-145060338-1ff91ef7-7d84-4e02-8c55-d56248a5a614"
  },
  {
    "title": "",
    "body": "Beautiful plant, lovely mind smell but beautiful to look at",
    "rating": 5,
    "review_date": "2024-10-03 11:08:58 UTC",
    "source": "shop-app",
    "curated": "ok",
    "product_id": "4114110021713",
    "product_handle": "roald-dahl-shrub-rose-potted",
    "reply": "",
    "reply_date": "",
    "picture_urls": "",
    "ip_address": "",
    "location": "",
    "metaobject_handle": "shop-2519111-161024277-1a97aabf-f037-41a4-befb-327e3d8d2027"
  }
]