[
  {
    "title": "A beautiful rose mid old world cham",
    "body": "I adore this rose, a very old roseand has so much history attached.  First came across in relation to the Poem Roman de la Rose.  It\u2019s romantic and has stood the test of time from at least 16th century,, most likely a lot older. timeless and truly historic, purportedly named for Rosalind Clifford, the Fair Rosalind\u2019 long term mistress of Henry 11",
    "rating": 5,
    "review_date": "2025-07-03 19:19:36 UTC",
    "source": "web",
    "curated": "ok",
    "product_id": "4113918689361",
    "product_handle": "rosa-mundi",
    "reply": "",
    "reply_date": "",
    "picture_urls": "",
    "ip_address": "146.200.144.230",
    "location": "Birmingham, England, United Kingdom",
    "metaobject_handle": "review-ff0923aa-16bb-4c8c-b369-d68ca91c42e2"
  }
]