[
  {
    "title": "",
    "body": "Excellent",
    "rating": 5,
    "review_date": "2023-02-11 09:48:43 UTC",
    "source": "shop-app",
    "curated": "ok",
    "product_id": "4208098213969",
    "product_handle": "rose-gauntlets-ladies",
    "reply": "",
    "reply_date": "",
    "picture_urls": "",
    "ip_address": "",
    "location": "",
    "metaobject_handle": "shop-2519111-3854403-411c4f88-42d3-492d-a9d8-bc3901207e3a"
  },
  {
    "title": "",
    "body": "I was really tired of being covered by rose scratches. These rose gauntlets have sorted the problem completely. Why didn\u2019t I ever buy these before? Treated myself for Mother\u2019s Day - a perfect gift.",
    "rating": 5,
    "review_date": "2023-04-04 19:34:41 UTC",
    "source": "shop-app",
    "curated": "ok",
    "product_id": "4208098213969",
    "product_handle": "rose-gauntlets-ladies",
    "reply": "",
    "reply_date": "",
    "picture_urls": "",
    "ip_address": "",
    "location": "",
    "metaobject_handle": "shop-2519111-12133916-f25635c7-81cf-4f01-9b3e-4c5137785d54"
  },
  {
    "title": "",
    "body": "Fabulous gloves. Protective & comfortable.",
    "rating": 5,
    "review_date": "2023-07-18 13:03:10 UTC",
    "source": "shop-app",
    "curated": "ok",
    "product_id": "4208098213969",
    "product_handle": "rose-gauntlets-ladies",
    "reply": "",
    "reply_date": "",
    "picture_urls": "",
    "ip_address": "",
    "location": "",
    "metaobject_handle": "shop-2519111-33168795-7014bf55-9269-4079-86c9-b861f5e10aea"
  },
  {
    "title": "",
    "body": "Absolutely love them. Making jobs with roses etc a doddle",
    "rating": 5,
    "review_date": "2023-11-03 15:52:53 UTC",
    "source": "shop-app",
    "curated": "ok",
    "product_id": "4208098213969",
    "product_handle": "rose-gauntlets-ladies",
    "reply": "",
    "reply_date": "",
    "picture_urls": "",
    "ip_address": "",
    "location": "",
    "metaobject_handle": "shop-2519111-47264197-12cb36e7-a8d3-488d-9c1c-09d29a8c0074"
  }
]