[
  {
    "title": "",
    "body": "I brought these for my mum last Christmas,  they were a great buy, highly recommend",
    "rating": 5,
    "review_date": "2022-12-19 13:43:17 UTC",
    "source": "shop-app",
    "curated": "ok",
    "product_id": "4208099393617",
    "product_handle": "rose-pruning-sleeves",
    "reply": "",
    "reply_date": "",
    "picture_urls": "",
    "ip_address": "",
    "location": "",
    "metaobject_handle": "shop-2519111-2250688-8ce77919-af11-4deb-a281-9b8bd8188d22"
  }
]