[
  {
    "title": "",
    "body": "All good",
    "rating": 5,
    "review_date": "2023-06-01 15:06:35 UTC",
    "source": "shop-app",
    "curated": "ok",
    "product_id": "4114110382161",
    "product_handle": "rose-de-rescht-potted",
    "reply": "",
    "reply_date": "",
    "picture_urls": "",
    "ip_address": "",
    "location": "",
    "metaobject_handle": "shop-2519111-13767799-a3b23dcd-a741-4e75-ac18-3fd3c8a9104f"
  },
  {
    "title": "Pretty, beautifully scented rose",
    "body": "Such a jolly, healthy rose! Shiny green leaves and masses of small blooms with lovely dense \"old rose\" perfume. It has grown strongly over the last two years into a pretty bush.",
    "rating": 5,
    "review_date": "2025-05-25 10:34:07 UTC",
    "source": "web",
    "curated": "ok",
    "product_id": "4113919574097",
    "product_handle": "rose-de-rescht",
    "reply": "",
    "reply_date": "",
    "picture_urls": "https://s3.amazonaws.com/me.judge.review-images/david-austin-roses-uk/1748169247__20250525_103940__original.jpg",
    "ip_address": "86.158.209.18",
    "location": "Harrow, England, United Kingdom",
    "metaobject_handle": "review-0fd1ef4f-1c61-4dbd-a884-d3ceafbbe812"
  }
]