[
  {
    "title": "",
    "body": "Very happy person I\u2019ve alway wanted this",
    "rating": 5,
    "review_date": "2023-05-12 16:12:17 UTC",
    "source": "shop-app",
    "curated": "ok",
    "product_id": "4114110513233",
    "product_handle": "royal-jubilee-shrub-rose-potted",
    "reply": "",
    "reply_date": "",
    "picture_urls": "",
    "ip_address": "",
    "location": "",
    "metaobject_handle": "shop-2519111-13234069-fce55346-4d7b-4077-bb3d-ec25ba1429ac"
  },
  {
    "title": "",
    "body": "Beautiful rose! Fast delivery!",
    "rating": 5,
    "review_date": "2024-07-10 18:07:37 UTC",
    "source": "shop-app",
    "curated": "ok",
    "product_id": "4114110513233",
    "product_handle": "royal-jubilee-shrub-rose-potted",
    "reply": "",
    "reply_date": "",
    "picture_urls": "",
    "ip_address": "",
    "location": "",
    "metaobject_handle": "shop-2519111-148752693-774027b7-a0b6-4ea4-847d-57b73150f729"
  },
  {
    "title": "",
    "body": "beautiful rose",
    "rating": 5,
    "review_date": "2023-08-14 16:36:42 UTC",
    "source": "shop-app",
    "curated": "ok",
    "product_id": "4114110513233",
    "product_handle": "royal-jubilee-shrub-rose-potted",
    "reply": "",
    "reply_date": "",
    "picture_urls": "",
    "ip_address": "",
    "location": "",
    "metaobject_handle": "shop-2519111-34741209-ab65f70e-72a3-4b1d-bad3-9ee8fa71615e"
  },
  {
    "title": "",
    "body": "Wonderful - extremely happy with this wonderful rose",
    "rating": 5,
    "review_date": "2023-05-15 09:52:02 UTC",
    "source": "shop-app",
    "curated": "ok",
    "product_id": "4114125553745",
    "product_handle": "royal-jubilee-shrub-rose-bare-root",
    "reply": "",
    "reply_date": "",
    "picture_urls": "",
    "ip_address": "",
    "location": "",
    "metaobject_handle": "shop-2519111-13296174-19c5e90c-14e2-4a44-a240-d71efccc2dbd"
  },
  {
    "title": "",
    "body": "Lovely rose growing Well and healthy.",
    "rating": 5,
    "review_date": "2023-05-15 09:52:39 UTC",
    "source": "shop-app",
    "curated": "ok",
    "product_id": "4114125553745",
    "product_handle": "royal-jubilee-shrub-rose-bare-root",
    "reply": "",
    "reply_date": "",
    "picture_urls": "",
    "ip_address": "",
    "location": "",
    "metaobject_handle": "shop-2519111-13296177-a903ceae-81fb-417d-9f21-6edc5f153de7"
  },
  {
    "title": "",
    "body": "A Beatiful Rose, grew so quickly and smells just wonderful. Fast delivery and well packaged.",
    "rating": 5,
    "review_date": "2024-01-05 16:22:08 UTC",
    "source": "shop-app",
    "curated": "ok",
    "product_id": "4114125553745",
    "product_handle": "royal-jubilee-shrub-rose-bare-root",
    "reply": "",
    "reply_date": "",
    "picture_urls": "",
    "ip_address": "",
    "location": "",
    "metaobject_handle": "shop-2519111-109801676-ab8fb14d-5082-4a04-aea1-3666256455a4"
  }
]