[
  {
    "title": "Pom Pom Perfection!",
    "body": "I love this rose, it flowers abundantly and the roses have a peony type shape and beautiful dusty pink colour. Highly scented. Quite unusual and beautiful cut in arrangements or enjoyed in the garden!",
    "rating": 5,
    "review_date": "2025-05-31 10:47:21 UTC",
    "source": "web",
    "curated": "ok",
    "product_id": "4113920819281",
    "product_handle": "royal-jubilee",
    "reply": "",
    "reply_date": "",
    "picture_urls": "https://s3.amazonaws.com/me.judge.review-images/david-austin-roses-uk/1748688441__image__original.jpg, https://s3.amazonaws.com/me.judge.review-images/david-austin-roses-uk/1748688444__image__original.jpg, https://s3.amazonaws.com/me.judge.review-images/david-austin-roses-uk/1748688446__image__original.jpg",
    "ip_address": "82.132.230.244",
    "location": "Southwark, England, United Kingdom",
    "metaobject_handle": "review-1d82eded-567d-4b43-a4f6-b3907ee820d5"
  },
  {
    "title": "A fabulous rose with peony like scented flowers.",
    "body": "A fabulous rose with peony like scented flowers. The flower laden branches need to be supported.",
    "rating": 5,
    "review_date": "2025-05-31 18:05:50 UTC",
    "source": "web",
    "curated": "ok",
    "product_id": "4113920819281",
    "product_handle": "royal-jubilee",
    "reply": "",
    "reply_date": "",
    "picture_urls": "https://s3.amazonaws.com/me.judge.review-images/david-austin-roses-uk/1748714753__img_4309__original.jpeg, https://s3.amazonaws.com/me.judge.review-images/david-austin-roses-uk/1748714756__img_4311__original.jpeg, https://s3.amazonaws.com/me.judge.review-images/david-austin-roses-uk/1748714750__img_4310__original.jpeg, https://s3.amazonaws.com/me.judge.review-images/david-austin-roses-uk/1748714760__img_4312__original.jpeg",
    "ip_address": "104.28.86.76",
    "location": "Leeds, England, United Kingdom",
    "metaobject_handle": "review-526414f4-237f-47d4-a19b-1bf13c0cdc11"
  },
  {
    "title": "Perfect name for perfect rose",
    "body": "Beautiful rose",
    "rating": 5,
    "review_date": "2025-05-23 17:39:13 UTC",
    "source": "web",
    "curated": "ok",
    "product_id": "4113920819281",
    "product_handle": "royal-jubilee",
    "reply": "",
    "reply_date": "",
    "picture_urls": "https://s3.amazonaws.com/me.judge.review-images/david-austin-roses-uk/1748021953__img_8057__original.jpeg",
    "ip_address": "151.229.67.92",
    "location": "Milton Keynes, England, United Kingdom",
    "metaobject_handle": "review-b1d30a0f-eeb5-49d5-9d57-b8c36e2ddd59"
  }
]