[
  {
    "title": "",
    "body": "Bought as a gift for my friend. She is delighted. Beautiful colour, lovely fragrance.  \nSaid it was covered in buds with some open blooms, very healthy plant.",
    "rating": 5,
    "review_date": "2023-09-01 15:31:02 UTC",
    "source": "shop-app",
    "curated": "ok",
    "product_id": "4114111135825",
    "product_handle": "scarborough-fair-shrub-rose-potted",
    "reply": "",
    "reply_date": "",
    "picture_urls": "",
    "ip_address": "",
    "location": "",
    "metaobject_handle": "shop-2519111-35865678-e8acb69d-1c3f-4277-9c5c-3c7bdb5647dd"
  },
  {
    "title": "",
    "body": "Growing well",
    "rating": 5,
    "review_date": "2024-03-23 10:36:04 UTC",
    "source": "shop-app",
    "curated": "ok",
    "product_id": "4114111135825",
    "product_handle": "scarborough-fair-shrub-rose-potted",
    "reply": "",
    "reply_date": "",
    "picture_urls": "",
    "ip_address": "",
    "location": "",
    "metaobject_handle": "shop-2519111-129287919-16e10f8c-dd0c-4701-8865-fef30dd9cfc2"
  }
]