[
  {
    "title": "",
    "body": "Good service & good product.",
    "rating": 5,
    "review_date": "2023-09-15 13:34:52 UTC",
    "source": "shop-app",
    "curated": "ok",
    "product_id": "4114111201361",
    "product_handle": "scented-carpet-potted",
    "reply": "",
    "reply_date": "",
    "picture_urls": "",
    "ip_address": "",
    "location": "",
    "metaobject_handle": "shop-2519111-36815988-47f243d3-2d0b-4f9e-8226-88d782dced82"
  },
  {
    "title": "",
    "body": "Gorgeous plant, really glossy leaves and covered in flowers",
    "rating": 5,
    "review_date": "2023-09-18 10:48:33 UTC",
    "source": "shop-app",
    "curated": "ok",
    "product_id": "4114111201361",
    "product_handle": "scented-carpet-potted",
    "reply": "",
    "reply_date": "",
    "picture_urls": "",
    "ip_address": "",
    "location": "",
    "metaobject_handle": "shop-2519111-36987708-48efc2a9-dfae-4f5e-9745-4da6861df0f9"
  }
]