[
  {
    "title": "",
    "body": "Sadly didn\u2019t grow however replacement is wonderful",
    "rating": 2,
    "review_date": "2023-06-11 11:23:57 UTC",
    "source": "shop-app",
    "curated": "ok",
    "product_id": "3239495729233",
    "product_handle": "scepter-d-isle-shrub-rose-bare-root",
    "reply": "",
    "reply_date": "",
    "picture_urls": "",
    "ip_address": "",
    "location": "",
    "metaobject_handle": "shop-2519111-14031314-185646a6-8c7c-4b66-88e9-52bec2812e7c"
  },
  {
    "title": "",
    "body": "Beautiful robust plant",
    "rating": 5,
    "review_date": "2023-06-12 19:36:42 UTC",
    "source": "shop-app",
    "curated": "ok",
    "product_id": "3239495532625",
    "product_handle": "scepter-d-isle-shrub-rose-potted",
    "reply": "",
    "reply_date": "",
    "picture_urls": "",
    "ip_address": "",
    "location": "",
    "metaobject_handle": "shop-2519111-14063340-91297109-a717-4410-9945-393b01ba4543"
  },
  {
    "title": "",
    "body": "Beautiful rose, excellent quality, arrived well-packaged with plenty of buds.",
    "rating": 5,
    "review_date": "2023-08-26 16:17:08 UTC",
    "source": "shop-app",
    "curated": "ok",
    "product_id": "3239495532625",
    "product_handle": "scepter-d-isle-shrub-rose-potted",
    "reply": "",
    "reply_date": "",
    "picture_urls": "",
    "ip_address": "",
    "location": "",
    "metaobject_handle": "shop-2519111-35451114-1101b972-4dfd-4b4a-a0c5-835fff824ba4"
  }
]