[
  {
    "title": "Asha",
    "body": "Beautiful colour and long lasting abundance of bloom and mind blowing fragrance",
    "rating": 5,
    "review_date": "2025-02-14 00:00:00 UTC",
    "source": "judge-me",
    "curated": "ok",
    "product_id": "3239494221905",
    "product_handle": "scepter-d-isle",
    "reply": "",
    "reply_date": "",
    "picture_urls": "",
    "ip_address": "",
    "location": "",
    "metaobject_handle": "review-5cbb4c6a-0f32-4b98-8c7c-879c17cfb55a"
  },
  {
    "title": "",
    "body": "Absolutely delighted with this rose which was purchased for my aunt and uncle following the loss of their much loved granddaughter who adored everything pink. Very well packaged and arrived safely, thank you DA, always beautiful roses.",
    "rating": 5,
    "review_date": "2024-11-27 13:23:17 UTC",
    "source": "shop-app",
    "curated": "ok",
    "product_id": "3239494221905",
    "product_handle": "scepter-d-isle",
    "reply": "",
    "reply_date": "",
    "picture_urls": "",
    "ip_address": "",
    "location": "",
    "metaobject_handle": "shop-2519111-169824224-4bcc0764-c76b-4f7b-98ee-5815b8ee4ee2"
  },
  {
    "title": "",
    "body": "as bare root it gives time to sort area for planting.",
    "rating": 5,
    "review_date": "2025-03-05 13:27:36 UTC",
    "source": "shop-app",
    "curated": "ok",
    "product_id": "3239494221905",
    "product_handle": "scepter-d-isle",
    "reply": "",
    "reply_date": "",
    "picture_urls": "",
    "ip_address": "",
    "location": "",
    "metaobject_handle": "shop-2519111-190420755-5716a32d-f17f-4c21-9e79-c494147c1f2c"
  },
  {
    "title": "Perfect Pink!",
    "body": "Such a beautiful rose, producing abundant blooms in the most gorgeous pink, fabulously healthy plant.",
    "rating": 5,
    "review_date": "2025-04-12 11:13:43 UTC",
    "source": "web",
    "curated": "ok",
    "product_id": "3239494221905",
    "product_handle": "scepter-d-isle",
    "reply": "",
    "reply_date": "",
    "picture_urls": "",
    "ip_address": "90.195.70.121",
    "location": "Guildford, England, United Kingdom",
    "metaobject_handle": "review-856f41ff-0eae-4355-8f7c-dbcc8731d7f7"
  },
  {
    "title": "",
    "body": "Excellent product - came very well packed and with a helpful guide. Definitely buy again",
    "rating": 5,
    "review_date": "2025-04-26 13:11:38 UTC",
    "source": "shop-app",
    "curated": "ok",
    "product_id": "3239494221905",
    "product_handle": "scepter-d-isle",
    "reply": "",
    "reply_date": "",
    "picture_urls": "",
    "ip_address": "",
    "location": "",
    "metaobject_handle": "shop-2519111-206319023-fff5a2b3-e6e7-47ea-915e-67eaabd3208e"
  },
  {
    "title": "",
    "body": "Beautiful bushy potted plant - purchased in April. It has buds on already!",
    "rating": 5,
    "review_date": "2025-04-26 19:05:06 UTC",
    "source": "shop-app",
    "curated": "ok",
    "product_id": "3239494221905",
    "product_handle": "scepter-d-isle",
    "reply": "",
    "reply_date": "",
    "picture_urls": "",
    "ip_address": "",
    "location": "",
    "metaobject_handle": "shop-2519111-206366952-9b44bc1e-0215-4192-8dc4-a6deae6e6bfd"
  },
  {
    "title": "",
    "body": "Wonderful. Its started to bud so can't wait to see it in bloom!",
    "rating": 5,
    "review_date": "2025-05-08 14:43:06 UTC",
    "source": "shop-app",
    "curated": "ok",
    "product_id": "3239494221905",
    "product_handle": "scepter-d-isle",
    "reply": "",
    "reply_date": "",
    "picture_urls": "",
    "ip_address": "",
    "location": "",
    "metaobject_handle": "shop-2519111-208482590-e6a87b28-d011-42df-952f-9a4d77991986"
  },
  {
    "title": "",
    "body": "Easy instructions for planting. Looked healthy. Looking foward to it flowering.",
    "rating": 5,
    "review_date": "2025-05-08 22:04:32 UTC",
    "source": "shop-app",
    "curated": "ok",
    "product_id": "3239494221905",
    "product_handle": "scepter-d-isle",
    "reply": "",
    "reply_date": "",
    "picture_urls": "",
    "ip_address": "",
    "location": "",
    "metaobject_handle": "shop-2519111-208566826-cef556a5-7a67-4122-b218-c38deaff75a8"
  },
  {
    "title": "",
    "body": "Packaged beautifully and delivered with care and very lovely roses",
    "rating": 5,
    "review_date": "2025-05-20 16:49:38 UTC",
    "source": "shop-app",
    "curated": "ok",
    "product_id": "3239494221905",
    "product_handle": "scepter-d-isle",
    "reply": "",
    "reply_date": "",
    "picture_urls": "",
    "ip_address": "",
    "location": "",
    "metaobject_handle": "shop-2519111-211114320-c75141dc-f23d-47f7-ac50-3558d9000c70"
  },
  {
    "title": "Absolutely beautiful,  v well packed",
    "body": "Sometimes I am tempted to order a rose from another supplier.  But then,  when I get my delivery, I remember why I order from D.A each time.  This is my 6th investment from D.A. \nThe packaging is all recyclable/ compostable. So well  packaged. Peat free. Hardly any compost spill. \nMy rose looks amazing out of the box.  Already covered in buds. Instant impact.  I cannot wait to see this grow.  I know it will get better each year!",
    "rating": 5,
    "review_date": "2025-04-28 08:03:59 UTC",
    "source": "web",
    "curated": "ok",
    "product_id": "3239494221905",
    "product_handle": "scepter-d-isle",
    "reply": "",
    "reply_date": "",
    "picture_urls": "https://s3.amazonaws.com/me.judge.review-images/david-austin-roses-uk/1745827440__20250426_161210__original.jpg, https://s3.amazonaws.com/me.judge.review-images/david-austin-roses-uk/1745827442__20250426_160655__original.jpg",
    "ip_address": "185.237.62.33",
    "location": "Newham, England, United Kingdom",
    "metaobject_handle": "review-d92b8135-4ffb-4bd2-9178-f15597f06b00"
  },
  {
    "title": "Huge",
    "body": "One of my first DA roses. She grows to about 8 ft each year no matter how hard I prune her and is sometimes so covered in flowers that her foliage is almost invisible. Scent is glorious. Gets quite a bit of blackspot these days, so I have removed a sickly neighbour which may help.",
    "rating": 4,
    "review_date": "2025-04-29 14:31:47 UTC",
    "source": "web",
    "curated": "ok",
    "product_id": "3239494221905",
    "product_handle": "scepter-d-isle",
    "reply": "",
    "reply_date": "",
    "picture_urls": "",
    "ip_address": "81.77.165.11",
    "location": "Blackwood, Wales, United Kingdom",
    "metaobject_handle": "review-249ada87-c3b3-47f9-a1bf-e857319eaf62"
  },
  {
    "title": "",
    "body": "Beutifully healthy looking plants arrived quicker than expected. Planted successfully within 2 days. They now look hugely promising. Very pleased.",
    "rating": 5,
    "review_date": "2025-04-30 19:41:12 UTC",
    "source": "shop-app",
    "curated": "ok",
    "product_id": "3239494221905",
    "product_handle": "scepter-d-isle",
    "reply": "",
    "reply_date": "",
    "picture_urls": "",
    "ip_address": "",
    "location": "",
    "metaobject_handle": "shop-2519111-207108767-abc68e81-1a46-4910-9fad-0ff85f8795d4"
  },
  {
    "title": "2nd year stunner!",
    "body": "Bought as a bare root and planted in February. The first year didn't look very promising I have to say, quite spindly and only a handful of blooms. I pruned it back quite hard this winter and it had grown much bushier and is blooming beautifully with plenty more buds developing. The flower heads are exquisite, almost peony like as they are opening. Such a beautiful array of colours from deep pink buds to the pale pink of the fully open blooms. The fragrance is wonderful too. Highly recommended!",
    "rating": 5,
    "review_date": "2025-05-26 12:33:44 UTC",
    "source": "web",
    "curated": "ok",
    "product_id": "3239494221905",
    "product_handle": "scepter-d-isle",
    "reply": "",
    "reply_date": "",
    "picture_urls": "",
    "ip_address": "86.160.177.43",
    "location": "Great Malvern, England, United Kingdom",
    "metaobject_handle": "review-c2220ead-598c-4d2d-b3cd-d2fa597f26dc"
  },
  {
    "title": "Rather disappointed",
    "body": "I have several Gertrude Jekyll roses, that smell Devine. Strong heady scent & stunning flowers.\nThese roses are a complete contrast. Very weak scent, & understated blooms.",
    "rating": 3,
    "review_date": "2025-05-30 16:46:58 UTC",
    "source": "web",
    "curated": "ok",
    "product_id": "3239494221905",
    "product_handle": "scepter-d-isle",
    "reply": "",
    "reply_date": "",
    "picture_urls": "",
    "ip_address": "",
    "location": "",
    "metaobject_handle": "review-90349e4a-6c6f-4803-a563-386f5eda6370"
  },
  {
    "title": "",
    "body": "Absolute stunning and arrived so carefully packaged. Couldnt be happier.",
    "rating": 5,
    "review_date": "2025-05-09 17:40:13 UTC",
    "source": "shop-app",
    "curated": "ok",
    "product_id": "3239494221905",
    "product_handle": "scepter-d-isle",
    "reply": "",
    "reply_date": "",
    "picture_urls": "",
    "ip_address": "",
    "location": "",
    "metaobject_handle": "shop-2519111-208700011-d7e06fda-fecb-4510-8c4d-0c5801f26c59"
  },
  {
    "title": "",
    "body": "Arrived in great condition",
    "rating": 5,
    "review_date": "2025-07-04 12:35:51 UTC",
    "source": "shop-app",
    "curated": "ok",
    "product_id": "3239494221905",
    "product_handle": "scepter-d-isle",
    "reply": "",
    "reply_date": "",
    "picture_urls": "",
    "ip_address": "",
    "location": "",
    "metaobject_handle": "shop-2519111-221046962-15e8be30-b933-4ef7-949d-d19534b13f83"
  },
  {
    "title": "Very unique romantic rose",
    "body": "This rose is far more stunning than I expected. It took me a long time to decide to buy this one and it's probably my favourite. The smell is gorgeous and the roses are so beautiful with insects fighting to get inside. Wonderful.",
    "rating": 5,
    "review_date": "2025-07-06 16:47:01 UTC",
    "source": "web",
    "curated": "ok",
    "product_id": "3239494221905",
    "product_handle": "scepter-d-isle",
    "reply": "",
    "reply_date": "",
    "picture_urls": "https://s3.amazonaws.com/me.judge.review-images/david-austin-roses-uk/1751820421__1000071780__original.jpg",
    "ip_address": "92.40.179.51",
    "location": "Hackney, England, United Kingdom",
    "metaobject_handle": "review-878e734f-8f85-423a-afe6-cdb41e4e063f"
  }
]