[
  {
    "title": "",
    "body": "My favourite",
    "rating": 5,
    "review_date": "2023-11-10 11:42:47 UTC",
    "source": "shop-app",
    "curated": "ok",
    "product_id": "4114097930321",
    "product_handle": "shropshire-lass-climbing-rose-potted",
    "reply": "",
    "reply_date": "",
    "picture_urls": "",
    "ip_address": "",
    "location": "",
    "metaobject_handle": "shop-2519111-51200732-a485df60-7586-434f-bc6a-b43c195d83a4"
  },
  {
    "title": "",
    "body": "Really healthy on arrival with clear planting and care instructions. Looking forward to seeing it get established and blossom",
    "rating": 5,
    "review_date": "2025-04-14 18:35:04 UTC",
    "source": "shop-app",
    "curated": "ok",
    "product_id": "4113824579665",
    "product_handle": "shropshire-lass-climbing-rose",
    "reply": "",
    "reply_date": "",
    "picture_urls": "",
    "ip_address": "",
    "location": "",
    "metaobject_handle": "shop-2519111-204080104-3956a678-bba6-48fa-959b-8fcecf255823"
  },
  {
    "title": "",
    "body": "Beautiful rose and she\u2019s already flowered!",
    "rating": 5,
    "review_date": "2025-07-01 07:34:49 UTC",
    "source": "shop-app",
    "curated": "ok",
    "product_id": "4113824579665",
    "product_handle": "shropshire-lass-climbing-rose",
    "reply": "",
    "reply_date": "",
    "picture_urls": "",
    "ip_address": "",
    "location": "",
    "metaobject_handle": "shop-2519111-220311102-f9406d42-6e69-480f-b0d2-f48dbbf43574"
  }
]