[
  {
    "title": "",
    "body": "Amazing and pretty",
    "rating": 5,
    "review_date": "2023-07-03 14:06:13 UTC",
    "source": "shop-app",
    "curated": "ok",
    "product_id": "4577620885585",
    "product_handle": "silas-marner-potted",
    "reply": "",
    "reply_date": "",
    "picture_urls": "",
    "ip_address": "",
    "location": "",
    "metaobject_handle": "shop-2519111-14641808-482a0ee0-c331-4310-8d83-6eb96c6fb8e2"
  },
  {
    "title": "",
    "body": "Beautiful!",
    "rating": 5,
    "review_date": "2023-07-26 12:03:52 UTC",
    "source": "shop-app",
    "curated": "ok",
    "product_id": "4577620885585",
    "product_handle": "silas-marner-potted",
    "reply": "",
    "reply_date": "",
    "picture_urls": "",
    "ip_address": "",
    "location": "",
    "metaobject_handle": "shop-2519111-33640633-297882f7-8f9a-497a-abfc-a2d6d84ded06"
  },
  {
    "title": "",
    "body": "Looks like a lovely shape. Not planted as yet as too wet and too cold",
    "rating": 5,
    "review_date": "2023-12-07 19:28:32 UTC",
    "source": "shop-app",
    "curated": "ok",
    "product_id": "4577620820049",
    "product_handle": "silas-marner-bare-root",
    "reply": "",
    "reply_date": "",
    "picture_urls": "",
    "ip_address": "",
    "location": "",
    "metaobject_handle": "shop-2519111-62871811-868831e3-929c-44f1-81d6-bd056e4e9bb6"
  }
]