[
  {
    "title": "",
    "body": "Great quality gardening gloves that won\u2019t impede hand movement and will last for years.",
    "rating": 5,
    "review_date": "2023-11-20 21:54:47 UTC",
    "source": "shop-app",
    "curated": "ok",
    "product_id": "4208099590225",
    "product_handle": "soft-touch-gloves-ladies",
    "reply": "",
    "reply_date": "",
    "picture_urls": "",
    "ip_address": "",
    "location": "",
    "metaobject_handle": "shop-2519111-53387033-087c8b42-3b6a-445a-8968-990660d0ea8e"
  }
]