[
  {
    "title": "It takes time.",
    "body": "This rose takes time to establish. After 3 years, I still don't think it has reached its peak. However, each year it improves, so that is good. Now, the blooms it produces are huge and beautiful. It is a little behind other roses in my garden, but again, it could still be trying to establish itself.",
    "rating": 4,
    "review_date": "2025-06-15 00:39:30 UTC",
    "source": "web",
    "curated": "ok",
    "product_id": "4113972691025",
    "product_handle": "spirit-of-freedom",
    "reply": "",
    "reply_date": "",
    "picture_urls": "",
    "ip_address": "86.159.139.120",
    "location": "Royal Tunbridge Wells, England, United Kingdom",
    "metaobject_handle": "review-0d170bfd-abb0-447d-b8e7-e3e03c2a6c4d"
  },
  {
    "title": "Slow but tall",
    "body": "Mine is 7 ft tall trained on fence next Woollerton old hall , spirit of freedom has about 3 small blooms , in July , she grows but is shy to flower .",
    "rating": 3,
    "review_date": "2025-07-10 13:28:57 UTC",
    "source": "web",
    "curated": "ok",
    "product_id": "4113972691025",
    "product_handle": "spirit-of-freedom",
    "reply": "",
    "reply_date": "",
    "picture_urls": "https://s3.amazonaws.com/me.judge.review-images/david-austin-roses-uk/1752154138__image__original.jpg",
    "ip_address": "90.243.106.27",
    "location": "Liverpool, England, United Kingdom",
    "metaobject_handle": "review-bc7c02a8-65aa-4f7e-8f3f-0ffb67006f3a"
  }
]