[
  {
    "title": "",
    "body": "As expected",
    "rating": 5,
    "review_date": "2023-05-19 09:33:24 UTC",
    "source": "shop-app",
    "curated": "ok",
    "product_id": "4114098028625",
    "product_handle": "strawberry-hill-shrub-rose-potted",
    "reply": "",
    "reply_date": "",
    "picture_urls": "",
    "ip_address": "",
    "location": "",
    "metaobject_handle": "shop-2519111-13423682-1bf2a3f1-e7d4-4419-81c6-b25ab0f335ad"
  },
  {
    "title": "",
    "body": "I love this rose and it is thriving since we put it in the ground. It has a beauty flower and smells gorgeous. I really recommend this rose.",
    "rating": 5,
    "review_date": "2023-06-09 08:56:13 UTC",
    "source": "shop-app",
    "curated": "ok",
    "product_id": "4114098028625",
    "product_handle": "strawberry-hill-shrub-rose-potted",
    "reply": "",
    "reply_date": "",
    "picture_urls": "",
    "ip_address": "",
    "location": "",
    "metaobject_handle": "shop-2519111-13974115-ede4bb1c-e85d-4f66-abb5-7aa7eadb8405"
  },
  {
    "title": "",
    "body": "Rose delivered in tip top condition. Cannot fault my order to David Austin. I\u2019m considering adding another shrub rose, Roald Dahl.",
    "rating": 5,
    "review_date": "2023-07-10 12:53:48 UTC",
    "source": "shop-app",
    "curated": "ok",
    "product_id": "4114098028625",
    "product_handle": "strawberry-hill-shrub-rose-potted",
    "reply": "",
    "reply_date": "",
    "picture_urls": "",
    "ip_address": "",
    "location": "",
    "metaobject_handle": "shop-2519111-31697770-3f6e3550-ae72-4463-97c1-28e7b7ba7581"
  },
  {
    "title": "",
    "body": "Lovely rose with a beautiful scent. Arrived with plenty of buds. Would highly recommend David Austin Roses.",
    "rating": 5,
    "review_date": "2023-07-23 12:47:28 UTC",
    "source": "shop-app",
    "curated": "ok",
    "product_id": "4114098028625",
    "product_handle": "strawberry-hill-shrub-rose-potted",
    "reply": "",
    "reply_date": "",
    "picture_urls": "",
    "ip_address": "",
    "location": "",
    "metaobject_handle": "shop-2519111-33469081-e737a9e1-bdcc-42ab-aeaf-754b2e030268"
  },
  {
    "title": "",
    "body": "It got black spot and didn\u2019t do very well. It didn\u2019t seem very vigorous either. Hope next summer it will do better.",
    "rating": 3,
    "review_date": "2023-09-21 18:06:45 UTC",
    "source": "shop-app",
    "curated": "ok",
    "product_id": "4114098028625",
    "product_handle": "strawberry-hill-shrub-rose-potted",
    "reply": "",
    "reply_date": "",
    "picture_urls": "",
    "ip_address": "",
    "location": "",
    "metaobject_handle": "shop-2519111-37247308-aca0b979-1201-4e6c-98ed-db89c28eaf45"
  },
  {
    "title": "",
    "body": "Absolutely beautiful rose. Arrived in perfect condition too. Growing well since planted a month ago.",
    "rating": 5,
    "review_date": "2023-11-01 12:41:15 UTC",
    "source": "shop-app",
    "curated": "ok",
    "product_id": "4114098028625",
    "product_handle": "strawberry-hill-shrub-rose-potted",
    "reply": "",
    "reply_date": "",
    "picture_urls": "",
    "ip_address": "",
    "location": "",
    "metaobject_handle": "shop-2519111-44849697-0aa72131-9c10-4366-b644-c7826d57458f"
  },
  {
    "title": "",
    "body": "Love these",
    "rating": 5,
    "review_date": "2024-07-30 11:39:20 UTC",
    "source": "shop-app",
    "curated": "ok",
    "product_id": "4114098028625",
    "product_handle": "strawberry-hill-shrub-rose-potted",
    "reply": "",
    "reply_date": "",
    "picture_urls": "",
    "ip_address": "",
    "location": "",
    "metaobject_handle": "shop-2519111-151839733-c3358fdd-166d-4d4e-81cb-7059df22e508"
  },
  {
    "title": "",
    "body": "Excellent plant. Highly recommended",
    "rating": 5,
    "review_date": "2024-11-14 09:40:37 UTC",
    "source": "shop-app",
    "curated": "ok",
    "product_id": "4114098028625",
    "product_handle": "strawberry-hill-shrub-rose-potted",
    "reply": "",
    "reply_date": "",
    "picture_urls": "",
    "ip_address": "",
    "location": "",
    "metaobject_handle": "shop-2519111-167079095-9191f2f6-7325-464d-811b-6be1b5893c78"
  },
  {
    "title": "",
    "body": "Excellent plant. Would highly recommend",
    "rating": 5,
    "review_date": "2024-11-14 09:41:24 UTC",
    "source": "shop-app",
    "curated": "ok",
    "product_id": "4114098028625",
    "product_handle": "strawberry-hill-shrub-rose-potted",
    "reply": "",
    "reply_date": "",
    "picture_urls": "",
    "ip_address": "",
    "location": "",
    "metaobject_handle": "shop-2519111-167079137-5ab07ecf-cc17-4d24-b1af-5ab059426ce3"
  },
  {
    "title": "",
    "body": "Received bare root in great condition and well packaged",
    "rating": 5,
    "review_date": "2023-11-04 21:58:45 UTC",
    "source": "shop-app",
    "curated": "ok",
    "product_id": "4114057592913",
    "product_handle": "strawberry-hill-shrub-rose-bare-root",
    "reply": "",
    "reply_date": "",
    "picture_urls": "",
    "ip_address": "",
    "location": "",
    "metaobject_handle": "shop-2519111-47424359-dec032cc-329f-4a1c-83f2-15d8aef321e1"
  },
  {
    "title": "",
    "body": "Well packaged, easy delivery. Will look forward to summer flowers\u2026.",
    "rating": 5,
    "review_date": "2024-03-04 10:37:20 UTC",
    "source": "shop-app",
    "curated": "ok",
    "product_id": "4114057592913",
    "product_handle": "strawberry-hill-shrub-rose-bare-root",
    "reply": "",
    "reply_date": "",
    "picture_urls": "",
    "ip_address": "",
    "location": "",
    "metaobject_handle": "shop-2519111-122161193-5fc5c8fd-1963-4af6-bb96-14c084dcc2db"
  },
  {
    "title": "",
    "body": "Excellent roses x",
    "rating": 5,
    "review_date": "2024-04-30 09:46:43 UTC",
    "source": "shop-app",
    "curated": "ok",
    "product_id": "4114057592913",
    "product_handle": "strawberry-hill-shrub-rose-bare-root",
    "reply": "",
    "reply_date": "",
    "picture_urls": "",
    "ip_address": "",
    "location": "",
    "metaobject_handle": "shop-2519111-136169570-7083da52-4432-45c4-af4d-b5347fc08eef"
  }
]