[
  {
    "title": "",
    "body": "Glorious colour!  strong healthy rose, well packed for delivery",
    "rating": 5,
    "review_date": "2023-06-08 10:45:57 UTC",
    "source": "shop-app",
    "curated": "ok",
    "product_id": "4114111889489",
    "product_handle": "summer-song-shrub-rose-potted",
    "reply": "",
    "reply_date": "",
    "picture_urls": "",
    "ip_address": "",
    "location": "",
    "metaobject_handle": "shop-2519111-13944224-e8fd9336-8d1b-4eaf-b650-052146ceec2f"
  },
  {
    "title": "",
    "body": "So very pretty and vibrant",
    "rating": 5,
    "review_date": "2023-06-29 14:41:11 UTC",
    "source": "shop-app",
    "curated": "ok",
    "product_id": "4114111889489",
    "product_handle": "summer-song-shrub-rose-potted",
    "reply": "",
    "reply_date": "",
    "picture_urls": "",
    "ip_address": "",
    "location": "",
    "metaobject_handle": "shop-2519111-14540040-47992d4b-4464-4ba5-8476-da9d03fc7165"
  },
  {
    "title": "",
    "body": "I loving my rose it's every thing they said it would be",
    "rating": 5,
    "review_date": "2023-06-29 17:40:58 UTC",
    "source": "shop-app",
    "curated": "ok",
    "product_id": "4114111889489",
    "product_handle": "summer-song-shrub-rose-potted",
    "reply": "",
    "reply_date": "",
    "picture_urls": "",
    "ip_address": "",
    "location": "",
    "metaobject_handle": "shop-2519111-14545042-9d4587cc-8087-40bd-b28a-6b6d8af3a753"
  },
  {
    "title": "",
    "body": "The rose is doing really well has produced some beautiful flowers",
    "rating": 5,
    "review_date": "2023-09-08 09:57:17 UTC",
    "source": "shop-app",
    "curated": "ok",
    "product_id": "4114111889489",
    "product_handle": "summer-song-shrub-rose-potted",
    "reply": "",
    "reply_date": "",
    "picture_urls": "",
    "ip_address": "",
    "location": "",
    "metaobject_handle": "shop-2519111-36304147-1d2fe1a7-eec7-4dec-b553-e902a32b311f"
  },
  {
    "title": "",
    "body": "Such a gorgeous colour, and beautiful scent",
    "rating": 5,
    "review_date": "2023-09-08 15:12:45 UTC",
    "source": "shop-app",
    "curated": "ok",
    "product_id": "4114111889489",
    "product_handle": "summer-song-shrub-rose-potted",
    "reply": "",
    "reply_date": "",
    "picture_urls": "",
    "ip_address": "",
    "location": "",
    "metaobject_handle": "shop-2519111-36318749-3f17db50-d9c5-4413-b75e-ce35eca8d475"
  },
  {
    "title": "",
    "body": "Absolutely stunning colour. Well thought out packaging, safe delivery. The rose was already in bud and looked very healthy, I just gave it a good drink over the next few days and let it settle before planting",
    "rating": 5,
    "review_date": "2023-09-20 11:18:43 UTC",
    "source": "shop-app",
    "curated": "ok",
    "product_id": "4114111889489",
    "product_handle": "summer-song-shrub-rose-potted",
    "reply": "",
    "reply_date": "",
    "picture_urls": "",
    "ip_address": "",
    "location": "",
    "metaobject_handle": "shop-2519111-37143243-2b964e06-c025-4c1e-aaae-250247ae7804"
  },
  {
    "title": "",
    "body": "Gorgeous",
    "rating": 5,
    "review_date": "2023-11-17 19:09:04 UTC",
    "source": "shop-app",
    "curated": "ok",
    "product_id": "4114111889489",
    "product_handle": "summer-song-shrub-rose-potted",
    "reply": "",
    "reply_date": "",
    "picture_urls": "",
    "ip_address": "",
    "location": "",
    "metaobject_handle": "shop-2519111-52939542-2bd90feb-d832-41c1-ab5b-bcfccf67a9b4"
  }
]