[
  {
    "title": "",
    "body": "Looked in brilliant condition, good roots on it and healthy stems. Will see how it grows next year",
    "rating": 5,
    "review_date": "2023-11-02 13:54:04 UTC",
    "source": "shop-app",
    "curated": "ok",
    "product_id": "4114139480145",
    "product_handle": "super-dorothy-bare-root",
    "reply": "",
    "reply_date": "",
    "picture_urls": "",
    "ip_address": "",
    "location": "",
    "metaobject_handle": "shop-2519111-47005649-2669004c-5678-4d0c-b8df-8b64c56307e1"
  }
]