[
  {
    "title": "",
    "body": "Bought as a memorial rose for our goddaughter who sadly died at the age of 53. Her parents have planted this rose in their garden They tell me it is doing well. We need to wait until next year before it blooms in her memory \nDavid Austin Roses never disappoint",
    "rating": 5,
    "review_date": "2023-12-06 09:21:59 UTC",
    "source": "shop-app",
    "curated": "ok",
    "product_id": "4114140069969",
    "product_handle": "susan-williams-ellis-shrub-rose-bare-root",
    "reply": "",
    "reply_date": "",
    "picture_urls": "",
    "ip_address": "",
    "location": "",
    "metaobject_handle": "shop-2519111-60163690-6100ef2f-4a52-47ad-978c-1b88b86a466c"
  }
]