[
  {
    "title": "",
    "body": "Amazing packaging and quality!",
    "rating": 5,
    "review_date": "2025-04-25 17:09:53 UTC",
    "source": "shop-app",
    "curated": "ok",
    "product_id": "4114008506449",
    "product_handle": "susan-williams-ellis",
    "reply": "",
    "reply_date": "",
    "picture_urls": "",
    "ip_address": "",
    "location": "",
    "metaobject_handle": "shop-2519111-206190123-fa1155f4-5c18-4fa7-b00f-de9547975a85"
  },
  {
    "title": "",
    "body": "Beautiful",
    "rating": 5,
    "review_date": "2025-06-02 20:16:22 UTC",
    "source": "shop-app",
    "curated": "ok",
    "product_id": "4114008506449",
    "product_handle": "susan-williams-ellis",
    "reply": "",
    "reply_date": "",
    "picture_urls": "",
    "ip_address": "",
    "location": "",
    "metaobject_handle": "shop-2519111-213999224-27e84923-7ed4-43f4-b197-fc618ae27715"
  },
  {
    "title": "Elegance in a rose",
    "body": "Another stunning addition to the garden which was chosen by my mum. Still in her first year she\u2019s already putting on a show for us. Beautiful, traditional and elegant.",
    "rating": 5,
    "review_date": "2025-05-16 05:06:18 UTC",
    "source": "web",
    "curated": "ok",
    "product_id": "4114008506449",
    "product_handle": "susan-williams-ellis",
    "reply": "",
    "reply_date": "",
    "picture_urls": "",
    "ip_address": "151.226.187.51",
    "location": "Crewe, England, United Kingdom",
    "metaobject_handle": "review-557e2a99-48e4-4519-8a32-e74abd30b334"
  },
  {
    "title": "",
    "body": "You pay for the quality lovely looking health rose for my sisters pearl anniversary present",
    "rating": 5,
    "review_date": "2025-06-03 13:38:02 UTC",
    "source": "shop-app",
    "curated": "ok",
    "product_id": "4114008506449",
    "product_handle": "susan-williams-ellis",
    "reply": "",
    "reply_date": "",
    "picture_urls": "",
    "ip_address": "",
    "location": "",
    "metaobject_handle": "shop-2519111-214160499-dc680826-ca9c-4d9e-a3a2-fe95b91470bf"
  },
  {
    "title": "",
    "body": "Like the other 27 Rose's I've bought perfection and high quality",
    "rating": 5,
    "review_date": "2025-06-05 11:01:59 UTC",
    "source": "shop-app",
    "curated": "ok",
    "product_id": "4114008506449",
    "product_handle": "susan-williams-ellis",
    "reply": "",
    "reply_date": "",
    "picture_urls": "",
    "ip_address": "",
    "location": "",
    "metaobject_handle": "shop-2519111-214620751-98d2f7b8-aa19-469f-b800-9f92f79dcda1"
  }
]