[
  {
    "title": "",
    "body": "It was a present to someone else",
    "rating": 5,
    "review_date": "2023-11-07 16:51:44 UTC",
    "source": "shop-app",
    "curated": "ok",
    "product_id": "4114140266577",
    "product_handle": "sweet-dream-bare-root",
    "reply": "",
    "reply_date": "",
    "picture_urls": "",
    "ip_address": "",
    "location": "",
    "metaobject_handle": "shop-2519111-47748724-affab44b-6558-4afb-b770-39a9c0187ba2"
  },
  {
    "title": "Super cute",
    "body": "Bought as bare root, planted in clay and this is 1st summer. It seems to settling in well.",
    "rating": 5,
    "review_date": "2025-06-09 16:34:23 UTC",
    "source": "web",
    "curated": "ok",
    "product_id": "4114009325649",
    "product_handle": "sweet-dream",
    "reply": "",
    "reply_date": "",
    "picture_urls": "https://s3.amazonaws.com/me.judge.review-images/david-austin-roses-uk/1749486863__img_3963__original.jpeg",
    "ip_address": "90.243.102.115",
    "location": "Chorley, England, United Kingdom",
    "metaobject_handle": "review-72b65c76-902e-4971-a148-357411a022b9"
  }
]