[
  {
    "title": "",
    "body": "Beautiful rose.",
    "rating": 5,
    "review_date": "2024-07-28 19:43:50 UTC",
    "source": "shop-app",
    "curated": "ok",
    "product_id": "4114097274961",
    "product_handle": "the-generous-gardener-climbing-rose-potted",
    "reply": "",
    "reply_date": "",
    "picture_urls": "",
    "ip_address": "",
    "location": "",
    "metaobject_handle": "shop-2519111-151565114-b364fb3a-b95e-4592-b395-03249cc0b7ef"
  },
  {
    "title": "",
    "body": "Beautiful healthy leaves. Can't wait for flowers to appear.\nGreat packaging",
    "rating": 5,
    "review_date": "2023-05-03 14:43:56 UTC",
    "source": "shop-app",
    "curated": "ok",
    "product_id": "4114097274961",
    "product_handle": "the-generous-gardener-climbing-rose-potted",
    "reply": "",
    "reply_date": "",
    "picture_urls": "",
    "ip_address": "",
    "location": "",
    "metaobject_handle": "shop-2519111-12965740-75a4e00a-7901-4631-9bda-6ca7cd12cb3a"
  },
  {
    "title": "",
    "body": "Already beautiful only been in for two weeks!!!",
    "rating": 5,
    "review_date": "2023-06-01 09:46:46 UTC",
    "source": "shop-app",
    "curated": "ok",
    "product_id": "4114097274961",
    "product_handle": "the-generous-gardener-climbing-rose-potted",
    "reply": "",
    "reply_date": "",
    "picture_urls": "",
    "ip_address": "",
    "location": "",
    "metaobject_handle": "shop-2519111-13762447-a6a38589-a4ab-47f4-8660-ceadf4f70e66"
  },
  {
    "title": "",
    "body": "Great healthy rose .. really pleased",
    "rating": 5,
    "review_date": "2023-07-05 17:10:35 UTC",
    "source": "shop-app",
    "curated": "ok",
    "product_id": "4114097274961",
    "product_handle": "the-generous-gardener-climbing-rose-potted",
    "reply": "",
    "reply_date": "",
    "picture_urls": "",
    "ip_address": "",
    "location": "",
    "metaobject_handle": "shop-2519111-16919634-b04c4912-10f9-4d56-ac0b-e5ef9760678a"
  },
  {
    "title": "",
    "body": "Ordered for Father\u2019s Day for my father in Law! Arrived quickly and already had lots of buds on! He loved it and I\u2019m also tempted to get the same one for myself.",
    "rating": 5,
    "review_date": "2023-07-07 09:22:38 UTC",
    "source": "shop-app",
    "curated": "ok",
    "product_id": "4114097274961",
    "product_handle": "the-generous-gardener-climbing-rose-potted",
    "reply": "",
    "reply_date": "",
    "picture_urls": "",
    "ip_address": "",
    "location": "",
    "metaobject_handle": "shop-2519111-26986157-d4f537b0-f733-422f-80e9-33e175adc2b1"
  },
  {
    "title": "",
    "body": "Perfect condition",
    "rating": 5,
    "review_date": "2023-07-17 13:31:30 UTC",
    "source": "shop-app",
    "curated": "ok",
    "product_id": "4114097274961",
    "product_handle": "the-generous-gardener-climbing-rose-potted",
    "reply": "",
    "reply_date": "",
    "picture_urls": "",
    "ip_address": "",
    "location": "",
    "metaobject_handle": "shop-2519111-33071346-f4b9fb1c-a459-4aa4-9f90-2942ae3e7b8f"
  },
  {
    "title": "",
    "body": "Beautiful quality rose - very good service",
    "rating": 5,
    "review_date": "2023-08-03 15:01:56 UTC",
    "source": "shop-app",
    "curated": "ok",
    "product_id": "4114097274961",
    "product_handle": "the-generous-gardener-climbing-rose-potted",
    "reply": "",
    "reply_date": "",
    "picture_urls": "",
    "ip_address": "",
    "location": "",
    "metaobject_handle": "shop-2519111-34107929-1b80d55e-a591-4f41-8d1c-6904956ec0d0"
  },
  {
    "title": "",
    "body": "Beautiful, really happy with purchase!",
    "rating": 5,
    "review_date": "2023-08-18 11:42:28 UTC",
    "source": "shop-app",
    "curated": "ok",
    "product_id": "4114097274961",
    "product_handle": "the-generous-gardener-climbing-rose-potted",
    "reply": "",
    "reply_date": "",
    "picture_urls": "",
    "ip_address": "",
    "location": "",
    "metaobject_handle": "shop-2519111-34963355-dd9db756-0416-4118-9d4b-cf8e6a2cd4a0"
  },
  {
    "title": "",
    "body": "highly recommended",
    "rating": 5,
    "review_date": "2023-08-27 18:39:52 UTC",
    "source": "shop-app",
    "curated": "ok",
    "product_id": "4114097274961",
    "product_handle": "the-generous-gardener-climbing-rose-potted",
    "reply": "",
    "reply_date": "",
    "picture_urls": "",
    "ip_address": "",
    "location": "",
    "metaobject_handle": "shop-2519111-35505367-f8662035-8244-4773-90d1-93f4b8303a88"
  },
  {
    "title": "",
    "body": "Great",
    "rating": 5,
    "review_date": "2023-09-01 11:36:06 UTC",
    "source": "shop-app",
    "curated": "ok",
    "product_id": "4114097274961",
    "product_handle": "the-generous-gardener-climbing-rose-potted",
    "reply": "",
    "reply_date": "",
    "picture_urls": "",
    "ip_address": "",
    "location": "",
    "metaobject_handle": "shop-2519111-35853817-5cbf2adb-17dd-446e-8970-86004811659e"
  },
  {
    "title": "",
    "body": "Vigorous and floriferous. It soon bounced back from having most of its lower leaves cut off due to black spot.",
    "rating": 5,
    "review_date": "2023-09-23 09:26:59 UTC",
    "source": "shop-app",
    "curated": "ok",
    "product_id": "4114097274961",
    "product_handle": "the-generous-gardener-climbing-rose-potted",
    "reply": "",
    "reply_date": "",
    "picture_urls": "",
    "ip_address": "",
    "location": "",
    "metaobject_handle": "shop-2519111-37440063-a77a6b21-50e3-495f-9405-2aafd4cc89c8"
  },
  {
    "title": "",
    "body": "Love David Austin roses, came in beautiful condition",
    "rating": 5,
    "review_date": "2023-12-16 07:58:56 UTC",
    "source": "shop-app",
    "curated": "ok",
    "product_id": "4114097274961",
    "product_handle": "the-generous-gardener-climbing-rose-potted",
    "reply": "",
    "reply_date": "",
    "picture_urls": "",
    "ip_address": "",
    "location": "",
    "metaobject_handle": "shop-2519111-71473542-2f178bae-3750-4087-8de8-b0cde6ba320e"
  },
  {
    "title": "",
    "body": "Beautiful",
    "rating": 5,
    "review_date": "2023-12-18 17:38:55 UTC",
    "source": "shop-app",
    "curated": "ok",
    "product_id": "4114097274961",
    "product_handle": "the-generous-gardener-climbing-rose-potted",
    "reply": "",
    "reply_date": "",
    "picture_urls": "",
    "ip_address": "",
    "location": "",
    "metaobject_handle": "shop-2519111-75343698-ffba2e57-dfc7-4043-8c9a-adbe0c0ceb4a"
  },
  {
    "title": "",
    "body": "Came quickly. Lovely healthy rose. I would recommend this company. This rose variety was one I had wanted to get for a while. Years ago I had a bare root one that did not thrive and they sent a replacement plant.",
    "rating": 5,
    "review_date": "2023-12-26 13:41:44 UTC",
    "source": "shop-app",
    "curated": "ok",
    "product_id": "4114097274961",
    "product_handle": "the-generous-gardener-climbing-rose-potted",
    "reply": "",
    "reply_date": "",
    "picture_urls": "",
    "ip_address": "",
    "location": "",
    "metaobject_handle": "shop-2519111-105572952-f59612f2-e345-48d3-84c9-5b3a8de41df6"
  },
  {
    "title": "",
    "body": "Delivered in great condition, and rose is already blooming in its new home",
    "rating": 5,
    "review_date": "2024-06-12 20:27:45 UTC",
    "source": "shop-app",
    "curated": "ok",
    "product_id": "4114097274961",
    "product_handle": "the-generous-gardener-climbing-rose-potted",
    "reply": "",
    "reply_date": "",
    "picture_urls": "",
    "ip_address": "",
    "location": "",
    "metaobject_handle": "shop-2519111-143481774-9487f33b-50c3-40d3-8eca-ddda41fa8e63"
  },
  {
    "title": "",
    "body": "Very happy and received lot of buds! Look forward to see growing more flower and climbing too",
    "rating": 5,
    "review_date": "2024-07-09 16:46:07 UTC",
    "source": "shop-app",
    "curated": "ok",
    "product_id": "4114097274961",
    "product_handle": "the-generous-gardener-climbing-rose-potted",
    "reply": "",
    "reply_date": "",
    "picture_urls": "",
    "ip_address": "",
    "location": "",
    "metaobject_handle": "shop-2519111-148544185-7445f253-ee97-425f-9a0b-a1e3a1100800"
  },
  {
    "title": "",
    "body": "Beautiful",
    "rating": 5,
    "review_date": "2024-07-30 11:38:19 UTC",
    "source": "shop-app",
    "curated": "ok",
    "product_id": "4114097274961",
    "product_handle": "the-generous-gardener-climbing-rose-potted",
    "reply": "",
    "reply_date": "",
    "picture_urls": "",
    "ip_address": "",
    "location": "",
    "metaobject_handle": "shop-2519111-151839592-da90a147-b19e-4f44-9562-330fa13db824"
  },
  {
    "title": "",
    "body": "David Austin roses are the best!",
    "rating": 5,
    "review_date": "2024-10-06 15:38:58 UTC",
    "source": "shop-app",
    "curated": "ok",
    "product_id": "4114097274961",
    "product_handle": "the-generous-gardener-climbing-rose-potted",
    "reply": "",
    "reply_date": "",
    "picture_urls": "",
    "ip_address": "",
    "location": "",
    "metaobject_handle": "shop-2519111-161418640-c325ff5b-723a-4aae-998c-28d71b478ef2"
  },
  {
    "title": "The Generous Gardener Rose.",
    "body": "This rose has grown a lot in its first year and flowers from spring to autumn its scent is a musky perfume smell",
    "rating": 5,
    "review_date": "2025-02-18 00:00:00 UTC",
    "source": "judge-me",
    "curated": "ok",
    "product_id": "4113820778577",
    "product_handle": "the-generous-gardener-climbing-rose",
    "reply": "",
    "reply_date": "",
    "picture_urls": "",
    "ip_address": "",
    "location": "",
    "metaobject_handle": "review-b8e6f55a-3cda-48ad-867b-ba999e71d2c7"
  },
  {
    "title": "Beautiful Rose",
    "body": "Very pleased with this rose, very strong vigorous growth but stems flexible enough to train on my wall. Flowers are exactly what I love, pale pink with lots of petals. As always David Austin roses never disappoint. Would recommend this rose.",
    "rating": 5,
    "review_date": "2025-02-15 00:00:00 UTC",
    "source": "judge-me",
    "curated": "ok",
    "product_id": "4113820778577",
    "product_handle": "the-generous-gardener-climbing-rose",
    "reply": "",
    "reply_date": "",
    "picture_urls": "",
    "ip_address": "",
    "location": "",
    "metaobject_handle": "review-5aa83939-1c7a-4ab8-85eb-d8650b62076a"
  },
  {
    "title": "Just beautiful",
    "body": "Lovely beautiful, fragrant roses.\n The foliage heathy colour that compliments the rose.\n Always look forward to it flowering and in December still flowering in Devon, UK!",
    "rating": 5,
    "review_date": "2025-02-12 00:00:00 UTC",
    "source": "judge-me",
    "curated": "ok",
    "product_id": "4113820778577",
    "product_handle": "the-generous-gardener-climbing-rose",
    "reply": "",
    "reply_date": "",
    "picture_urls": "",
    "ip_address": "",
    "location": "",
    "metaobject_handle": "review-c403ad41-f77a-4749-805f-2d521c85a042"
  },
  {
    "title": "",
    "body": "Wonderful. Have always bought my roses from David Austin and have never been disappointed. Thank you.",
    "rating": 5,
    "review_date": "2025-02-11 00:00:00 UTC",
    "source": "judge-me",
    "curated": "ok",
    "product_id": "4113820778577",
    "product_handle": "the-generous-gardener-climbing-rose",
    "reply": "",
    "reply_date": "",
    "picture_urls": "",
    "ip_address": "",
    "location": "",
    "metaobject_handle": "review-0c683135-d73f-49a2-875a-d61c44f87c77"
  },
  {
    "title": "Not doing well.....",
    "body": "Although grown very vigorously since I planted (at least 10 foot over a pergola) it has not been the best for flowering ...yet,\n It has been plagued by black spot.\n Have given it a good spray of sulphur rose to see it that improves things,",
    "rating": 2,
    "review_date": "2025-02-05 00:00:00 UTC",
    "source": "judge-me",
    "curated": "ok",
    "product_id": "4113820778577",
    "product_handle": "the-generous-gardener-climbing-rose",
    "reply": "",
    "reply_date": "",
    "picture_urls": "",
    "ip_address": "",
    "location": "",
    "metaobject_handle": "review-9d3d14fe-c731-40d7-888c-f6126f12420c"
  },
  {
    "title": "",
    "body": "as bare root it gives time to sort area for planting, strong plants",
    "rating": 5,
    "review_date": "2025-03-05 13:26:36 UTC",
    "source": "shop-app",
    "curated": "ok",
    "product_id": "4113820778577",
    "product_handle": "the-generous-gardener-climbing-rose",
    "reply": "",
    "reply_date": "",
    "picture_urls": "",
    "ip_address": "",
    "location": "",
    "metaobject_handle": "shop-2519111-190420658-2b7737e1-43c3-4c91-b140-dd2bbbec9257"
  },
  {
    "title": "",
    "body": "Packed well. It seems a lot further behind that some I received from another supplier but I'm nothing if not patient!",
    "rating": 4,
    "review_date": "2025-03-12 15:00:50 UTC",
    "source": "shop-app",
    "curated": "ok",
    "product_id": "4113820778577",
    "product_handle": "the-generous-gardener-climbing-rose",
    "reply": "",
    "reply_date": "",
    "picture_urls": "",
    "ip_address": "",
    "location": "",
    "metaobject_handle": "shop-2519111-191873049-7982a3fd-3fcd-48e9-96aa-a518c53a72c9"
  },
  {
    "title": "",
    "body": "Amazing quality as usual \u2764\ufe0f",
    "rating": 5,
    "review_date": "2025-04-07 20:13:15 UTC",
    "source": "shop-app",
    "curated": "ok",
    "product_id": "4113820778577",
    "product_handle": "the-generous-gardener-climbing-rose",
    "reply": "",
    "reply_date": "",
    "picture_urls": "",
    "ip_address": "",
    "location": "",
    "metaobject_handle": "shop-2519111-202627488-6d78249c-1c37-4cc6-bf96-8407abd08b57"
  },
  {
    "title": "",
    "body": "Excellent packing and great product",
    "rating": 5,
    "review_date": "2025-04-23 09:28:19 UTC",
    "source": "shop-app",
    "curated": "ok",
    "product_id": "4113820778577",
    "product_handle": "the-generous-gardener-climbing-rose",
    "reply": "",
    "reply_date": "",
    "picture_urls": "",
    "ip_address": "",
    "location": "",
    "metaobject_handle": "shop-2519111-205704628-53e73d41-5783-444a-9eba-32ba0bd13154"
  },
  {
    "title": "",
    "body": "Arrived promptly and in good condition",
    "rating": 5,
    "review_date": "2025-04-23 15:24:31 UTC",
    "source": "shop-app",
    "curated": "ok",
    "product_id": "4113820778577",
    "product_handle": "the-generous-gardener-climbing-rose",
    "reply": "",
    "reply_date": "",
    "picture_urls": "",
    "ip_address": "",
    "location": "",
    "metaobject_handle": "shop-2519111-205750293-c4bfca08-2df4-49d8-bbe5-080d49d062f7"
  },
  {
    "title": "",
    "body": "So pleased with this rose it\u2019s so beautiful and smells lovely. Asked advice over the phone for a shady position with morning sunshine until about 1pm . Only had it delivered a month ago in the post very very pleased\ud83e\udd70",
    "rating": 5,
    "review_date": "2025-05-30 05:47:58 UTC",
    "source": "web",
    "curated": "ok",
    "product_id": "4113820778577",
    "product_handle": "the-generous-gardener-climbing-rose",
    "reply": "",
    "reply_date": "",
    "picture_urls": "https://s3.amazonaws.com/me.judge.review-images/david-austin-roses-uk/1748584079__img_0894__original.jpeg",
    "ip_address": "147.148.219.157",
    "location": "Shrewsbury, England, United Kingdom",
    "metaobject_handle": "review-d431cdaf-ec8f-4b38-bc41-d8d9697b36b7"
  },
  {
    "title": "Generous indeed!",
    "body": "This work horse of a rose started flowering in May this year and I have no doubt will continue to put out roses until autumn, 3rd year pictured 2 roses beside a bench, heavenly scent on a sunny day , the roses don't last long but that's forgiven when there is such an abundance and the lovely petals.",
    "rating": 5,
    "review_date": "2025-06-01 20:10:56 UTC",
    "source": "web",
    "curated": "ok",
    "product_id": "4113820778577",
    "product_handle": "the-generous-gardener-climbing-rose",
    "reply": "",
    "reply_date": "",
    "picture_urls": "https://s3.amazonaws.com/me.judge.review-images/david-austin-roses-uk/1748808656__1000018560__original.jpg",
    "ip_address": "86.190.117.109",
    "location": "Crewe, England, United Kingdom",
    "metaobject_handle": "review-e643bb02-b52e-48cd-9bac-00ff4390c110"
  },
  {
    "title": "Stunning Climber",
    "body": "We love this climbing rose for the abundance of flowers it produces.",
    "rating": 5,
    "review_date": "2025-06-05 18:50:48 UTC",
    "source": "web",
    "curated": "ok",
    "product_id": "4113820778577",
    "product_handle": "the-generous-gardener-climbing-rose",
    "reply": "",
    "reply_date": "",
    "picture_urls": "https://s3.amazonaws.com/me.judge.review-images/david-austin-roses-uk/1749149449__img_0753__original.jpeg",
    "ip_address": "77.97.202.153",
    "location": "Edinburgh, Scotland, United Kingdom",
    "metaobject_handle": "review-b6ad1ac2-097b-491b-a7d7-2ce1f5ff5aae"
  },
  {
    "title": "",
    "body": "Fantastic",
    "rating": 5,
    "review_date": "2025-06-06 10:14:08 UTC",
    "source": "shop-app",
    "curated": "ok",
    "product_id": "4113820778577",
    "product_handle": "the-generous-gardener-climbing-rose",
    "reply": "",
    "reply_date": "",
    "picture_urls": "",
    "ip_address": "",
    "location": "",
    "metaobject_handle": "shop-2519111-214843578-e7b7a2f3-8754-4469-97fb-1948a15efd10"
  },
  {
    "title": "Well named",
    "body": "I bought this as a bare root in lockdown and it just keeps getting better each year! Definitely a generous rose \ud83c\udf39",
    "rating": 5,
    "review_date": "2025-06-11 11:17:43 UTC",
    "source": "web",
    "curated": "ok",
    "product_id": "4113820778577",
    "product_handle": "the-generous-gardener-climbing-rose",
    "reply": "",
    "reply_date": "",
    "picture_urls": "https://s3.amazonaws.com/me.judge.review-images/david-austin-roses-uk/1749640664__img_7154__original.jpeg",
    "ip_address": "31.111.22.1",
    "location": "Newton Abbot, England, United Kingdom",
    "metaobject_handle": "review-68bd9a1a-af9b-4d71-80a5-6fc920eaf731"
  },
  {
    "title": "",
    "body": "I wanted a climbing rose for the outside of my house and I think this will be perfect,  once it\u2019s established itself. It smells absolutely amazing.",
    "rating": 5,
    "review_date": "2025-06-11 17:11:17 UTC",
    "source": "web",
    "curated": "ok",
    "product_id": "4113820778577",
    "product_handle": "the-generous-gardener-climbing-rose",
    "reply": "",
    "reply_date": "",
    "picture_urls": "https://s3.amazonaws.com/me.judge.review-images/david-austin-roses-uk/1749661877__img_9150__original.jpeg",
    "ip_address": "90.212.202.47",
    "location": "Stoke-on-Trent, England, United Kingdom",
    "metaobject_handle": "review-f6eb1b54-9020-4375-8702-c5309a336c95"
  },
  {
    "title": "Beautiful rose!",
    "body": "Such a beautiful and vigorous climber. I have three GG and the scent is a delight!",
    "rating": 5,
    "review_date": "2025-06-13 09:58:42 UTC",
    "source": "web",
    "curated": "ok",
    "product_id": "4113820778577",
    "product_handle": "the-generous-gardener-climbing-rose",
    "reply": "",
    "reply_date": "",
    "picture_urls": "https://s3.amazonaws.com/me.judge.review-images/david-austin-roses-uk/1749808723__img_1489__original.jpeg, https://s3.amazonaws.com/me.judge.review-images/david-austin-roses-uk/1749808731__img_1401__original.jpeg, https://s3.amazonaws.com/me.judge.review-images/david-austin-roses-uk/1749808726__img_1308__original.jpeg, https://s3.amazonaws.com/me.judge.review-images/david-austin-roses-uk/1749808729__img_1484__original.jpeg",
    "ip_address": "90.210.123.0",
    "location": "Middlesbrough, England, United Kingdom",
    "metaobject_handle": "review-128bd77b-a227-4773-90ce-0c0a0b7b2303"
  },
  {
    "title": "",
    "body": "Nice strong plant but has a lot of aphids which I didnt expect from this renowned rose grower.",
    "rating": 3,
    "review_date": "2025-05-14 20:46:07 UTC",
    "source": "shop-app",
    "curated": "ok",
    "product_id": "4113820778577",
    "product_handle": "the-generous-gardener-climbing-rose",
    "reply": "",
    "reply_date": "",
    "picture_urls": "",
    "ip_address": "",
    "location": "",
    "metaobject_handle": "shop-2519111-209720402-2f4cb35a-1055-40eb-9d7b-85f5fab360cd"
  },
  {
    "title": "Strong healthy growth",
    "body": "I planted this at the end of November as a bare root.  It is growing well with healthy, shiny leaves and now has many multiple bud heads.  It is against a south facing barn wall and has now reached the lower wire so I can begin to tie it in.  Hopefully it will continue to climb and flower well.",
    "rating": 5,
    "review_date": "2025-05-15 10:25:25 UTC",
    "source": "web",
    "curated": "ok",
    "product_id": "4113820778577",
    "product_handle": "the-generous-gardener-climbing-rose",
    "reply": "",
    "reply_date": "",
    "picture_urls": "https://s3.amazonaws.com/me.judge.review-images/david-austin-roses-uk/1747304729__img_1141__original.jpeg, https://s3.amazonaws.com/me.judge.review-images/david-austin-roses-uk/1747304726__img_1142__original.jpeg",
    "ip_address": "212.105.145.118",
    "location": "London, England, United Kingdom",
    "metaobject_handle": "review-3082762b-9a30-425f-a051-52a888c346a9"
  },
  {
    "title": "Stunning \u2764\ufe0f\u2764\ufe0f",
    "body": "\"Absolutely stunning! The rose plant is a true showstopper, with its beautiful blooms and strong fragrance.   totally worth it.. it's perfect for adding a touch of elegance to any garden.Highly recommend!\"",
    "rating": 5,
    "review_date": "2025-05-23 15:05:21 UTC",
    "source": "web",
    "curated": "ok",
    "product_id": "4113820778577",
    "product_handle": "the-generous-gardener-climbing-rose",
    "reply": "",
    "reply_date": "",
    "picture_urls": "https://s3.amazonaws.com/me.judge.review-images/david-austin-roses-uk/1748012722__img_0822__original.jpeg, https://s3.amazonaws.com/me.judge.review-images/david-austin-roses-uk/1748012725__img_0824__original.jpeg, https://s3.amazonaws.com/me.judge.review-images/david-austin-roses-uk/1748012728__image__original.jpg, https://s3.amazonaws.com/me.judge.review-images/david-austin-roses-uk/1748012731__image__original.jpg",
    "ip_address": "81.158.230.36",
    "location": "Leicester, England, United Kingdom",
    "metaobject_handle": "review-b909509b-4cbf-47f9-b65b-13c057f31499"
  },
  {
    "title": "",
    "body": "I have planted two either side if a new agriframes arch in poor clay soil which I improved with conpost. Its two soon to remark in the blooms but bith plants are thriving and healthy. I cant wait to experince the first flowers! I think these are the tenth type of David Austin roses I\u2019ve putchased and they all do very well in my Shropshire cotage garden. Addicted.",
    "rating": 5,
    "review_date": "2025-05-26 09:42:56 UTC",
    "source": "shop-app",
    "curated": "ok",
    "product_id": "4113820778577",
    "product_handle": "the-generous-gardener-climbing-rose",
    "reply": "",
    "reply_date": "",
    "picture_urls": "",
    "ip_address": "",
    "location": "",
    "metaobject_handle": "shop-2519111-212452750-e6fadc31-3e4f-49d3-a848-9c44de2cb988"
  },
  {
    "title": "Stunning climbing rose",
    "body": "I am a complete amateur when it comes to gardening, but wanted to brighten the front of my plain looking house.  It\u2019s north west facing and I did some research and we decided on this climbing rose. We planted it 2years ago in July, and I followed the tutorial videos on planting and training a climbing rose on the David Austen website. I don\u2019t ever write reviews usually but I just wanted to show how beautiful it\u2019s become, and what a difference it can make to a bare wall. It really does bring me joy every time I look out of our bay window now. It also repeatedly flowers for such a long time (end of May-October). You can\u2019t go wrong with this gorgeous rose (because even I\u2019ve managed to do this!).",
    "rating": 5,
    "review_date": "2025-06-03 12:43:09 UTC",
    "source": "web",
    "curated": "ok",
    "product_id": "4113820778577",
    "product_handle": "the-generous-gardener-climbing-rose",
    "reply": "",
    "reply_date": "",
    "picture_urls": "https://s3.amazonaws.com/me.judge.review-images/david-austin-roses-uk/1748954590__img_2109__original.jpeg, https://s3.amazonaws.com/me.judge.review-images/david-austin-roses-uk/1748954589__img_2108__original.jpeg",
    "ip_address": "",
    "location": "",
    "metaobject_handle": "review-39dc9dfd-deeb-4797-ba89-47de0417e9f8"
  },
  {
    "title": "Perfect roses",
    "body": "Recieved my generous gardener roses and absolutely love them, package, delivery and the health of the roses are perfect! They smell amazing, I bought these for my pergola area to brighten up and to give my garden a beautiful touch, I know these will",
    "rating": 5,
    "review_date": "2025-06-03 14:10:49 UTC",
    "source": "web",
    "curated": "ok",
    "product_id": "4113820778577",
    "product_handle": "the-generous-gardener-climbing-rose",
    "reply": "",
    "reply_date": "",
    "picture_urls": "",
    "ip_address": "90.241.128.132",
    "location": "Manchester, England, United Kingdom",
    "metaobject_handle": "review-b6b9c1c9-cbbf-4266-8d2e-3914f8280734"
  },
  {
    "title": "The Generous Gardener",
    "body": "Such a beautiful rose & the scent is deliciously classic. I required a climbing rose for a shady corner next to my porch and this seems very happy. It arrived in immaculate condition and is flowering really well. Onwards and upwards! \ud83c\udf38",
    "rating": 5,
    "review_date": "2025-06-24 13:46:27 UTC",
    "source": "web",
    "curated": "ok",
    "product_id": "4113820778577",
    "product_handle": "the-generous-gardener-climbing-rose",
    "reply": "",
    "reply_date": "",
    "picture_urls": "https://s3.amazonaws.com/me.judge.review-images/david-austin-roses-uk/1750772790__img_2614__original.jpeg, https://s3.amazonaws.com/me.judge.review-images/david-austin-roses-uk/1750772787__img_2765__original.jpeg",
    "ip_address": "86.129.63.89",
    "location": "Penicuik, Scotland, United Kingdom",
    "metaobject_handle": "review-47b46024-46fe-4966-bf18-378935249aa9"
  },
  {
    "title": "Okay",
    "body": "The flowers on this have gone very white ( almost yellowish white though so not a nice colour) in the heat wave we've been having which is disappointing. I wanted a pink rose to stand out against my brick wall but this one has really faded in an extreme way. I'm.hoping it will.turn pink again when the heatwave subsides. I also bought a Sceptred Isle rose which has stayed a beautiful pink colour and which hasn't been affected by the heat. I'm not sure why the Generous Gardener rose would change so drastically in colour with heat when my others haven't.",
    "rating": 3,
    "review_date": "2025-07-01 09:55:29 UTC",
    "source": "web",
    "curated": "ok",
    "product_id": "4113820778577",
    "product_handle": "the-generous-gardener-climbing-rose",
    "reply": "",
    "reply_date": "",
    "picture_urls": "",
    "ip_address": "217.155.105.44",
    "location": "Leighton Buzzard, England, United Kingdom",
    "metaobject_handle": "review-c72048ef-b15d-4a8f-8cf9-2752f27ab645"
  },
  {
    "title": "",
    "body": "Lovely rose",
    "rating": 5,
    "review_date": "2025-07-02 11:18:58 UTC",
    "source": "shop-app",
    "curated": "ok",
    "product_id": "4113820778577",
    "product_handle": "the-generous-gardener-climbing-rose",
    "reply": "",
    "reply_date": "",
    "picture_urls": "",
    "ip_address": "",
    "location": "",
    "metaobject_handle": "shop-2519111-220578938-09795223-a8f5-47df-9e3d-e44d50640aa5"
  },
  {
    "title": "",
    "body": "Beautiful rose, arrived in perfect condition",
    "rating": 5,
    "review_date": "2025-07-08 18:54:20 UTC",
    "source": "shop-app",
    "curated": "ok",
    "product_id": "4113820778577",
    "product_handle": "the-generous-gardener-climbing-rose",
    "reply": "",
    "reply_date": "",
    "picture_urls": "",
    "ip_address": "",
    "location": "",
    "metaobject_handle": "shop-2519111-221888816-92d76da5-8f04-4a88-995c-f459462aa184"
  },
  {
    "title": "",
    "body": "Order arrived within 2 days and roses seemed in great condition. They are in the ground now so looking forward to see how they grow",
    "rating": 5,
    "review_date": "2023-05-10 06:03:38 UTC",
    "source": "shop-app",
    "curated": "ok",
    "product_id": "4114052382801",
    "product_handle": "the-generous-gardener-climbing-rose-bare-root",
    "reply": "",
    "reply_date": "",
    "picture_urls": "",
    "ip_address": "",
    "location": "",
    "metaobject_handle": "shop-2519111-13162255-07c3fd24-f392-4a64-9498-2652fd137cc8"
  },
  {
    "title": "",
    "body": "My second Generous Gardener to complete the coverage of a large Pergola. It\u2019s A really strong grower with long leaders and beautiful flowers like creamy white water lilies and it reliably repeats. However I love GG on the pergola because where I can\u2019t reach to deadhead the faded flowers I can just leave them to develop into enormous orange hips the size of tomatoes!  It looks glorious from early autumn to deep into winter. Definitely best for long period of interest.",
    "rating": 5,
    "review_date": "2023-11-23 21:07:00 UTC",
    "source": "shop-app",
    "curated": "ok",
    "product_id": "4114052382801",
    "product_handle": "the-generous-gardener-climbing-rose-bare-root",
    "reply": "",
    "reply_date": "",
    "picture_urls": "",
    "ip_address": "",
    "location": "",
    "metaobject_handle": "shop-2519111-53972426-9f664db2-326f-46a6-a451-02e6b721f749"
  },
  {
    "title": "",
    "body": "Fast delivery. Very well packed. I can\u2019t wait for this rise to bloom. David Austin\u2019s website is addictive.",
    "rating": 5,
    "review_date": "2023-12-23 20:35:04 UTC",
    "source": "shop-app",
    "curated": "ok",
    "product_id": "4114052382801",
    "product_handle": "the-generous-gardener-climbing-rose-bare-root",
    "reply": "",
    "reply_date": "",
    "picture_urls": "",
    "ip_address": "",
    "location": "",
    "metaobject_handle": "shop-2519111-105166819-a5cd7b02-79b8-4f17-a702-e054c42e53d8"
  },
  {
    "title": "",
    "body": "Speedy delivery \ud83e\udd1e\ud83c\udffbit blooms",
    "rating": 5,
    "review_date": "2024-02-01 10:45:21 UTC",
    "source": "shop-app",
    "curated": "ok",
    "product_id": "4114052382801",
    "product_handle": "the-generous-gardener-climbing-rose-bare-root",
    "reply": "",
    "reply_date": "",
    "picture_urls": "",
    "ip_address": "",
    "location": "",
    "metaobject_handle": "shop-2519111-116627156-24347b54-d618-4a3f-a536-d831e0516070"
  },
  {
    "title": "",
    "body": "Beautiful bare root in perfect condition",
    "rating": 5,
    "review_date": "2024-04-04 11:12:13 UTC",
    "source": "shop-app",
    "curated": "ok",
    "product_id": "4114052382801",
    "product_handle": "the-generous-gardener-climbing-rose-bare-root",
    "reply": "",
    "reply_date": "",
    "picture_urls": "",
    "ip_address": "",
    "location": "",
    "metaobject_handle": "shop-2519111-131314834-5f98fbd9-0d6e-4346-8a23-b0d4739fc3a9"
  }
]