[
  {
    "title": "",
    "body": "Smell lovely",
    "rating": 5,
    "review_date": "2023-07-21 11:27:53 UTC",
    "source": "shop-app",
    "curated": "ok",
    "product_id": "6757486329937",
    "product_handle": "the-lark-ascending-shrub-rose-potted",
    "reply": "",
    "reply_date": "",
    "picture_urls": "",
    "ip_address": "",
    "location": "",
    "metaobject_handle": "shop-2519111-33373831-01029052-a5e8-4841-90df-a97a656dce44"
  },
  {
    "title": "",
    "body": "Super fast delivery.  Well packaged and plant was in excellent condition.  I wouldn\u2019t buy a rose from anywhere else",
    "rating": 5,
    "review_date": "2023-08-03 16:22:14 UTC",
    "source": "shop-app",
    "curated": "ok",
    "product_id": "6757486329937",
    "product_handle": "the-lark-ascending-shrub-rose-potted",
    "reply": "",
    "reply_date": "",
    "picture_urls": "",
    "ip_address": "",
    "location": "",
    "metaobject_handle": "shop-2519111-34114255-59428776-1a33-4fe0-9a00-5dc46c96a395"
  },
  {
    "title": "",
    "body": "Stunning plant in perfect condition. Covered in blooms already",
    "rating": 5,
    "review_date": "2023-08-14 18:02:28 UTC",
    "source": "shop-app",
    "curated": "ok",
    "product_id": "6757486329937",
    "product_handle": "the-lark-ascending-shrub-rose-potted",
    "reply": "",
    "reply_date": "",
    "picture_urls": "",
    "ip_address": "",
    "location": "",
    "metaobject_handle": "shop-2519111-34746129-ce800733-ad4e-41ba-bc08-425e05390a28"
  },
  {
    "title": "",
    "body": "smells amazing. mother loves it",
    "rating": 5,
    "review_date": "2023-09-12 09:58:19 UTC",
    "source": "shop-app",
    "curated": "ok",
    "product_id": "6757486329937",
    "product_handle": "the-lark-ascending-shrub-rose-potted",
    "reply": "",
    "reply_date": "",
    "picture_urls": "",
    "ip_address": "",
    "location": "",
    "metaobject_handle": "shop-2519111-36554308-3363c86f-847b-4291-b45e-0d6b3e6dba7d"
  },
  {
    "title": "",
    "body": "Beautiful healthy Rose. Thank You.",
    "rating": 5,
    "review_date": "2024-01-12 14:12:11 UTC",
    "source": "shop-app",
    "curated": "ok",
    "product_id": "6757486329937",
    "product_handle": "the-lark-ascending-shrub-rose-potted",
    "reply": "",
    "reply_date": "",
    "picture_urls": "",
    "ip_address": "",
    "location": "",
    "metaobject_handle": "shop-2519111-111851542-74111d2b-6ea3-419d-bfe3-15a30c64c077"
  },
  {
    "title": "",
    "body": "Looked healthy on arrival hopefully it grows well",
    "rating": 5,
    "review_date": "2024-03-20 09:40:14 UTC",
    "source": "shop-app",
    "curated": "ok",
    "product_id": "3239495368785",
    "product_handle": "the-lark-ascending-shrub-rose-bare-root",
    "reply": "",
    "reply_date": "",
    "picture_urls": "",
    "ip_address": "",
    "location": "",
    "metaobject_handle": "shop-2519111-128788105-da1786fe-7b7c-4096-8d03-1d6b7bca59ff"
  }
]