[
  {
    "title": "Beautiful rose",
    "body": "I like the strongly scented roses and this has a wonderful smell, it is also a beautiful rose and seems very healthy. I feed it and it rewards me with the most abundant display of flowers. \nYou do have to be patient as it takes a couple of years for them to reach their peak.",
    "rating": 5,
    "review_date": "2025-04-12 09:03:34 UTC",
    "source": "web",
    "curated": "ok",
    "product_id": "4113886052433",
    "product_handle": "the-poet-s-wife",
    "reply": "",
    "reply_date": "",
    "picture_urls": "",
    "ip_address": "146.90.193.132",
    "location": "Wolverhampton, England, United Kingdom",
    "metaobject_handle": "review-c9b24412-bc7c-42ee-95b4-16004fa9113c"
  },
  {
    "title": "Beautiful addition to my garden",
    "body": "I planted Golden Celebration in the centre of my garden, and it has truly become a show-stopper. With its large, rich yellow blooms, strong fragrance, and excellent repeat flowering, it stands out as a stunning focal point throughout the season.",
    "rating": 5,
    "review_date": "2025-06-11 09:34:16 UTC",
    "source": "web",
    "curated": "ok",
    "product_id": "4113886052433",
    "product_handle": "the-poet-s-wife",
    "reply": "",
    "reply_date": "",
    "picture_urls": "",
    "ip_address": "152.37.119.144",
    "location": "Southwark, England, United Kingdom",
    "metaobject_handle": "review-9c2e1e9e-b06d-4168-9ecf-72ed5abf31f0"
  },
  {
    "title": "",
    "body": "Excellence as always. I have found that I am much more successful with potted roses",
    "rating": 5,
    "review_date": "2025-04-21 22:28:59 UTC",
    "source": "shop-app",
    "curated": "ok",
    "product_id": "4113886052433",
    "product_handle": "the-poet-s-wife",
    "reply": "",
    "reply_date": "",
    "picture_urls": "",
    "ip_address": "",
    "location": "",
    "metaobject_handle": "shop-2519111-205395057-5c102b0f-3b7f-4ba7-b9af-44acff7b68aa"
  },
  {
    "title": "Lovely rose with strong presence",
    "body": "Soft golden blooms with a rich, fruity fragrance,\nThe Poet\u2019s Wife brightens gardens with its graceful arching growth,\nA charming, hardy rose that brings poetry to life in every petal.",
    "rating": 5,
    "review_date": "2025-04-28 23:20:03 UTC",
    "source": "web",
    "curated": "ok",
    "product_id": "4113886052433",
    "product_handle": "the-poet-s-wife",
    "reply": "",
    "reply_date": "",
    "picture_urls": "https://s3.amazonaws.com/me.judge.review-images/david-austin-roses-uk/1745882403__img_6067__original.jpeg",
    "ip_address": "143.58.151.187",
    "location": "Tower Hamlets, England, United Kingdom",
    "metaobject_handle": "review-edf8afea-a8ba-47fb-af43-8f44b7059ba5"
  },
  {
    "title": "",
    "body": "Beautiful roited roses, already budding i. The garden",
    "rating": 5,
    "review_date": "2025-04-29 15:47:02 UTC",
    "source": "shop-app",
    "curated": "ok",
    "product_id": "4113886052433",
    "product_handle": "the-poet-s-wife",
    "reply": "",
    "reply_date": "",
    "picture_urls": "",
    "ip_address": "",
    "location": "",
    "metaobject_handle": "shop-2519111-206857059-0e61d61d-74ed-4af1-b254-46e55f15cd95"
  },
  {
    "title": "My beautiful Poets wife",
    "body": "I have a fabulous Poets wife that a dear friend bought me 5 years ago and it has grown into a huge specimen covered in buds. I would like to know, should I nip out some of the smaller buds to produce one bloom per stem?",
    "rating": 5,
    "review_date": "2025-05-06 10:30:42 UTC",
    "source": "web",
    "curated": "ok",
    "product_id": "4113886052433",
    "product_handle": "the-poet-s-wife",
    "reply": "",
    "reply_date": "",
    "picture_urls": "https://s3.amazonaws.com/me.judge.review-images/david-austin-roses-uk/1746527442__img_9088__original.jpeg, https://s3.amazonaws.com/me.judge.review-images/david-austin-roses-uk/1746527448__img_2819__original.jpeg, https://s3.amazonaws.com/me.judge.review-images/david-austin-roses-uk/1746527445__img_2981__original.jpeg",
    "ip_address": "104.28.89.18",
    "location": "Hull, England, United Kingdom",
    "metaobject_handle": "review-43bbb5ae-1a8f-4955-84af-d0edcb76b793"
  },
  {
    "title": "",
    "body": "This is an absolutely beautiful rose. I only bought one a couple of months ago and it's gone crazy! Buds and blooms everywhere. Thoroughly recommend.",
    "rating": 5,
    "review_date": "2025-05-10 15:25:49 UTC",
    "source": "web",
    "curated": "ok",
    "product_id": "4113886052433",
    "product_handle": "the-poet-s-wife",
    "reply": "",
    "reply_date": "",
    "picture_urls": "",
    "ip_address": "81.99.234.111",
    "location": "Norwich, England, United Kingdom",
    "metaobject_handle": "review-bf9a6506-430b-4e8f-a364-052adcde2f23"
  },
  {
    "title": "",
    "body": "Arrived ahead of schedule perfectly parceled. Planted the same day and after a week is blooming and fragrant",
    "rating": 5,
    "review_date": "2025-05-24 15:04:42 UTC",
    "source": "shop-app",
    "curated": "ok",
    "product_id": "4113886052433",
    "product_handle": "the-poet-s-wife",
    "reply": "",
    "reply_date": "",
    "picture_urls": "",
    "ip_address": "",
    "location": "",
    "metaobject_handle": "shop-2519111-212099234-be2beefe-e463-42d4-8e93-722add7370d5"
  },
  {
    "title": "",
    "body": "Very good!",
    "rating": 5,
    "review_date": "2025-05-29 14:51:04 UTC",
    "source": "shop-app",
    "curated": "ok",
    "product_id": "4113886052433",
    "product_handle": "the-poet-s-wife",
    "reply": "",
    "reply_date": "",
    "picture_urls": "",
    "ip_address": "",
    "location": "",
    "metaobject_handle": "shop-2519111-213189579-4ad44c1f-65d8-4c1e-93c2-d989cea290d6"
  },
  {
    "title": "",
    "body": "Well packaged and timely delivery with excellent condition and now in bud. Clear instructions on how to pot the rose. Highly recommended.",
    "rating": 5,
    "review_date": "2025-05-14 12:16:56 UTC",
    "source": "shop-app",
    "curated": "ok",
    "product_id": "4113886052433",
    "product_handle": "the-poet-s-wife",
    "reply": "",
    "reply_date": "",
    "picture_urls": "",
    "ip_address": "",
    "location": "",
    "metaobject_handle": "shop-2519111-209582902-bd165099-c488-43df-8a8c-e595c68bcc87"
  },
  {
    "title": "",
    "body": "Stunning smells beautiful and such large blooms",
    "rating": 5,
    "review_date": "2025-06-27 09:42:52 UTC",
    "source": "shop-app",
    "curated": "ok",
    "product_id": "4113886052433",
    "product_handle": "the-poet-s-wife",
    "reply": "",
    "reply_date": "",
    "picture_urls": "",
    "ip_address": "",
    "location": "",
    "metaobject_handle": "shop-2519111-219509582-21a255f4-ccb3-4ce0-a322-99dbcc718dfa"
  }
]