[
  {
    "title": "",
    "body": "Superb quality and an fragrance that is simply wonderful!",
    "rating": 5,
    "review_date": "2024-07-28 17:10:59 UTC",
    "source": "shop-app",
    "curated": "ok",
    "product_id": "4114085740625",
    "product_handle": "the-mayflower-shrub-rose-bare-root",
    "reply": "",
    "reply_date": "",
    "picture_urls": "",
    "ip_address": "",
    "location": "",
    "metaobject_handle": "shop-2519111-151550141-276014f9-5f31-4530-8245-beb7bbf539b6"
  },
  {
    "title": "",
    "body": "Beautiful fragrance,prolific blooms in a vibrant pink. A wonderful rose for the garden. I have 4 of them and they never disappoint with their blooms",
    "rating": 5,
    "review_date": "2023-06-21 20:03:49 UTC",
    "source": "shop-app",
    "curated": "ok",
    "product_id": "4114106056785",
    "product_handle": "the-mayflower-shrub-rose-potted",
    "reply": "",
    "reply_date": "",
    "picture_urls": "",
    "ip_address": "",
    "location": "",
    "metaobject_handle": "shop-2519111-14327048-f46911f4-e693-4465-8768-9ee9ad97db33"
  }
]