[
  {
    "title": "",
    "body": "Not grown yet, no new shoots but looks healthy",
    "rating": 4,
    "review_date": "2025-05-03 09:38:02 UTC",
    "source": "shop-app",
    "curated": "ok",
    "product_id": "4113844502609",
    "product_handle": "the-garland",
    "reply": "",
    "reply_date": "",
    "picture_urls": "",
    "ip_address": "",
    "location": "",
    "metaobject_handle": "shop-2519111-207537626-57e33741-f590-47dd-b99f-af4cf4230ffb"
  },
  {
    "title": "This plant is a Beast! ( In a good way, I mean!)P",
    "body": "As suggested by one of the David Austin catalogues, I bought this to cascade over my garden shed. My goodness it grew so fast and puts on a gorgeous show each June. It is extremely vigorous and healthy. It almost scares me, haha.",
    "rating": 5,
    "review_date": "2025-06-23 16:49:30 UTC",
    "source": "web",
    "curated": "ok",
    "product_id": "4113844502609",
    "product_handle": "the-garland",
    "reply": "",
    "reply_date": "",
    "picture_urls": "https://s3.amazonaws.com/me.judge.review-images/david-austin-roses-uk/1750697371__img_20250617_092929__original.jpg",
    "ip_address": "82.69.23.144",
    "location": "Ely, England, United Kingdom",
    "metaobject_handle": "review-9c41fc6b-fc69-4a73-9534-60ca868583aa"
  }
]