[
  {
    "title": "The beautiful Lady Gardener",
    "body": "Brought for me by my son for my birthday. Arrived healthy. Has grown into the most beautiful rose. Lots of buds so far. Smells magnificent and the colour is stunning.",
    "rating": 5,
    "review_date": "2025-06-06 13:51:23 UTC",
    "source": "web",
    "curated": "ok",
    "product_id": "4113856331857",
    "product_handle": "the-lady-gardener",
    "reply": "",
    "reply_date": "",
    "picture_urls": "https://s3.amazonaws.com/me.judge.review-images/david-austin-roses-uk/1749217885__img_4967__original.jpeg, https://s3.amazonaws.com/me.judge.review-images/david-austin-roses-uk/1749217884__attuv5bx9s5e964cb7r7q3yrsgv24pzcepgrj3hv__original.jpeg",
    "ip_address": "31.94.4.18",
    "location": "Romford, England, United Kingdom",
    "metaobject_handle": "review-5ec4618e-06c2-4549-9cb6-4ac51b957c12"
  },
  {
    "title": "",
    "body": "Perfect!",
    "rating": 5,
    "review_date": "2025-06-18 10:39:24 UTC",
    "source": "shop-app",
    "curated": "ok",
    "product_id": "4113856331857",
    "product_handle": "the-lady-gardener",
    "reply": "",
    "reply_date": "",
    "picture_urls": "",
    "ip_address": "",
    "location": "",
    "metaobject_handle": "shop-2519111-217590499-76bdba33-ba62-46a1-b7b9-22e414d3a48f"
  },
  {
    "title": "In great healthy, abundant health",
    "body": "As above",
    "rating": 5,
    "review_date": "2025-06-23 11:26:37 UTC",
    "source": "new-rre-flow",
    "curated": "ok",
    "product_id": "4113856331857",
    "product_handle": "the-lady-gardener",
    "reply": "",
    "reply_date": "",
    "picture_urls": "",
    "ip_address": "90.215.14.120",
    "location": "Musselburgh, Scotland, United Kingdom",
    "metaobject_handle": "review-27422671-d345-4580-a6f2-965c7b552873"
  },
  {
    "title": "Absolutely stunning",
    "body": "This is my first David Austin Rose and definitely won\u2019t be my last!! There\u2019s an abundance of roses that smell Devine!!! I absolutely LOVE this new addition to my garden",
    "rating": 5,
    "review_date": "2025-07-04 05:09:46 UTC",
    "source": "web",
    "curated": "ok",
    "product_id": "4113856331857",
    "product_handle": "the-lady-gardener",
    "reply": "",
    "reply_date": "",
    "picture_urls": "https://s3.amazonaws.com/me.judge.review-images/david-austin-roses-uk/1751605786__img_1729__original.jpeg",
    "ip_address": "151.231.237.147",
    "location": "St Helens, England, United Kingdom",
    "metaobject_handle": "review-27cafac1-d665-47eb-94b4-06e0121a335a"
  }
]