[
  {
    "title": "Beautiful Lady of the Lake",
    "body": "Gorgeous rose, which is doing very well after planting a few years ago in a northwest-facing flower bed.\nThe leaves do attract black spots which I ignore or remove when I see them",
    "rating": 5,
    "review_date": "2025-06-08 06:43:45 UTC",
    "source": "web",
    "curated": "ok",
    "product_id": "4113856659537",
    "product_handle": "the-lady-of-the-lake-rambling-rose",
    "reply": "",
    "reply_date": "",
    "picture_urls": "https://s3.amazonaws.com/me.judge.review-images/david-austin-roses-uk/1749365025__pxl_20250602_113125328mp__original.jpg",
    "ip_address": "77.99.229.196",
    "location": "Gloucester, England, United Kingdom",
    "metaobject_handle": "review-8e63ac54-0472-4f9a-ba0c-40588819156d"
  }
]