[
  {
    "title": "Glorious blooms",
    "body": "My dear friend had this rose in her front garden after smelling it I bought add to my herbaceous border - it is truly glorious.",
    "rating": 5,
    "review_date": "2025-02-14 00:00:00 UTC",
    "source": "judge-me",
    "curated": "ok",
    "product_id": "3239494025297",
    "product_handle": "the-lark-ascending",
    "reply": "",
    "reply_date": "",
    "picture_urls": "https://s3-us-west-1.amazonaws.com/user-files-1/servar/198908/c6c62394-dfa6-4ddf-88c4-32d0f7d452c7/da12cbe9-b97e-4d5a-a33e-5ffc113a5716/2025-02-14T20%253A26%253A12.088395%252B00%253A00/IMG_8505.jpeg, https://s3.amazonaws.com/me.judge.review-images/david-austin-roses-uk/1740140477__1740140470476-img_8505__original.jpeg",
    "ip_address": "",
    "location": "",
    "metaobject_handle": "review-dd369429-3956-4a4f-8d85-8632fee9def9"
  },
  {
    "title": "",
    "body": "I have had my Lark Ascending for several years now . It is a very reliable rose with a long flowering period. The roses are an unusual and beautiful shape and I particularly like it's uprightness. It does not droop as many roses do. I have bought this rose for other family as I like it so much.",
    "rating": 5,
    "review_date": "2025-02-06 00:00:00 UTC",
    "source": "judge-me",
    "curated": "ok",
    "product_id": "3239494025297",
    "product_handle": "the-lark-ascending",
    "reply": "",
    "reply_date": "",
    "picture_urls": "",
    "ip_address": "",
    "location": "",
    "metaobject_handle": "review-7d242719-31e2-481f-9848-9e83d2ab6bbe"
  },
  {
    "title": "Stunning rose",
    "body": "A real standout in my garden. So beautiful with the light on it. Little scent but worth it.",
    "rating": 5,
    "review_date": "2025-02-05 00:00:00 UTC",
    "source": "judge-me",
    "curated": "ok",
    "product_id": "3239494025297",
    "product_handle": "the-lark-ascending",
    "reply": "",
    "reply_date": "",
    "picture_urls": "",
    "ip_address": "",
    "location": "",
    "metaobject_handle": "review-0eeb9657-3941-4f3b-bab9-0ac09e45de98"
  },
  {
    "title": "",
    "body": "Beautiful healthy plant and the flowers are exquisite",
    "rating": 5,
    "review_date": "2025-06-11 14:27:16 UTC",
    "source": "shop-app",
    "curated": "ok",
    "product_id": "3239494025297",
    "product_handle": "the-lark-ascending",
    "reply": "",
    "reply_date": "",
    "picture_urls": "",
    "ip_address": "",
    "location": "",
    "metaobject_handle": "shop-2519111-216037482-6508702f-3254-4850-be79-b746dd63db13"
  },
  {
    "title": "Truly glorious",
    "body": "Lark ascending is my favourite rose, it is a beautiful colour reminiscent of that magical morning light as a sunny day breaks. \nIt\u2019s is incredibly healthy and vigorous and full of flowers. The flowers are delicate and open, perfect for the pollinators. Can\u2019t recommend highly enough !",
    "rating": 5,
    "review_date": "2025-05-16 06:32:09 UTC",
    "source": "web",
    "curated": "ok",
    "product_id": "3239494025297",
    "product_handle": "the-lark-ascending",
    "reply": "",
    "reply_date": "",
    "picture_urls": "https://s3.amazonaws.com/me.judge.review-images/david-austin-roses-uk/1747377133__img_1418__original.jpeg, https://s3.amazonaws.com/me.judge.review-images/david-austin-roses-uk/1747377129__img_1419__original.jpeg",
    "ip_address": "82.33.72.200",
    "location": "Redditch, England, United Kingdom",
    "metaobject_handle": "review-68c6e36f-f2c9-4625-b60d-614a53827796"
  },
  {
    "title": "The Lark Ascending",
    "body": "OMG Just bought my first David Austin rose.\nThe Lark Ascending what a beautiful rose,  \nBeautiful apricot colour open-cup shape a lovely statement in my garden.",
    "rating": 5,
    "review_date": "2025-05-22 21:58:26 UTC",
    "source": "web",
    "curated": "ok",
    "product_id": "3239494025297",
    "product_handle": "the-lark-ascending",
    "reply": "",
    "reply_date": "",
    "picture_urls": "https://s3.amazonaws.com/me.judge.review-images/david-austin-roses-uk/1747951106__img_3189__original.jpeg",
    "ip_address": "5.66.203.198",
    "location": "Eastbourne, England, United Kingdom",
    "metaobject_handle": "review-f857e701-3967-46ce-929c-3c638d0b1306"
  },
  {
    "title": "Absolute must have",
    "body": "This is such a wonderful rose. It really needs to be seen in person. I've had tall healthy growth and constant roses from a bare root. Definite one of my top favourites due to its health and pearlescent blooms",
    "rating": 5,
    "review_date": "2025-07-06 16:52:56 UTC",
    "source": "web",
    "curated": "ok",
    "product_id": "3239494025297",
    "product_handle": "the-lark-ascending",
    "reply": "",
    "reply_date": "",
    "picture_urls": "",
    "ip_address": "92.40.179.51",
    "location": "Hackney, England, United Kingdom",
    "metaobject_handle": "review-ef9c4ec7-f18d-469a-ae08-85787aef038c"
  },
  {
    "title": "",
    "body": "Beautiful rose, great communication and delivery contact",
    "rating": 5,
    "review_date": "2025-07-09 18:12:51 UTC",
    "source": "shop-app",
    "curated": "ok",
    "product_id": "3239494025297",
    "product_handle": "the-lark-ascending",
    "reply": "",
    "reply_date": "",
    "picture_urls": "",
    "ip_address": "",
    "location": "",
    "metaobject_handle": "shop-2519111-222110578-9c20d48d-9a81-4c99-a694-ab7ffa4e0780"
  }
]