[
  {
    "title": "",
    "body": "Arrived promptly and although I couldn\u2019t plant either right away as I was going on holiday for 5 days both were healthy and happy to in the ground when I got home \ud83d\ude00",
    "rating": 5,
    "review_date": "2024-12-31 20:31:05 UTC",
    "source": "shop-app",
    "curated": "ok",
    "product_id": "4113823629393",
    "product_handle": "the-pilgrim-climbing-rose",
    "reply": "",
    "reply_date": "",
    "picture_urls": "",
    "ip_address": "",
    "location": "",
    "metaobject_handle": "shop-2519111-177235568-dd39cdb8-c4f7-4fff-9afa-f32e5c14b156"
  },
  {
    "title": "Good fence cover",
    "body": "The pilgrim is a fragrant climber.the yellow/ creamy flowers almost change colour as they are opening. Very repeat flowering until well into winter. Good regrowth from hard pruning. Adaptable to artistic pruning",
    "rating": 4,
    "review_date": "2025-02-14 00:00:00 UTC",
    "source": "judge-me",
    "curated": "ok",
    "product_id": "4113823629393",
    "product_handle": "the-pilgrim-climbing-rose",
    "reply": "",
    "reply_date": "",
    "picture_urls": "",
    "ip_address": "",
    "location": "",
    "metaobject_handle": "review-a23bcdb8-9c02-44a0-903c-303afc29e7de"
  },
  {
    "title": "",
    "body": "The rose hasn't been planted for long, however it had masses of large blooms which lasted quite a while and together with a lovely scent. Looking forward the this year as ithe rose developes.",
    "rating": 4,
    "review_date": "2025-02-14 00:00:00 UTC",
    "source": "judge-me",
    "curated": "ok",
    "product_id": "4113823629393",
    "product_handle": "the-pilgrim-climbing-rose",
    "reply": "",
    "reply_date": "",
    "picture_urls": "",
    "ip_address": "",
    "location": "",
    "metaobject_handle": "review-cec13db2-e839-42f6-a2a8-26fea8ee9185"
  },
  {
    "title": "",
    "body": "Fast postage plant healthy",
    "rating": 5,
    "review_date": "2024-12-25 14:01:00 UTC",
    "source": "shop-app",
    "curated": "ok",
    "product_id": "4113823629393",
    "product_handle": "the-pilgrim-climbing-rose",
    "reply": "",
    "reply_date": "",
    "picture_urls": "",
    "ip_address": "",
    "location": "",
    "metaobject_handle": "shop-2519111-175880779-bd756c1a-1402-4476-a2ee-cf3f6253b982"
  },
  {
    "title": "Beautiful",
    "body": "Bought a bare root pilgrim last year.  Followed instructions, had a couple of blooms. \n12months later, she\u2019s beautiful. Thank you",
    "rating": 5,
    "review_date": "2025-06-01 13:54:46 UTC",
    "source": "web",
    "curated": "ok",
    "product_id": "4113823629393",
    "product_handle": "the-pilgrim-climbing-rose",
    "reply": "",
    "reply_date": "",
    "picture_urls": "https://s3.amazonaws.com/me.judge.review-images/david-austin-roses-uk/1748786087__img_5089__original.jpeg, https://s3.amazonaws.com/me.judge.review-images/david-austin-roses-uk/1748786090__img_5088__original.jpeg",
    "ip_address": "217.39.219.249",
    "location": "Worcester, England, United Kingdom",
    "metaobject_handle": "review-1d64b536-94b3-48cf-bb2c-a3f0b6efb8e4"
  },
  {
    "title": "",
    "body": "Well packaged safely delivered",
    "rating": 5,
    "review_date": "2025-06-07 08:04:42 UTC",
    "source": "shop-app",
    "curated": "ok",
    "product_id": "4113823629393",
    "product_handle": "the-pilgrim-climbing-rose",
    "reply": "",
    "reply_date": "",
    "picture_urls": "",
    "ip_address": "",
    "location": "",
    "metaobject_handle": "shop-2519111-215072288-ba961f1c-c051-4402-915c-f5af880a51b0"
  },
  {
    "title": "Simply Stunning",
    "body": "Growing up the side of my front door and it's been vigorous from the start. Reblooms all spring, summer and autumn. Has suffered with black spot at times. But I'm learning to concentrate on feeding and attracting bees and insects into my garden. The Pilgrim really is spectacular, smells beautiful coming home in the summer\n Ots very underrated in my opinion.",
    "rating": 5,
    "review_date": "2025-05-18 14:37:23 UTC",
    "source": "web",
    "curated": "ok",
    "product_id": "4113823629393",
    "product_handle": "the-pilgrim-climbing-rose",
    "reply": "",
    "reply_date": "",
    "picture_urls": "",
    "ip_address": "5.68.233.31",
    "location": "Cwmcarn, Wales, United Kingdom",
    "metaobject_handle": "review-a8e90432-e620-4084-a689-d27f65cb656d"
  },
  {
    "title": "",
    "body": "Quality",
    "rating": 4,
    "review_date": "2025-07-04 00:13:44 UTC",
    "source": "shop-app",
    "curated": "ok",
    "product_id": "4113823629393",
    "product_handle": "the-pilgrim-climbing-rose",
    "reply": "",
    "reply_date": "",
    "picture_urls": "",
    "ip_address": "",
    "location": "",
    "metaobject_handle": "shop-2519111-220970145-4e5998d1-4a9c-41a1-97bc-cd0a9f6b7fa6"
  },
  {
    "title": "Vigorous Climber",
    "body": "Bought bare root in April & has been growing gorgeous since then. Highly recommended.",
    "rating": 5,
    "review_date": "2025-07-06 13:40:39 UTC",
    "source": "web",
    "curated": "ok",
    "product_id": "4113823629393",
    "product_handle": "the-pilgrim-climbing-rose",
    "reply": "",
    "reply_date": "",
    "picture_urls": "https://s3.amazonaws.com/me.judge.review-images/david-austin-roses-uk/1751809239__img_8086__original.jpeg",
    "ip_address": "86.20.182.191",
    "location": "Swindon, England, United Kingdom",
    "metaobject_handle": "review-335de22a-bdf6-45cd-a7ea-646cda6fc4dc"
  },
  {
    "title": "",
    "body": "Beautiful, full of buds, well packed. I\u2019m looking forward to see it in bloom and climbing the arch.",
    "rating": 5,
    "review_date": "2023-06-09 16:09:01 UTC",
    "source": "shop-app",
    "curated": "ok",
    "product_id": "4114097864785",
    "product_handle": "the-pilgrim-climbing-rose-potted",
    "reply": "",
    "reply_date": "",
    "picture_urls": "",
    "ip_address": "",
    "location": "",
    "metaobject_handle": "shop-2519111-13981392-03cf0bd4-eb94-41bb-95bb-5e821fe3e238"
  },
  {
    "title": "",
    "body": "Excellent product , packaging and delivery",
    "rating": 5,
    "review_date": "2023-08-07 11:07:14 UTC",
    "source": "shop-app",
    "curated": "ok",
    "product_id": "4114097864785",
    "product_handle": "the-pilgrim-climbing-rose-potted",
    "reply": "",
    "reply_date": "",
    "picture_urls": "",
    "ip_address": "",
    "location": "",
    "metaobject_handle": "shop-2519111-34321106-09051875-23f2-4095-b0f3-61530e194ddb"
  },
  {
    "title": "",
    "body": "Lovely rose as I\u2019d expect from David Austin",
    "rating": 5,
    "review_date": "2023-08-10 11:15:44 UTC",
    "source": "shop-app",
    "curated": "ok",
    "product_id": "4114097864785",
    "product_handle": "the-pilgrim-climbing-rose-potted",
    "reply": "",
    "reply_date": "",
    "picture_urls": "",
    "ip_address": "",
    "location": "",
    "metaobject_handle": "shop-2519111-34526145-0c897fee-4991-447d-971a-78dee968140f"
  },
  {
    "title": "",
    "body": "Fantastic rose in tip top condition.",
    "rating": 5,
    "review_date": "2023-09-27 08:52:47 UTC",
    "source": "shop-app",
    "curated": "ok",
    "product_id": "4114097864785",
    "product_handle": "the-pilgrim-climbing-rose-potted",
    "reply": "",
    "reply_date": "",
    "picture_urls": "",
    "ip_address": "",
    "location": "",
    "metaobject_handle": "shop-2519111-37888718-a7e5c2c6-ccfc-4585-b4cc-f0bcb2576dd9"
  },
  {
    "title": "",
    "body": "Stunning rose arrived in perfect condition",
    "rating": 5,
    "review_date": "2023-11-01 12:40:19 UTC",
    "source": "shop-app",
    "curated": "ok",
    "product_id": "4114097864785",
    "product_handle": "the-pilgrim-climbing-rose-potted",
    "reply": "",
    "reply_date": "",
    "picture_urls": "",
    "ip_address": "",
    "location": "",
    "metaobject_handle": "shop-2519111-44844893-2fcc7615-ce15-473c-807a-7289adbafdb6"
  },
  {
    "title": "",
    "body": "It\u2019s hard to review my rose because it isn\u2019t in flower yet, it\u2019s a bit too early. My delivery was good and the rose bush looks healthy.",
    "rating": 5,
    "review_date": "2024-04-21 12:08:41 UTC",
    "source": "shop-app",
    "curated": "ok",
    "product_id": "4114097864785",
    "product_handle": "the-pilgrim-climbing-rose-potted",
    "reply": "",
    "reply_date": "",
    "picture_urls": "",
    "ip_address": "",
    "location": "",
    "metaobject_handle": "shop-2519111-134731521-5557c53a-b798-464e-92a5-c796d55a331e"
  },
  {
    "title": "",
    "body": "We followed the instructions and the rose never grew. Rubbish.",
    "rating": 1,
    "review_date": "2023-11-22 13:27:46 UTC",
    "source": "shop-app",
    "curated": "ok",
    "product_id": "4114056577105",
    "product_handle": "the-pilgrim-climbing-rose-bare-root",
    "reply": "",
    "reply_date": "",
    "picture_urls": "",
    "ip_address": "",
    "location": "",
    "metaobject_handle": "shop-2519111-53743485-35be9e70-450e-47c7-ab30-69b89d35d3d5"
  },
  {
    "title": "",
    "body": "Always excellent service from David Austin",
    "rating": 5,
    "review_date": "2023-11-30 12:44:21 UTC",
    "source": "shop-app",
    "curated": "ok",
    "product_id": "4114056577105",
    "product_handle": "the-pilgrim-climbing-rose-bare-root",
    "reply": "",
    "reply_date": "",
    "picture_urls": "",
    "ip_address": "",
    "location": "",
    "metaobject_handle": "shop-2519111-55203296-8b6fd6fb-1853-4efd-9744-5c7835148a56"
  },
  {
    "title": "",
    "body": "I bought this as a present for someone and they were so pleased and it\u2019s looking lovely. Well packed and quick delivery",
    "rating": 5,
    "review_date": "2024-01-05 16:23:46 UTC",
    "source": "shop-app",
    "curated": "ok",
    "product_id": "4114056577105",
    "product_handle": "the-pilgrim-climbing-rose-bare-root",
    "reply": "",
    "reply_date": "",
    "picture_urls": "",
    "ip_address": "",
    "location": "",
    "metaobject_handle": "shop-2519111-109801995-8887ac4c-eced-49cb-a6b0-53589377ab75"
  },
  {
    "title": "",
    "body": "Lovely strong plants",
    "rating": 5,
    "review_date": "2024-03-20 13:35:14 UTC",
    "source": "shop-app",
    "curated": "ok",
    "product_id": "4114056577105",
    "product_handle": "the-pilgrim-climbing-rose-bare-root",
    "reply": "",
    "reply_date": "",
    "picture_urls": "",
    "ip_address": "",
    "location": "",
    "metaobject_handle": "shop-2519111-128813923-13d5eff1-121c-4cf9-abd6-d90f3309e245"
  },
  {
    "title": "",
    "body": "My first experience of buying bare root roses. Excellent service - really swift delivery, great packaging and advice on website for planting and care is excellent. My Pilgrim has only been in the ground a couple of weeks and has started sprouting shoots and leaves. Early signs look good for a healthy, well performing rose plant.",
    "rating": 5,
    "review_date": "2024-05-14 21:00:37 UTC",
    "source": "shop-app",
    "curated": "ok",
    "product_id": "4114056577105",
    "product_handle": "the-pilgrim-climbing-rose-bare-root",
    "reply": "",
    "reply_date": "",
    "picture_urls": "",
    "ip_address": "",
    "location": "",
    "metaobject_handle": "shop-2519111-138542798-285a51cf-71df-46c6-9850-e92a418218e6"
  }
]