[
  {
    "title": "",
    "body": "Beautiful roses. All of the roses we have purchased from David Austin, direct from their nursery or online, have been superb. The Ancient Mariner is a lovely pink. It has lots of new growth and several flowers and buds. Will definitely buy from David Austin again",
    "rating": 5,
    "review_date": "2023-07-21 18:21:18 UTC",
    "source": "shop-app",
    "curated": "ok",
    "product_id": "4114095177809",
    "product_handle": "the-ancient-mariner-shrub-rose-potted",
    "reply": "",
    "reply_date": "",
    "picture_urls": "",
    "ip_address": "",
    "location": "",
    "metaobject_handle": "shop-2519111-33391699-b6adcf62-ecc0-453e-8d22-942ea39e3b62"
  }
]