[
  {
    "title": "",
    "body": "Wanted this as memory for mum . Stunning fragrance and beautiful rose. Thank u",
    "rating": 5,
    "review_date": "2024-05-16 11:04:54 UTC",
    "source": "shop-app",
    "curated": "ok",
    "product_id": "4114131615825",
    "product_handle": "the-shepherdess-shrub-rose-bare-root",
    "reply": "",
    "reply_date": "",
    "picture_urls": "",
    "ip_address": "",
    "location": "",
    "metaobject_handle": "shop-2519111-138836569-9c47dcda-11a4-49f1-b242-e0bdfa869729"
  }
]