[
  {
    "title": "",
    "body": "Beautifully packaged ordered Sunday delivery following Tuesday. Lovely full plant with many buds. Had roses from here before they are definitely ahead of any others. Worth every penny. \u2764\ufe0f",
    "rating": 5,
    "review_date": "2025-05-20 11:10:12 UTC",
    "source": "shop-app",
    "curated": "ok",
    "product_id": "15268772315516",
    "product_handle": "the-kings-rose",
    "reply": "",
    "reply_date": "",
    "picture_urls": "",
    "ip_address": "",
    "location": "",
    "metaobject_handle": "shop-2519111-211048721-2e960647-7ba3-40fa-816a-045ca419f080"
  },
  {
    "title": "The Kings Rose Quality",
    "body": "Just received The Kings Rose 2 days after its release, its beyond beautiful. Such a stunning flower, arrived in pristine condition. Gladens the heart. So happy with it.",
    "rating": 5,
    "review_date": "2025-05-20 17:42:40 UTC",
    "source": "web",
    "curated": "ok",
    "product_id": "15268772315516",
    "product_handle": "the-kings-rose",
    "reply": "",
    "reply_date": "",
    "picture_urls": "",
    "ip_address": "94.13.186.193",
    "location": "Deeside, Wales, United Kingdom",
    "metaobject_handle": "review-afb3df47-b28d-460a-90b9-e8acbbc91f57"
  },
  {
    "title": "Gorgeous",
    "body": "Just received my rose it was well packed and in fantastic condition. It\u2019s full of buds",
    "rating": 5,
    "review_date": "2025-05-21 06:59:38 UTC",
    "source": "web",
    "curated": "ok",
    "product_id": "15268772315516",
    "product_handle": "the-kings-rose",
    "reply": "",
    "reply_date": "",
    "picture_urls": "https://s3.amazonaws.com/me.judge.review-images/david-austin-roses-uk/1747810778__image__original.jpg",
    "ip_address": "78.86.169.19",
    "location": "Chesterfield, England, United Kingdom",
    "metaobject_handle": "review-79c07d0e-4f1a-4a9b-9e6b-e12c6779078d"
  },
  {
    "title": "Beautiful rose",
    "body": "The King\u2019s  Rose is beautiful. It was delivered quickly, well packaged and a good strong plant with lots of buds! Wonderful scent too.\nOrdered it after seeing it on the Chelsea Flower show and it will be in memory of two very special people we have lost in past few weeks.\nThank you",
    "rating": 5,
    "review_date": "2025-05-21 11:47:17 UTC",
    "source": "web",
    "curated": "ok",
    "product_id": "15268772315516",
    "product_handle": "the-kings-rose",
    "reply": "",
    "reply_date": "",
    "picture_urls": "",
    "ip_address": "82.47.218.198",
    "location": "West Bromwich, England, United Kingdom",
    "metaobject_handle": "review-913fd1ec-7a05-45ff-94f3-c9bb1f1fa111"
  },
  {
    "title": "Beautiful Gift",
    "body": "My grandmother bought me this rose as she knows I'm a huge fan of David Austin. It arrived in brilliant timing and the condition of the rose is superb, which is the main reason why I only buy my roses direct. With several buds already waiting to bloom, I'm looking forward to enjoying this in my garden.",
    "rating": 5,
    "review_date": "2025-05-21 13:20:21 UTC",
    "source": "web",
    "curated": "ok",
    "product_id": "15268772315516",
    "product_handle": "the-kings-rose",
    "reply": "",
    "reply_date": "",
    "picture_urls": "",
    "ip_address": "90.216.134.197",
    "location": "Southall, England, United Kingdom",
    "metaobject_handle": "review-343ca4ca-1d2b-454e-a17c-418aa702100d"
  },
  {
    "title": "Delighted!",
    "body": "I was thrilled to receive my rose in full bud, and looking surprisingly tall and healthy. It came within two days. Great service and quality as always from David Austin",
    "rating": 5,
    "review_date": "2025-05-21 13:52:52 UTC",
    "source": "web",
    "curated": "ok",
    "product_id": "15268772315516",
    "product_handle": "the-kings-rose",
    "reply": "",
    "reply_date": "",
    "picture_urls": "",
    "ip_address": "82.2.78.14",
    "location": "Edinburgh, Scotland, United Kingdom",
    "metaobject_handle": "review-96250106-638f-4b3d-9f79-6b6d8943b22a"
  },
  {
    "title": "King Charles Rose",
    "body": "Gorgeous striped rose arrived along with an Olivia rose both in bloom and with buds ready to open.  Very well packaged and arrived in 5 days.  Thrilled to bits with them both.  Thank you.",
    "rating": 5,
    "review_date": "2025-05-30 00:58:06 UTC",
    "source": "web",
    "curated": "ok",
    "product_id": "15268772315516",
    "product_handle": "the-kings-rose",
    "reply": "",
    "reply_date": "",
    "picture_urls": "",
    "ip_address": "86.2.225.171",
    "location": "Alfreton, England, United Kingdom",
    "metaobject_handle": "review-bea7fa12-918e-4f2c-9061-9b6b5ff6e7b2"
  },
  {
    "title": "Proud Owner",
    "body": "I had the absolute pleasure in having Boscobel , Emma Bridgewater and Gertrude Jekyll thrive in my garden all potted in a 2m height planters. I have never tried growing them and with David Austin it\u2019s been a full filling journey. .  I use the soil rich with nutrients and the Mycorrhizal Fungi. You will be thrilled to see some outstanding blooms decorating your garden.",
    "rating": 5,
    "review_date": "2025-05-30 07:48:38 UTC",
    "source": "web",
    "curated": "ok",
    "product_id": "15268772315516",
    "product_handle": "the-kings-rose",
    "reply": "",
    "reply_date": "",
    "picture_urls": "https://s3.amazonaws.com/me.judge.review-images/david-austin-roses-uk/1748591319__img_5677__original.jpeg, https://s3.amazonaws.com/me.judge.review-images/david-austin-roses-uk/1748591324__img_6030__original.jpeg, https://s3.amazonaws.com/me.judge.review-images/david-austin-roses-uk/1748591321__img_5935__original.jpeg, https://s3.amazonaws.com/me.judge.review-images/david-austin-roses-uk/1748591327__img_6052__original.jpeg, https://s3.amazonaws.com/me.judge.review-images/david-austin-roses-uk/1748591331__img_6085__original.jpeg",
    "ip_address": "31.94.56.165",
    "location": "Waltham Forest, England, United Kingdom",
    "metaobject_handle": "review-75242aaf-0b81-4d18-96fe-e8c4f1683441"
  },
  {
    "title": "Somewhat disappointed",
    "body": "Our rose arrived well packaged and on time however it does not look like a specially handpicked item.\nThe rose is loose in the pot and waggles easily so is very unstable, we would certainly not have picked it in a shop, the stem is not good or neat.\nWe also did not expect to have to dead-head a new rose, lots needed and no petals in the box so it must have been packaged in that condition.\n\nDefinitely expected better.",
    "rating": 3,
    "review_date": "2025-05-30 18:42:09 UTC",
    "source": "web",
    "curated": "ok",
    "product_id": "15268772315516",
    "product_handle": "the-kings-rose",
    "reply": "",
    "reply_date": "",
    "picture_urls": "https://s3.amazonaws.com/me.judge.review-images/david-austin-roses-uk/1748630529__img_4201__original.jpeg, https://s3.amazonaws.com/me.judge.review-images/david-austin-roses-uk/1748630532__img_4202__original.jpeg",
    "ip_address": "86.179.106.17",
    "location": "Manchester, England, United Kingdom",
    "metaobject_handle": "review-8f62ead7-3a39-481d-91a0-d783de70f4ab"
  },
  {
    "title": "A King in Sheeps Clothing? Rose not like picture",
    "body": "Our rose arrived arrived safely today. It looks beautiful and has lots of buds - looks very healthy. It has the King's Rose label on it, but the actual rose looks rather different - more like the Emma Bridgewater rose. It's a lovely rose but not what I was expecting...",
    "rating": 4,
    "review_date": "2025-05-30 18:46:55 UTC",
    "source": "web",
    "curated": "ok",
    "product_id": "15268772315516",
    "product_handle": "the-kings-rose",
    "reply": "",
    "reply_date": "",
    "picture_urls": "https://s3.amazonaws.com/me.judge.review-images/david-austin-roses-uk/1748630816__1000015534__original.jpg, https://s3.amazonaws.com/me.judge.review-images/david-austin-roses-uk/1748630815__1000015533__original.jpg",
    "ip_address": "88.97.30.139",
    "location": "Hackney, England, United Kingdom",
    "metaobject_handle": "review-a872fc3a-5c2c-4b4a-9614-7a0c332aae00"
  },
  {
    "title": "Gorgeous",
    "body": "I was lucky enough to order before The King\u2019s Rose sold out. It certainly has not disappointed. Totally different from my other roses. Well done to all concerned.",
    "rating": 5,
    "review_date": "2025-05-30 19:07:46 UTC",
    "source": "web",
    "curated": "ok",
    "product_id": "15268772315516",
    "product_handle": "the-kings-rose",
    "reply": "",
    "reply_date": "",
    "picture_urls": "https://s3.amazonaws.com/me.judge.review-images/david-austin-roses-uk/1748632068__img_9327__original.jpeg, https://s3.amazonaws.com/me.judge.review-images/david-austin-roses-uk/1748632066__ddc1678f-76a3-4f74-9930-2b6310fddfbd__original.jpeg",
    "ip_address": "81.106.163.188",
    "location": "Newport, Wales, United Kingdom",
    "metaobject_handle": "review-a2e89a18-6a83-4ad4-8325-d2217dc5b6d4"
  },
  {
    "title": "Elaine",
    "body": "The King\u2019s Rose is beautiful. It makes me smile every time I look at it. I received a rose bush in excellent health with lots of buds. Looking forward to seeing the flowers emerge over summer. \nStunning rose.",
    "rating": 5,
    "review_date": "2025-05-31 05:20:45 UTC",
    "source": "web",
    "curated": "ok",
    "product_id": "15268772315516",
    "product_handle": "the-kings-rose",
    "reply": "",
    "reply_date": "",
    "picture_urls": "",
    "ip_address": "31.53.64.173",
    "location": "Melton Mowbray, England, United Kingdom",
    "metaobject_handle": "review-9271fe59-1714-4b6c-85f2-67142078e9c0"
  },
  {
    "title": "",
    "body": "Beautiful roses. Quick delivery.",
    "rating": 5,
    "review_date": "2025-06-02 06:29:20 UTC",
    "source": "shop-app",
    "curated": "ok",
    "product_id": "15268772315516",
    "product_handle": "the-kings-rose",
    "reply": "",
    "reply_date": "",
    "picture_urls": "",
    "ip_address": "",
    "location": "",
    "metaobject_handle": "shop-2519111-213858727-090c9975-fce1-4690-8048-1210c06849a6"
  },
  {
    "title": "The King\u2019s Rose",
    "body": "The King\u2019s Rose arrived well packaged but somewhat tired.  I was disappointed with the condition of the shrub as shown in the photos.  After much \u2018tidying\u2019 it has been planted in a pot and is showing several buds.  We eagerly await the blooms.",
    "rating": 4,
    "review_date": "2025-06-02 06:44:14 UTC",
    "source": "web",
    "curated": "ok",
    "product_id": "15268772315516",
    "product_handle": "the-kings-rose",
    "reply": "",
    "reply_date": "",
    "picture_urls": "https://s3.amazonaws.com/me.judge.review-images/david-austin-roses-uk/1748846655__4aa44386-68f8-4981-bff4-76c483f3659e__original.jpeg, https://s3.amazonaws.com/me.judge.review-images/david-austin-roses-uk/1748846656__74687a66-6354-4157-837c-b70d7da52aff__original.jpeg, https://s3.amazonaws.com/me.judge.review-images/david-austin-roses-uk/1748846657__5656ee88-02d6-414d-8b78-8baa017c18aa__original.jpeg",
    "ip_address": "80.46.216.166",
    "location": "Wrexham, Wales, United Kingdom",
    "metaobject_handle": "review-b4723a57-acf6-4893-bebe-292b74cfbc5e"
  },
  {
    "title": "Stunning rose",
    "body": "A beautiful rose, great size, packaged brilliantly. Full of flowers and unopened buds. Looking gorgeous!",
    "rating": 5,
    "review_date": "2025-06-02 08:47:22 UTC",
    "source": "new-rre-flow",
    "curated": "ok",
    "product_id": "15268772315516",
    "product_handle": "the-kings-rose",
    "reply": "",
    "reply_date": "",
    "picture_urls": "",
    "ip_address": "82.132.247.215",
    "location": "Nuneaton, England, United Kingdom",
    "metaobject_handle": "review-37fcc6de-0e9d-4c2e-996b-952f9268c183"
  },
  {
    "title": "Eustacia Vye",
    "body": "I recently ordered Eustacia Vye rose, which came promptly and in very good condition. It is the most beautiful rose I have ever seen, and smells gorgeous. It has plentiful blooms of peachy pink and looks delightful on my patio. It appears very healthy aswell, so thank you so much David Austin roses.",
    "rating": 5,
    "review_date": "2025-06-02 09:21:05 UTC",
    "source": "web",
    "curated": "ok",
    "product_id": "15268772315516",
    "product_handle": "the-kings-rose",
    "reply": "",
    "reply_date": "",
    "picture_urls": "https://s3.amazonaws.com/me.judge.review-images/david-austin-roses-uk/1748856066__img_0453__original.jpeg",
    "ip_address": "109.180.90.48",
    "location": "Deal, England, United Kingdom",
    "metaobject_handle": "review-364a8289-d282-4567-b19f-cc3faa862884"
  },
  {
    "title": "kings Roses",
    "body": "Love the new rose looks great in my garden",
    "rating": 5,
    "review_date": "2025-06-02 12:05:41 UTC",
    "source": "new-rre-flow",
    "curated": "ok",
    "product_id": "15268772315516",
    "product_handle": "the-kings-rose",
    "reply": "",
    "reply_date": "",
    "picture_urls": "",
    "ip_address": "2a00:23c8:ee02:1e01:2ca6:8a69:f1c6:5122",
    "location": "Witham, England, United Kingdom",
    "metaobject_handle": "review-d4954f62-2bed-4918-8788-99a105ec7aa8"
  },
  {
    "title": "King\u2019s Rose -",
    "body": "Hi \nThe rose is beautiful, just pondering on where to plant it!  It has been well received by many friends and family.   Thank you for all your hard work and dedication. \nIt was a pleasure to meet David Austin members at Chelsea. Beautiful stand, fell in love with Lady of Shallot and bought that too at my local garden centre.  \nMany thanks. Judi West",
    "rating": 5,
    "review_date": "2025-06-02 12:23:38 UTC",
    "source": "new-rre-flow",
    "curated": "ok",
    "product_id": "15268772315516",
    "product_handle": "the-kings-rose",
    "reply": "",
    "reply_date": "",
    "picture_urls": "",
    "ip_address": "2a00:23c8:a713:c01:38ba:e558:75e:16d2",
    "location": "Bournemouth, England, United Kingdom",
    "metaobject_handle": "review-d69ec1dc-5586-43ce-becb-7f9793c21a4f"
  },
  {
    "title": "Wonderful fragrant rose",
    "body": "The rose has a wonderful perfume that is really quite strong. This means it wafts as you pass the plant. The flowers are all different so each one has an individual beauty.",
    "rating": 5,
    "review_date": "2025-06-02 12:34:10 UTC",
    "source": "new-rre-flow",
    "curated": "ok",
    "product_id": "15268772315516",
    "product_handle": "the-kings-rose",
    "reply": "",
    "reply_date": "",
    "picture_urls": "",
    "ip_address": "2a00:23c8:2f87:4b01:7cd3:f89d:70e8:f890",
    "location": "Windsor, England, United Kingdom",
    "metaobject_handle": "review-8d6b9b8c-67d7-4910-a8c8-87f3af44894b"
  },
  {
    "title": "",
    "body": "Came in excellent condition. Very surprised and delighted by size of plant with 6 flowers and between 30-40 buds! Thankyou. A delightful birthday present!",
    "rating": 5,
    "review_date": "2025-06-02 13:17:04 UTC",
    "source": "new-rre-flow",
    "curated": "ok",
    "product_id": "15268772315516",
    "product_handle": "the-kings-rose",
    "reply": "",
    "reply_date": "",
    "picture_urls": "",
    "ip_address": "2a02:c7c:c450:7000:45ef:67ae:12c4:5002",
    "location": "Coventry, England, United Kingdom",
    "metaobject_handle": "review-ee4f4a34-a2ff-4e78-98dd-547963966add"
  },
  {
    "title": "Kings Rose",
    "body": "A beautiful rose which arrived in first class condition...As always DA you have produced an outstanding rose Well done",
    "rating": 5,
    "review_date": "2025-06-02 15:27:33 UTC",
    "source": "new-rre-flow",
    "curated": "ok",
    "product_id": "15268772315516",
    "product_handle": "the-kings-rose",
    "reply": "",
    "reply_date": "",
    "picture_urls": "",
    "ip_address": "185.52.145.68",
    "location": "Kensington, England, United Kingdom",
    "metaobject_handle": "review-9781ffcf-d836-4a30-ae83-0a9eef86ca0e"
  },
  {
    "title": "Beautiful",
    "body": "I saw this at the Chelsea Flower Show and decided to buy - it\u2019s so lovely, I\u2019m delighted with my purchase. It is David Austin\u2019s usual high standard plant. I always buy from them and have never been disappointed",
    "rating": 5,
    "review_date": "2025-06-02 18:56:53 UTC",
    "source": "new-rre-flow",
    "curated": "ok",
    "product_id": "15268772315516",
    "product_handle": "the-kings-rose",
    "reply": "",
    "reply_date": "",
    "picture_urls": "",
    "ip_address": "2a00:23ee:1440:10eb:c9ca:d60c:ddd3:70d5",
    "location": "Hengoed, Wales, United Kingdom",
    "metaobject_handle": "review-695d6723-d805-40ea-9330-e143a2599875"
  },
  {
    "title": "Beautiful",
    "body": "The rose is perfect, it was a lot of money for me to spend but \ud83d\ude1e think it's well worth it",
    "rating": 5,
    "review_date": "2025-06-05 18:04:15 UTC",
    "source": "new-rre-flow",
    "curated": "ok",
    "product_id": "15268772315516",
    "product_handle": "the-kings-rose",
    "reply": "",
    "reply_date": "",
    "picture_urls": "",
    "ip_address": "185.42.102.169",
    "location": "Cabourg, Normandy, France",
    "metaobject_handle": "review-67e5814a-8337-4489-95f0-c48b980d42e1"
  },
  {
    "title": "",
    "body": "Divine, scent amazing",
    "rating": 5,
    "review_date": "2025-06-05 20:36:02 UTC",
    "source": "shop-app",
    "curated": "ok",
    "product_id": "15268772315516",
    "product_handle": "the-kings-rose",
    "reply": "",
    "reply_date": "",
    "picture_urls": "",
    "ip_address": "",
    "location": "",
    "metaobject_handle": "shop-2519111-214733272-4ab2ee24-b60d-4747-9d2f-a53748f5ea19"
  },
  {
    "title": "The Kings Rose",
    "body": "I ordered and payed for 3 Kings  Roses at the Chelsea Flower Show because I was gifting one to my daughter.\nMy two Roses were perfect but my daughters had Black spot and crispy brown leaves, plus she purchased a climber ?   for herself which was also marked.\nBecause these were delivered to her address and email I told her to contact David Austin which she did and was told it was alright to just remove the damage and everything would be fine, which I don\u2019t think is good enough because I wouldn\u2019t of bought them like that in a shop.\nAlso on David Austin video it mentioned that the Kings Rose was disease resistant.\n\nI have bought dozens of David Austin Roses over that last 3 yrs and feel really disappointed with the comment, which makes me think should I really carry on buying from them.",
    "rating": 3,
    "review_date": "2025-06-06 09:23:24 UTC",
    "source": "new-rre-flow",
    "curated": "ok",
    "product_id": "15268772315516",
    "product_handle": "the-kings-rose",
    "reply": "",
    "reply_date": "",
    "picture_urls": "https://s3.amazonaws.com/me.judge.review-images/david-austin-roses-uk/1749202333__1749201855379-62244e2a-d294-4de2-a514-34__original.jpeg, https://s3.amazonaws.com/me.judge.review-images/david-austin-roses-uk/1749202334__1749201914738-291e4ed3-a023-4a66-b62f-9d__original.jpeg, https://s3.amazonaws.com/me.judge.review-images/david-austin-roses-uk/1749202342__1749202018707-69802f71-69da-4b0f-bd30-f7__original.jpeg, https://s3.amazonaws.com/me.judge.review-images/david-austin-roses-uk/1749202346__1749202060966-ae3a3490-7bea-4ab0-bacd-e4__original.jpeg, https://s3.amazonaws.com/me.judge.review-images/david-austin-roses-uk/1749202336__1749201915835-63df0258-7bad-43d7-bb2b-13__original.jpeg, https://s3.amazonaws.com/me.judge.review-images/david-austin-roses-uk/1749202337__1749201916377-69802f71-69da-4b0f-bd30-f7__original.jpeg, https://s3.amazonaws.com/me.judge.review-images/david-austin-roses-uk/1749202338__1749201916896-24fc72fe-06b0-4166-956b-59__original.jpeg, https://s3.amazonaws.com/me.judge.review-images/david-austin-roses-uk/1749202339__1749201917962-ae3a3490-7bea-4ab0-bacd-e4__original.jpeg, https://s3.amazonaws.com/me.judge.review-images/david-austin-roses-uk/1749202340__1749201918600-62244e2a-d294-4de2-a514-34__original.jpeg, https://s3.amazonaws.com/me.judge.review-images/david-austin-roses-uk/1749202344__1749202020367-63df0258-7bad-43d7-bb2b-13__original.jpeg, https://s3.amazonaws.com/me.judge.review-images/david-austin-roses-uk/1749202345__1749202020872-62244e2a-d294-4de2-a514-34__original.jpeg, https://s3.amazonaws.com/me.judge.review-images/david-austin-roses-uk/1749202343__1749202019925-24fc72fe-06b0-4166-956b-59__original.jpeg, https://s3.amazonaws.com/me.judge.review-images/david-austin-roses-uk/1749202353__1749202310037-925d806f-748b-4aef-a0f4-b9__original.jpeg, https://s3.amazonaws.com/me.judge.review-images/david-austin-roses-uk/1749202348__1749202120905-62244e2a-d294-4de2-a514-34__original.jpeg, https://s3.amazonaws.com/me.judge.review-images/david-austin-roses-uk/1749202349__1749202122125-69802f71-69da-4b0f-bd30-f7__original.jpeg, https://s3.amazonaws.com/me.judge.review-images/david-austin-roses-uk/1749202355__1749202312218-ae3a3490-7bea-4ab0-bacd-e4__original.jpeg, https://s3.amazonaws.com/me.judge.review-images/david-austin-roses-uk/1749202350__1749202122617-63df0258-7bad-43d7-bb2b-13__original.jpeg, https://s3.amazonaws.com/me.judge.review-images/david-austin-roses-uk/1749202352__1749202307373-e7b57c0b-65a1-4658-bf07-66__original.jpeg, https://s3.amazonaws.com/me.judge.review-images/david-austin-roses-uk/1749202354__1749202311300-c56a7bae-2229-468c-b80c-e8__original.jpeg",
    "ip_address": "82.1.40.34",
    "location": "Leicester, England, United Kingdom",
    "metaobject_handle": "review-ab9e2203-90b1-4f1b-97c8-6f0a96a3c013"
  },
  {
    "title": "KINGS ROSE",
    "body": "COMPLETELY DISAPOINTED WITH THIS ROSE.\nLONG TWIGGY APPEARANCE \nBRANCHES BROKEN OFF AS SOON AS THE WIND BLEW\nFOLLOWED BY PETALS EVEN THOUGH IN SHELTERED GARDEN.\nI DO NOT RECOMMEND IT AT ALL.",
    "rating": 3,
    "review_date": "2025-06-06 10:35:12 UTC",
    "source": "web",
    "curated": "ok",
    "product_id": "15268772315516",
    "product_handle": "the-kings-rose",
    "reply": "",
    "reply_date": "",
    "picture_urls": "",
    "ip_address": "86.138.68.3",
    "location": "Maidstone, England, United Kingdom",
    "metaobject_handle": "review-a42f24a1-3859-4cf2-8115-c8ce175f8862"
  },
  {
    "title": "",
    "body": "The plant looks healthy either way buds so I am looking forward to seeing it flower",
    "rating": 5,
    "review_date": "2025-06-06 20:35:27 UTC",
    "source": "new-rre-flow",
    "curated": "ok",
    "product_id": "15268772315516",
    "product_handle": "the-kings-rose",
    "reply": "",
    "reply_date": "",
    "picture_urls": "",
    "ip_address": "2a00:23c6:4aa9:8c01:1dfd:7cc0:822b:2c02",
    "location": "Llanelli, Wales, United Kingdom",
    "metaobject_handle": "review-86fc9815-6127-4c77-a668-d98eef4d7b44"
  },
  {
    "title": "",
    "body": "Well packaged, healthy plant, good planting instructions.",
    "rating": 5,
    "review_date": "2025-06-07 17:05:31 UTC",
    "source": "shop-app",
    "curated": "ok",
    "product_id": "15268772315516",
    "product_handle": "the-kings-rose",
    "reply": "",
    "reply_date": "",
    "picture_urls": "",
    "ip_address": "",
    "location": "",
    "metaobject_handle": "shop-2519111-215149819-62d12e66-2cfa-405f-9107-a8c9374c5cdc"
  },
  {
    "title": "",
    "body": "Excellent service , quick delivery and its a stunning healthy rose.",
    "rating": 5,
    "review_date": "2025-06-08 07:20:00 UTC",
    "source": "shop-app",
    "curated": "ok",
    "product_id": "15268772315516",
    "product_handle": "the-kings-rose",
    "reply": "",
    "reply_date": "",
    "picture_urls": "",
    "ip_address": "",
    "location": "",
    "metaobject_handle": "shop-2519111-215280516-4e81c602-cf2e-469b-a95b-7ae3e2d7f96c"
  },
  {
    "title": "My Rose",
    "body": "The bush is still in bulb stage so not sure of the final product.  Very impressed how well packed and shipped the rose was.  Fingers crossed I will be happy in due course.",
    "rating": 3,
    "review_date": "2025-06-08 13:09:59 UTC",
    "source": "new-rre-flow",
    "curated": "ok",
    "product_id": "15268772315516",
    "product_handle": "the-kings-rose",
    "reply": "",
    "reply_date": "",
    "picture_urls": "",
    "ip_address": "",
    "location": "",
    "metaobject_handle": "review-ff536f0a-8939-4fed-aaf6-44c03fe248d5"
  },
  {
    "title": "",
    "body": "Fantastic rose brought as a gift. Taken pride of place in the garden.",
    "rating": 5,
    "review_date": "2025-06-09 13:41:09 UTC",
    "source": "shop-app",
    "curated": "ok",
    "product_id": "15268772315516",
    "product_handle": "the-kings-rose",
    "reply": "",
    "reply_date": "",
    "picture_urls": "",
    "ip_address": "",
    "location": "",
    "metaobject_handle": "shop-2519111-215497652-29e84e2e-e7db-41c3-97fe-9dc0a6b012f3"
  },
  {
    "title": "Unusual and very similar to old rose",
    "body": "I already have Ferdinand Pitchard so took to the King\u2019s Rose immediately. The bees adore the open pollen heart.",
    "rating": 4,
    "review_date": "2025-06-09 17:22:34 UTC",
    "source": "web",
    "curated": "ok",
    "product_id": "15268772315516",
    "product_handle": "the-kings-rose",
    "reply": "",
    "reply_date": "",
    "picture_urls": "",
    "ip_address": "81.153.182.225",
    "location": "Southampton, England, United Kingdom",
    "metaobject_handle": "review-a782975b-d5e0-490f-a8df-e21e2bcf9b3d"
  },
  {
    "title": "Gorgeous new rose",
    "body": "I\u2019m delighted with my new rose - gorgeous colouring and delicate scent \ud83d\ude0a",
    "rating": 5,
    "review_date": "2025-06-10 16:45:27 UTC",
    "source": "web",
    "curated": "ok",
    "product_id": "15268772315516",
    "product_handle": "the-kings-rose",
    "reply": "",
    "reply_date": "",
    "picture_urls": "https://s3.amazonaws.com/me.judge.review-images/david-austin-roses-uk/1749573927__img_6876__original.jpeg",
    "ip_address": "86.151.160.138",
    "location": "Flint, Wales, United Kingdom",
    "metaobject_handle": "review-5b7f4669-1359-49db-9063-e64eaf77b481"
  },
  {
    "title": "",
    "body": "Lovely rose and delivered on time. Thank you",
    "rating": 5,
    "review_date": "2025-06-10 17:53:29 UTC",
    "source": "shop-app",
    "curated": "ok",
    "product_id": "15268772315516",
    "product_handle": "the-kings-rose",
    "reply": "",
    "reply_date": "",
    "picture_urls": "",
    "ip_address": "",
    "location": "",
    "metaobject_handle": "shop-2519111-215823430-43ca94e3-a879-44ff-83d7-370c86c4e565"
  },
  {
    "title": "The bees adore it!",
    "body": "Beautifully scented rose that the bees haven\u2019t left alone. The rose came well packaged as always from David Austin \u2026 and with a couple of flowers open and a mass of buds, it\u2019s been in flower since I planted it. It\u2019s sits beautifully in my cottage garden among the foxgloves and close to Gertrude Jeykll, Emma Bridgewater and The Generous Gardener roses. It\u2019s a beauty! Highly recommend for the colour and scent and as I say, the bees adore it.",
    "rating": 5,
    "review_date": "2025-06-10 18:46:19 UTC",
    "source": "web",
    "curated": "ok",
    "product_id": "15268772315516",
    "product_handle": "the-kings-rose",
    "reply": "",
    "reply_date": "",
    "picture_urls": "https://s3.amazonaws.com/me.judge.review-images/david-austin-roses-uk/1749581179__8h9a3764__original.jpeg",
    "ip_address": "91.125.80.58",
    "location": "Worcester, England, United Kingdom",
    "metaobject_handle": "review-c7ff63f9-0413-404d-80a8-50c5605a7833"
  },
  {
    "title": "Stunning new rose",
    "body": "Stunning rose and a great addition to my DA collection.  Arrived healthy and well packaged. Highly recommend. It is positioned near my Gertrude Jekyll which compliments the pink. Heavenly scent and nice open flower which keeps the bees busy.",
    "rating": 5,
    "review_date": "2025-06-10 21:17:00 UTC",
    "source": "web",
    "curated": "ok",
    "product_id": "15268772315516",
    "product_handle": "the-kings-rose",
    "reply": "",
    "reply_date": "",
    "picture_urls": "",
    "ip_address": "31.51.187.229",
    "location": "Waterlooville, England, United Kingdom",
    "metaobject_handle": "review-50ce0e5e-a415-4d7f-a39e-ad87d371f3af"
  },
  {
    "title": "Beautiful Rose",
    "body": "Arrived in excellent condition and full of buds \nthe roses are beautiful, so pleased I ordered before it sold out . \nHighly recommend",
    "rating": 5,
    "review_date": "2025-06-10 22:30:31 UTC",
    "source": "web",
    "curated": "ok",
    "product_id": "15268772315516",
    "product_handle": "the-kings-rose",
    "reply": "",
    "reply_date": "",
    "picture_urls": "",
    "ip_address": "90.213.242.156",
    "location": "Reading, England, United Kingdom",
    "metaobject_handle": "review-b24f3bce-a403-403b-94d5-7586b5bc210d"
  },
  {
    "title": "Beautiful Rose",
    "body": "The King\u2019s Rose like all the David Austin roses I\u2019ve ordered arrived quickly and perfectly packaged. It looked healthy and was bursting with buds. It looks happy sitting in my rose border even though we\u2019ve had heavy rain and high winds lately. I\u2019m really pleased with my purchase it\u2019s such a pretty rose.",
    "rating": 5,
    "review_date": "2025-06-11 07:47:17 UTC",
    "source": "web",
    "curated": "ok",
    "product_id": "15268772315516",
    "product_handle": "the-kings-rose",
    "reply": "",
    "reply_date": "",
    "picture_urls": "",
    "ip_address": "2.127.39.128",
    "location": "Swansea, Wales, United Kingdom",
    "metaobject_handle": "review-2cb61678-a363-4a79-82b5-c8ba430e97ef"
  },
  {
    "title": "The King's Rose",
    "body": "All three received in excellent condition.\nAll healthy and well packaged.",
    "rating": 5,
    "review_date": "2025-06-11 10:47:47 UTC",
    "source": "new-rre-flow",
    "curated": "ok",
    "product_id": "15268772315516",
    "product_handle": "the-kings-rose",
    "reply": "",
    "reply_date": "",
    "picture_urls": "",
    "ip_address": "188.240.57.122",
    "location": "Edinburgh, Scotland, United Kingdom",
    "metaobject_handle": "review-e44ed341-5a48-4929-bfda-1b0071dbafc5"
  },
  {
    "title": "",
    "body": "Rose was very well packaged, appears healthy with plenty of buds near to blooming.",
    "rating": 5,
    "review_date": "2025-06-12 06:59:13 UTC",
    "source": "shop-app",
    "curated": "ok",
    "product_id": "15268772315516",
    "product_handle": "the-kings-rose",
    "reply": "",
    "reply_date": "",
    "picture_urls": "",
    "ip_address": "",
    "location": "",
    "metaobject_handle": "shop-2519111-216229504-d0e2a462-f576-4e91-9e28-05421e50fa00"
  },
  {
    "title": "Lovely Rose",
    "body": "Our rise arrived well packaged and has flourished in a southwest facing border. \nIt\u2019s now covered in flowers, smelly gorgeous and the bees love it. \nVery impressed.",
    "rating": 5,
    "review_date": "2025-06-12 19:48:11 UTC",
    "source": "web",
    "curated": "ok",
    "product_id": "15268772315516",
    "product_handle": "the-kings-rose",
    "reply": "",
    "reply_date": "",
    "picture_urls": "",
    "ip_address": "217.35.242.126",
    "location": "Littlehampton, England, United Kingdom",
    "metaobject_handle": "review-d273cce3-9116-4e81-a600-256d5cb44a4e"
  },
  {
    "title": "",
    "body": "Beautiful rose - delivery boxes were a bit battered - but the plants are thriving now.",
    "rating": 5,
    "review_date": "2025-06-12 22:19:47 UTC",
    "source": "shop-app",
    "curated": "ok",
    "product_id": "15268772315516",
    "product_handle": "the-kings-rose",
    "reply": "",
    "reply_date": "",
    "picture_urls": "",
    "ip_address": "",
    "location": "",
    "metaobject_handle": "shop-2519111-216400305-7e415e82-ede2-41f8-89dd-34c654e9f2ff"
  },
  {
    "title": "",
    "body": "Beautiful rose",
    "rating": 5,
    "review_date": "2025-06-13 14:19:08 UTC",
    "source": "shop-app",
    "curated": "ok",
    "product_id": "15268772315516",
    "product_handle": "the-kings-rose",
    "reply": "",
    "reply_date": "",
    "picture_urls": "",
    "ip_address": "",
    "location": "",
    "metaobject_handle": "shop-2519111-216538857-f0957c8b-9161-4464-8ef7-0fd826743d80"
  },
  {
    "title": "Kings Rose",
    "body": "Just received today, strong in bud plant, can\u2019t wait to plant and watch it flourish \nQuick serve thank you  \ud83d\ude0a",
    "rating": 5,
    "review_date": "2025-05-21 17:26:45 UTC",
    "source": "web",
    "curated": "ok",
    "product_id": "15268772315516",
    "product_handle": "the-kings-rose",
    "reply": "",
    "reply_date": "",
    "picture_urls": "",
    "ip_address": "81.100.51.224",
    "location": "Salisbury, England, United Kingdom",
    "metaobject_handle": "review-1628b03e-516a-4be9-b021-06312ab32878"
  },
  {
    "title": "Beautiful",
    "body": "I received my Rose yesterday, in 3 working days of ordering. In excellent condition, full of buds with one beautiful bloom already open. Absolutely delighted!",
    "rating": 5,
    "review_date": "2025-05-22 05:44:01 UTC",
    "source": "web",
    "curated": "ok",
    "product_id": "15268772315516",
    "product_handle": "the-kings-rose",
    "reply": "",
    "reply_date": "",
    "picture_urls": "",
    "ip_address": "104.28.40.147",
    "location": "London, England, United Kingdom",
    "metaobject_handle": "review-e894ab3a-0cbe-49f2-b863-a05ad5c0eccb"
  },
  {
    "title": "The scent is gorgeous!",
    "body": "As a lover of old fashioned roses and living in a period property, I try to buy appropriate roses which look right in the garden. This arrived today full of flowers and smells totally wonderful! The added bonus is that it\u2019s going to be a repeat flowerer. Looking forward to planting it in one of the borders.",
    "rating": 5,
    "review_date": "2025-05-22 11:41:22 UTC",
    "source": "web",
    "curated": "ok",
    "product_id": "15268772315516",
    "product_handle": "the-kings-rose",
    "reply": "",
    "reply_date": "",
    "picture_urls": "",
    "ip_address": "80.229.239.188",
    "location": "Liss, England, United Kingdom",
    "metaobject_handle": "review-c65b2bed-f1ba-425a-bdd5-38475993fe1d"
  },
  {
    "title": "Beautiful Rose",
    "body": "Arrived within 3 days even though Chelsea is on. Loads of blooms coming.  In the conservatory at the moment prior to planting out, lovely perfume.",
    "rating": 5,
    "review_date": "2025-05-22 13:17:07 UTC",
    "source": "web",
    "curated": "ok",
    "product_id": "15268772315516",
    "product_handle": "the-kings-rose",
    "reply": "",
    "reply_date": "",
    "picture_urls": "",
    "ip_address": "109.154.159.162",
    "location": "Staines-upon-Thames, England, United Kingdom",
    "metaobject_handle": "review-e1b524ec-4977-4645-9dfd-eb725e5c75a3"
  },
  {
    "title": "Fantastic",
    "body": "I have just received my The King\u2019s Rose and it is totally fantastic, it has 3 blooms and numerous buds in a variety of stages. The rose arrived in perfect condition and I totally love it, will buy with confidence again!",
    "rating": 5,
    "review_date": "2025-05-22 14:51:58 UTC",
    "source": "web",
    "curated": "ok",
    "product_id": "15268772315516",
    "product_handle": "the-kings-rose",
    "reply": "",
    "reply_date": "",
    "picture_urls": "https://s3.amazonaws.com/me.judge.review-images/david-austin-roses-uk/1747925519__img_2453__original.jpeg",
    "ip_address": "86.167.173.207",
    "location": "Berkhamsted, England, United Kingdom",
    "metaobject_handle": "review-c0f1c031-d58e-431a-b0ae-1cdcaae10dda"
  },
  {
    "title": "Beautiful Rose",
    "body": "I have just received my \u2018King\u2019sRose\u2019 and am absolutely delighted. It really is spectacular, it has two full blooms and several buds at varying stages.  I can\u2019t wait to get it planted out in one of my borders.",
    "rating": 5,
    "review_date": "2025-05-22 15:00:44 UTC",
    "source": "web",
    "curated": "ok",
    "product_id": "15268772315516",
    "product_handle": "the-kings-rose",
    "reply": "",
    "reply_date": "",
    "picture_urls": "",
    "ip_address": "31.104.46.3",
    "location": "Huntingdon, England, United Kingdom",
    "metaobject_handle": "review-233243d8-e753-4f6f-86d7-fc61e9a00e9c"
  },
  {
    "title": "Wow!",
    "body": "Just received my 'Kings rose' this morning. Amazing fast delivery and packaged perfectly to arrive in top condition.\nThe bush is absolutely stunning, masses of buds from flowering to just forming. It's my first David Austin rose but doubt my last. \n5 star all round!",
    "rating": 5,
    "review_date": "2025-05-23 09:44:32 UTC",
    "source": "web",
    "curated": "ok",
    "product_id": "15268772315516",
    "product_handle": "the-kings-rose",
    "reply": "",
    "reply_date": "",
    "picture_urls": "https://s3.amazonaws.com/me.judge.review-images/david-austin-roses-uk/1747993472__1000005967__original.jpg",
    "ip_address": "176.26.37.191",
    "location": "Great Yarmouth, England, United Kingdom",
    "metaobject_handle": "review-2c2dfd3f-b14c-4860-b6e5-020a41158bcc"
  },
  {
    "title": "Absolutely exquisite and wonderful in every way - what a joy!",
    "body": "Thank you. I couldn\u2019t be happier to have one of these exquisite roses grown  for King Charles. Such refinement. Mixed in a broad border with other David Austin pink and cream roses it creates a magical carpet of perfection",
    "rating": 5,
    "review_date": "2025-05-23 10:54:02 UTC",
    "source": "web",
    "curated": "ok",
    "product_id": "15268772315516",
    "product_handle": "the-kings-rose",
    "reply": "",
    "reply_date": "",
    "picture_urls": "https://s3.amazonaws.com/me.judge.review-images/david-austin-roses-uk/1747997642__2a47525e-8f8b-4cca-bd69-0b9ad221d199__original.jpeg",
    "ip_address": "86.142.101.19",
    "location": "Gloucester, England, United Kingdom",
    "metaobject_handle": "review-64736dc9-50ab-41fa-960c-58a60fa11dd3"
  },
  {
    "title": "Looks like a paintbrush has been at work",
    "body": "I received this rose today and couldn\u2019t wait to open it. The delivery man had seen it on TV as I had, we both agreed how stunning it is. My daughter wants one and will have to wait for new stock!  Well done David Austin roses in bringing joy into my garden.",
    "rating": 5,
    "review_date": "2025-05-23 11:28:16 UTC",
    "source": "web",
    "curated": "ok",
    "product_id": "15268772315516",
    "product_handle": "the-kings-rose",
    "reply": "",
    "reply_date": "",
    "picture_urls": "https://s3.amazonaws.com/me.judge.review-images/david-austin-roses-uk/1747999696__image__original.jpg",
    "ip_address": "2.103.149.95",
    "location": "Yeovil, England, United Kingdom",
    "metaobject_handle": "review-52313994-f2db-4c17-be45-e6ed918bbb3f"
  },
  {
    "title": "Beautiful Rose!",
    "body": "I bought three of the king's rose from the mainstore on release day and I couldn't be happier with it as a rose. I'm impressed that david austin has produced such a beautiful striking rose this year.  I was looking for more bee friendly roses and this struck the note that I was after.",
    "rating": 5,
    "review_date": "2025-05-23 12:08:05 UTC",
    "source": "web",
    "curated": "ok",
    "product_id": "15268772315516",
    "product_handle": "the-kings-rose",
    "reply": "",
    "reply_date": "",
    "picture_urls": "",
    "ip_address": "84.92.123.246",
    "location": "Woking, England, United Kingdom",
    "metaobject_handle": "review-fc3f419a-f9df-4fd9-8f7a-a6b550865357"
  },
  {
    "title": "Such a beautiful rose",
    "body": "Received our rose today , expertly packed arriving in pristine condition .\nThe colour is stunning , love the mix of cream & pink & has masses of buds , it now has pride of place on the patio.\nWe didn\u2019t make it to Chelsea this year , but we now have our rose to remind us of Chelsea 2025.",
    "rating": 5,
    "review_date": "2025-05-23 12:38:37 UTC",
    "source": "web",
    "curated": "ok",
    "product_id": "15268772315516",
    "product_handle": "the-kings-rose",
    "reply": "",
    "reply_date": "",
    "picture_urls": "",
    "ip_address": "86.28.215.43",
    "location": "Leeds, England, United Kingdom",
    "metaobject_handle": "review-f9be5147-cb94-4d5f-bcb8-57d4895f01c1"
  },
  {
    "title": "The King's Rose",
    "body": "My rose arrived today after only three days from ordering. Packaged very well. It is very healthy with blooms already open and lots more buds to come. \nNow planted in the border where I am sure it will be very happy.",
    "rating": 5,
    "review_date": "2025-05-23 14:48:30 UTC",
    "source": "web",
    "curated": "ok",
    "product_id": "15268772315516",
    "product_handle": "the-kings-rose",
    "reply": "",
    "reply_date": "",
    "picture_urls": "https://s3.amazonaws.com/me.judge.review-images/david-austin-roses-uk/1748011710__1000009786__original.jpg, https://s3.amazonaws.com/me.judge.review-images/david-austin-roses-uk/1748011714__1000009785__original.jpg",
    "ip_address": "86.190.66.113",
    "location": "Newark on Trent, England, United Kingdom",
    "metaobject_handle": "review-58cb07f3-a35e-4bed-a726-f215bc494857"
  },
  {
    "title": "The King\u2019s Rose",
    "body": "I wasn\u2019t sure at first, the simplicity of the petal structure and count didn\u2019t captivate me like others and I already have multi colour roses in my garden but in person this rose is so pretty and perfect for my boarder colour scheme. The flowers are sweet and has a matching light delicate scent. I\u2019m really happy with mine and so glad I ordered when I did. It arrived well packed in great condition.",
    "rating": 4,
    "review_date": "2025-05-24 09:12:49 UTC",
    "source": "web",
    "curated": "ok",
    "product_id": "15268772315516",
    "product_handle": "the-kings-rose",
    "reply": "",
    "reply_date": "",
    "picture_urls": "https://s3.amazonaws.com/me.judge.review-images/david-austin-roses-uk/1748077972__img_9901__original.jpeg, https://s3.amazonaws.com/me.judge.review-images/david-austin-roses-uk/1748077969__img_9903__original.jpeg",
    "ip_address": "151.226.53.91",
    "location": "Leeds, England, United Kingdom",
    "metaobject_handle": "review-b64b2441-10f1-4cf1-b2a2-30c3fb88cce6"
  },
  {
    "title": "The Wonderful Kings Rose",
    "body": "Amazing service from David Austin to receive this rose so quickly. Ordered watching Chelsea on TV! This rose makes me feel so happy like seaside rock with a beautiful fragrance, it's truly stunning lots of buds to come on an already tall plant and the bees are loving it. Will give me years of pleasure!",
    "rating": 5,
    "review_date": "2025-05-24 16:55:13 UTC",
    "source": "web",
    "curated": "ok",
    "product_id": "15268772315516",
    "product_handle": "the-kings-rose",
    "reply": "",
    "reply_date": "",
    "picture_urls": "https://s3.amazonaws.com/me.judge.review-images/david-austin-roses-uk/1748105713__1000019689__original.jpg",
    "ip_address": "51.7.102.130",
    "location": "Crewe, England, United Kingdom",
    "metaobject_handle": "review-e1fd403c-a714-471c-8747-14129e0fd125"
  },
  {
    "title": "The Kings Rose",
    "body": "Arrived in lovely condition.\nPlanted it out in a big tub.\nBees \ud83d\udc1d loving it too & lovely smell. \nThank you David Austin",
    "rating": 5,
    "review_date": "2025-05-25 15:42:56 UTC",
    "source": "web",
    "curated": "ok",
    "product_id": "15268772315516",
    "product_handle": "the-kings-rose",
    "reply": "",
    "reply_date": "",
    "picture_urls": "https://s3.amazonaws.com/me.judge.review-images/david-austin-roses-uk/1748187776__img_0997__original.jpeg, https://s3.amazonaws.com/me.judge.review-images/david-austin-roses-uk/1748187779__img_0992__original.jpeg",
    "ip_address": "86.171.86.32",
    "location": "Tadworth, England, United Kingdom",
    "metaobject_handle": "review-02d0e346-7ab8-417d-af40-a666c3ac8583"
  },
  {
    "title": "Beautiful Rose - Arrived with Black Spot",
    "body": "BEAUTIFUL Rose. \nFor the Price and Prestigue of this rose, it\u2019s a shame it arrived riddled with black spot.Now what I expect!",
    "rating": 3,
    "review_date": "2025-05-25 19:16:40 UTC",
    "source": "web",
    "curated": "ok",
    "product_id": "15268772315516",
    "product_handle": "the-kings-rose",
    "reply": "",
    "reply_date": "",
    "picture_urls": "https://s3.amazonaws.com/me.judge.review-images/david-austin-roses-uk/1748200601__img_5883__original.jpeg",
    "ip_address": "80.3.234.70",
    "location": "Leicester, England, United Kingdom",
    "metaobject_handle": "review-78e8282c-c516-4f1d-b184-2f50d8feeec5"
  },
  {
    "title": "Wonderful",
    "body": "So many buds coming through,  super happy with my choice. Smells divine!  A great new home gift.\n\nEven a bee went straight onto the flower\nThank you for the great packaging and delivery.",
    "rating": 5,
    "review_date": "2025-05-25 23:07:37 UTC",
    "source": "web",
    "curated": "ok",
    "product_id": "15268772315516",
    "product_handle": "the-kings-rose",
    "reply": "",
    "reply_date": "",
    "picture_urls": "",
    "ip_address": "141.195.161.170",
    "location": "Yeovil, England, United Kingdom",
    "metaobject_handle": "review-5ba10a93-edb5-4668-8f3e-2357659202eb"
  },
  {
    "title": "PERFECTLY SPLENDID",
    "body": "so excited i managed to get one not disappointed smells divine I need to find a spot though in my garden.",
    "rating": 5,
    "review_date": "2025-05-26 14:38:54 UTC",
    "source": "web",
    "curated": "ok",
    "product_id": "15268772315516",
    "product_handle": "the-kings-rose",
    "reply": "",
    "reply_date": "",
    "picture_urls": "https://s3.amazonaws.com/me.judge.review-images/david-austin-roses-uk/1748270334__20250526_152323__original.jpg, https://s3.amazonaws.com/me.judge.review-images/david-austin-roses-uk/1748270336__20250526_153111__original.jpg",
    "ip_address": "109.154.74.194",
    "location": "Kingsbridge, England, United Kingdom",
    "metaobject_handle": "review-09451e87-14b4-44d1-b702-190e04fb02c3"
  },
  {
    "title": "Gorgeous",
    "body": "Really pleased with the Kings Rose \nArrived in excellent condition with loads of buds and some flowers. The bees \ud83d\udc1d were straight in there.\nAlready planted near to Darcey Bussell and looking fabulous \nThank-you David Austin",
    "rating": 5,
    "review_date": "2025-05-26 16:46:58 UTC",
    "source": "web",
    "curated": "ok",
    "product_id": "15268772315516",
    "product_handle": "the-kings-rose",
    "reply": "",
    "reply_date": "",
    "picture_urls": "",
    "ip_address": "150.143.151.214",
    "location": "Bath, England, United Kingdom",
    "metaobject_handle": "review-a58bdbe7-1559-46c3-bd81-c584a16b9346"
  },
  {
    "title": "So Unusual & Eye-catching",
    "body": "I ordered the King\u2019s Rose as soon as I received the early sign-up email from DA. I only buy pollinator friendly roses and plants now. This rose is currently in my blue and pink border. It is stunning. The scent is light but the flowers themselves are truly magical. I now have 5 DA roses\u2026 Eustacia Vye, Scarborough Fair, Tottering-by-Gently,  Kew Gardens and of course the King\u2019 Rose. So pleased I got this new rose as it has sold out so quickly!",
    "rating": 5,
    "review_date": "2025-05-27 16:22:38 UTC",
    "source": "web",
    "curated": "ok",
    "product_id": "15268772315516",
    "product_handle": "the-kings-rose",
    "reply": "",
    "reply_date": "",
    "picture_urls": "https://s3.amazonaws.com/me.judge.review-images/david-austin-roses-uk/1748362959__img_5382__original.jpeg",
    "ip_address": "176.27.28.243",
    "location": "Glasgow, Scotland, United Kingdom",
    "metaobject_handle": "review-49b5c477-3877-4cc4-be89-8a62b635c86b"
  },
  {
    "title": "Beautiful",
    "body": "I really wasn\u2019t sure at first when I ordered the Kings Rose - but thought David Austin knows what they are doing. They truly do - it looks spectacular in my mixed border, and smells wonderful. I am so glad I ordered it so quickly, but am sad I am going to have to wait to order more!",
    "rating": 5,
    "review_date": "2025-05-27 22:11:26 UTC",
    "source": "web",
    "curated": "ok",
    "product_id": "15268772315516",
    "product_handle": "the-kings-rose",
    "reply": "",
    "reply_date": "",
    "picture_urls": "",
    "ip_address": "51.7.222.63",
    "location": "Liverpool, England, United Kingdom",
    "metaobject_handle": "review-48fce6a8-73bb-481a-ae1f-74c6052790f5"
  },
  {
    "title": "",
    "body": "Absolutely stunning rose.. packed really well . The perfume is stunning.",
    "rating": 5,
    "review_date": "2025-05-28 07:19:36 UTC",
    "source": "shop-app",
    "curated": "ok",
    "product_id": "15268772315516",
    "product_handle": "the-kings-rose",
    "reply": "",
    "reply_date": "",
    "picture_urls": "",
    "ip_address": "",
    "location": "",
    "metaobject_handle": "shop-2519111-212899212-1ff35ad1-93b4-425d-b2f8-b3ada8947f26"
  },
  {
    "title": "Disappointed",
    "body": "I was so excited to receive the new King\u2019s rose but to my disappointment the condition it arrived in left me quite disappointed.\nThe leaves didn\u2019t look luscious ans if they turning yellow and lost their deep green and had holes in them. One of them didn\u2019t look very healthy either.\nI\u2019ve also emailed David Austin regarding care help for other roses I\u2019ve planted and I\u2019ve still not heard back.",
    "rating": 3,
    "review_date": "2025-05-28 13:01:12 UTC",
    "source": "web",
    "curated": "ok",
    "product_id": "15268772315516",
    "product_handle": "the-kings-rose",
    "reply": "",
    "reply_date": "",
    "picture_urls": "https://s3.amazonaws.com/me.judge.review-images/david-austin-roses-uk/1748437272__img_0775__original.jpeg, https://s3.amazonaws.com/me.judge.review-images/david-austin-roses-uk/1748437275__img_0773__original.jpeg, https://s3.amazonaws.com/me.judge.review-images/david-austin-roses-uk/1748437278__img_0774__original.jpeg, https://s3.amazonaws.com/me.judge.review-images/david-austin-roses-uk/1748437282__img_0776__original.jpeg",
    "ip_address": "77.102.198.228",
    "location": "Preston, England, United Kingdom",
    "metaobject_handle": "review-21b44210-0829-4261-b16b-1d42d134d3b4"
  },
  {
    "title": "The Kings Rose",
    "body": "We ordered this and it  arrived very quickly,  we are absolutely delighted with this potted rose the colour and musky fragrance  is beautiful.\nIts in a large pot  near our garden  room so when we\u2019re outside we can enjoy it",
    "rating": 5,
    "review_date": "2025-05-28 20:27:27 UTC",
    "source": "web",
    "curated": "ok",
    "product_id": "15268772315516",
    "product_handle": "the-kings-rose",
    "reply": "",
    "reply_date": "",
    "picture_urls": "https://s3.amazonaws.com/me.judge.review-images/david-austin-roses-uk/1748464047__image__original.jpg, https://s3.amazonaws.com/me.judge.review-images/david-austin-roses-uk/1748464051__image__original.jpg",
    "ip_address": "104.28.40.109",
    "location": "Leeds, England, United Kingdom",
    "metaobject_handle": "review-3e935be6-9378-4003-9c89-bb59abbe7aac"
  },
  {
    "title": "Lovely rose",
    "body": "I saw this at the Chelsea Flower Show and had to have it so ordered it while at the show. It arrived yesterday and looks lovely. It already has a few buds on it and looks lovely in the flower bed along from Elizabeth.",
    "rating": 5,
    "review_date": "2025-05-29 13:31:10 UTC",
    "source": "web",
    "curated": "ok",
    "product_id": "15268772315516",
    "product_handle": "the-kings-rose",
    "reply": "",
    "reply_date": "",
    "picture_urls": "",
    "ip_address": "90.219.122.41",
    "location": "Crawley, England, United Kingdom",
    "metaobject_handle": "review-6407781a-1be9-41eb-9744-04655bb70590"
  },
  {
    "title": "Beautiful.",
    "body": "We absolutely love this beautiful King's Rose which has been planted in our communal garden in centre London. It shines out with its incredible colour and the Bees love it too.\nWhat more could you wish for! Thank you.",
    "rating": 5,
    "review_date": "2025-05-29 16:53:54 UTC",
    "source": "web",
    "curated": "ok",
    "product_id": "15268772315516",
    "product_handle": "the-kings-rose",
    "reply": "",
    "reply_date": "",
    "picture_urls": "",
    "ip_address": "109.150.216.241",
    "location": "Lambeth, England, United Kingdom",
    "metaobject_handle": "review-8ac310fc-d22f-4528-90cd-93960e6757e0"
  },
  {
    "title": "",
    "body": "A really beautiful rose and smells amazing. \nThank you",
    "rating": 5,
    "review_date": "2025-05-29 19:01:42 UTC",
    "source": "shop-app",
    "curated": "ok",
    "product_id": "15268772315516",
    "product_handle": "the-kings-rose",
    "reply": "",
    "reply_date": "",
    "picture_urls": "",
    "ip_address": "",
    "location": "",
    "metaobject_handle": "shop-2519111-213238104-7efd077b-d249-493c-8fc0-5bc1490e4202"
  },
  {
    "title": "The King Rose",
    "body": "This most spectacular rose is unique. The  colour of the petals just beautiful. With a heavenly scent. \nHis Royal Highness must be delighted.",
    "rating": 5,
    "review_date": "2025-06-03 14:37:51 UTC",
    "source": "new-rre-flow",
    "curated": "ok",
    "product_id": "15268772315516",
    "product_handle": "the-kings-rose",
    "reply": "",
    "reply_date": "",
    "picture_urls": "",
    "ip_address": "2a09:bac3:381c:26dc::3df:53",
    "location": "Swindon, England, United Kingdom",
    "metaobject_handle": "review-cbdc70a9-7398-4127-b148-1676f3856c09"
  },
  {
    "title": "The King's Rose bought at Chelsea Flower Show",
    "body": "The magnificent rose was delivered within a week from seeing it at the Chelsea Flower Show.  The rose was in a splendid condition and, to my delight, the perfume was much stronger than I had expected.  This rose is exceptional in its stunning colours and fragrance.  David Austin; you should rightfully be proud of yourselves for developing such a handsome specimen.",
    "rating": 5,
    "review_date": "2025-06-03 14:50:49 UTC",
    "source": "new-rre-flow",
    "curated": "ok",
    "product_id": "15268772315516",
    "product_handle": "the-kings-rose",
    "reply": "",
    "reply_date": "",
    "picture_urls": "",
    "ip_address": "2a09:bac2:377a:26d2::3de:49",
    "location": "Croydon, England, United Kingdom",
    "metaobject_handle": "review-5fc8fa15-2551-437c-8d31-e2fb959fefdf"
  },
  {
    "title": "Long live the King",
    "body": "I have always loved Rosa. Mundi  but ir flowers for such a short time \nI look forward to to enjoying this special mew Ros for some more weeks\nWell done!!!",
    "rating": 5,
    "review_date": "2025-06-03 16:50:13 UTC",
    "source": "new-rre-flow",
    "curated": "ok",
    "product_id": "15268772315516",
    "product_handle": "the-kings-rose",
    "reply": "",
    "reply_date": "",
    "picture_urls": "",
    "ip_address": "2a00:8b40:a7f7:0:4542:fef7:d98f:8c82",
    "location": "Seaview, England, United Kingdom",
    "metaobject_handle": "review-c321ff90-0725-4be2-a221-1d535e901409"
  },
  {
    "title": "Kings Rose",
    "body": "A beautiful rose and perfect specimen",
    "rating": 5,
    "review_date": "2025-06-04 06:35:38 UTC",
    "source": "new-rre-flow",
    "curated": "ok",
    "product_id": "15268772315516",
    "product_handle": "the-kings-rose",
    "reply": "",
    "reply_date": "",
    "picture_urls": "",
    "ip_address": "2a00:23c5:4e20:4401:943a:3ebf:2eee:14cb",
    "location": "Marlborough, England, United Kingdom",
    "metaobject_handle": "review-345b947a-9861-430c-8cea-f72753e55d6a"
  },
  {
    "title": "What a gorgeous rose",
    "body": "The King\u2019s rose arrived very well packaged a nd was in excellent condition with flowers and buds. The smell is wonderful and it looks amazing in the pot I bought. I bought it to commemorate a loss and I see it every day and smell it and it brings me joy. It came with lots of very useful planting instructions and the website is full of extra information.",
    "rating": 5,
    "review_date": "2025-06-04 08:59:10 UTC",
    "source": "web",
    "curated": "ok",
    "product_id": "15268772315516",
    "product_handle": "the-kings-rose",
    "reply": "",
    "reply_date": "",
    "picture_urls": "https://s3.amazonaws.com/me.judge.review-images/david-austin-roses-uk/1749027552__img_1627__original.jpeg, https://s3.amazonaws.com/me.judge.review-images/david-austin-roses-uk/1749027550__img_1634__original.jpeg",
    "ip_address": "94.192.30.181",
    "location": "Cambridge, England, United Kingdom",
    "metaobject_handle": "review-7b885611-2f62-4822-b4f1-ec1771933f75"
  },
  {
    "title": "The Kings rose\ud83c\udf39",
    "body": "They arrived so well packaged in perfect condition \nThey are covered in buds can\u2019t wait for them to open \nExcellently grown",
    "rating": 5,
    "review_date": "2025-06-04 15:05:35 UTC",
    "source": "new-rre-flow",
    "curated": "ok",
    "product_id": "15268772315516",
    "product_handle": "the-kings-rose",
    "reply": "",
    "reply_date": "",
    "picture_urls": "",
    "ip_address": "",
    "location": "",
    "metaobject_handle": "review-c388c8a2-1b93-4150-91e9-c2afaa5a598c"
  },
  {
    "title": "Another beautiful rose from David Austin",
    "body": "Arrived in a healthy condition with lots of buds; we are very happy with our roses and the customer service from David Austin.",
    "rating": 5,
    "review_date": "2025-06-04 15:38:51 UTC",
    "source": "new-rre-flow",
    "curated": "ok",
    "product_id": "15268772315516",
    "product_handle": "the-kings-rose",
    "reply": "",
    "reply_date": "",
    "picture_urls": "",
    "ip_address": "2a00:23c4:a8a3:5b01:e966:9922:f4e5:6982",
    "location": "Newport Pagnell, England, United Kingdom",
    "metaobject_handle": "review-965a86c5-e4b8-472b-a1c4-f509930433c7"
  },
  {
    "title": "Great delivery",
    "body": "Superbly packaged and delivered and lovely looking plant. No flowers yet but hoping for one soon! Thank you",
    "rating": 5,
    "review_date": "2025-06-04 16:14:08 UTC",
    "source": "web",
    "curated": "ok",
    "product_id": "15268772315516",
    "product_handle": "the-kings-rose",
    "reply": "",
    "reply_date": "",
    "picture_urls": "https://s3.amazonaws.com/me.judge.review-images/david-austin-roses-uk/1749053648__img_4487__original.jpeg",
    "ip_address": "90.196.166.175",
    "location": "Coventry, England, United Kingdom",
    "metaobject_handle": "review-6a706f22-6886-4d30-90fe-f6314f14bd08"
  },
  {
    "title": "",
    "body": "The rose was in excellent shape.  I planted it straight away.  There lots of buds and it looks healthy and happy",
    "rating": 5,
    "review_date": "2025-06-04 16:56:03 UTC",
    "source": "new-rre-flow",
    "curated": "ok",
    "product_id": "15268772315516",
    "product_handle": "the-kings-rose",
    "reply": "",
    "reply_date": "",
    "picture_urls": "",
    "ip_address": "86.19.219.14",
    "location": "Brighton, England, United Kingdom",
    "metaobject_handle": "review-e8813c53-bb4f-4dda-8a62-7caaa327d3d0"
  },
  {
    "title": "Beautiful Inspiration",
    "body": "Ordered the 'kings Rose' after seeing in on the Sunday preview show about Chelsea. Arrived in schedule and is now flowering in my garden. Have many Roses from David Austin the quality of them is always 5 star. Thank you to the team for your dedication to your work.",
    "rating": 5,
    "review_date": "2025-06-04 18:28:06 UTC",
    "source": "web",
    "curated": "ok",
    "product_id": "15268772315516",
    "product_handle": "the-kings-rose",
    "reply": "",
    "reply_date": "",
    "picture_urls": "",
    "ip_address": "79.135.124.165",
    "location": "Spalding, England, United Kingdom",
    "metaobject_handle": "review-f9496815-625b-4095-aa9e-1c2f22b79d23"
  },
  {
    "title": "Quality",
    "body": "Arrivied in quality packaging. The plant was well established and in quality condition. Thank you",
    "rating": 5,
    "review_date": "2025-06-05 06:44:42 UTC",
    "source": "new-rre-flow",
    "curated": "ok",
    "product_id": "15268772315516",
    "product_handle": "the-kings-rose",
    "reply": "",
    "reply_date": "",
    "picture_urls": "",
    "ip_address": "80.0.218.69",
    "location": "Middlesbrough, England, United Kingdom",
    "metaobject_handle": "review-39bba638-9602-4712-bd68-4e765e38eb50"
  },
  {
    "title": "",
    "body": "It\u2019s beautiful and now has a prime position in my garden. Thankyou",
    "rating": 5,
    "review_date": "2025-06-05 10:27:42 UTC",
    "source": "new-rre-flow",
    "curated": "ok",
    "product_id": "15268772315516",
    "product_handle": "the-kings-rose",
    "reply": "",
    "reply_date": "",
    "picture_urls": "",
    "ip_address": "2a00:23c7:9597:ad01:1803:bf4c:fe21:5430",
    "location": "Chorley, England, United Kingdom",
    "metaobject_handle": "review-4c9a4f57-2e6e-4657-8276-ca749c26f331"
  },
  {
    "title": "Beautiful rose",
    "body": "Lovely healthy plant",
    "rating": 5,
    "review_date": "2025-06-05 11:42:32 UTC",
    "source": "new-rre-flow",
    "curated": "ok",
    "product_id": "15268772315516",
    "product_handle": "the-kings-rose",
    "reply": "",
    "reply_date": "",
    "picture_urls": "",
    "ip_address": "82.19.114.155",
    "location": "Newham, England, United Kingdom",
    "metaobject_handle": "review-e4b92269-bfd5-4dc2-9c71-1c26d64288a4"
  },
  {
    "title": "Kings rose",
    "body": "Very pleased with the service delivered on time and the rose is top quality so well done to David Austin,would definitely be using again.",
    "rating": 5,
    "review_date": "2025-06-05 12:22:57 UTC",
    "source": "new-rre-flow",
    "curated": "ok",
    "product_id": "15268772315516",
    "product_handle": "the-kings-rose",
    "reply": "",
    "reply_date": "",
    "picture_urls": "",
    "ip_address": "2a00:23c6:e79a:ab01:8508:4e9d:3a0e:f9c1",
    "location": "Deal, England, United Kingdom",
    "metaobject_handle": "review-6d964e21-fb2d-4c39-b130-2b4d989e4481"
  },
  {
    "title": "Gorgeous",
    "body": "Excellent quality and speedy delivery",
    "rating": 5,
    "review_date": "2025-06-05 12:57:58 UTC",
    "source": "new-rre-flow",
    "curated": "ok",
    "product_id": "15268772315516",
    "product_handle": "the-kings-rose",
    "reply": "",
    "reply_date": "",
    "picture_urls": "",
    "ip_address": "82.132.232.196",
    "location": "Enfield, England, United Kingdom",
    "metaobject_handle": "review-14b61615-05e8-409e-9280-5a8f17e0b4ba"
  },
  {
    "title": "",
    "body": "I'm delighted with the plant ! I haven't planted it yet . I'm sure it's  going to be wonderful.",
    "rating": 5,
    "review_date": "2025-06-05 14:39:16 UTC",
    "source": "new-rre-flow",
    "curated": "ok",
    "product_id": "15268772315516",
    "product_handle": "the-kings-rose",
    "reply": "",
    "reply_date": "",
    "picture_urls": "",
    "ip_address": "2a00:23c5:848a:5101:c462:6cc8:4816:9592",
    "location": "Poole, England, United Kingdom",
    "metaobject_handle": "review-5734b524-bf1e-45d7-b973-19afa8aa20ba"
  },
  {
    "title": "There is nothing quite like David's ros\u00e9",
    "body": "I would say there are many gardener's like me we experiment with one of natures most amazing plant the rose \nOver the years I worry about what rose would suite in a particular corner or what rose  could stand a little shade and of course there is no need to worry as Mr David had taken all the concern away \nHe really did followed on by his close family.\nI had the pleasure of speaking to his son a while back a more pleasant man I have yet to meet  \nHis knowledge is not only first class but world class \nWith my best regards Howell",
    "rating": 5,
    "review_date": "2025-06-14 09:03:31 UTC",
    "source": "web",
    "curated": "ok",
    "product_id": "15268772315516",
    "product_handle": "the-kings-rose",
    "reply": "",
    "reply_date": "",
    "picture_urls": "",
    "ip_address": "185.66.206.188",
    "location": "Carmarthen, Wales, United Kingdom",
    "metaobject_handle": "review-4086e2d9-c4d8-44bb-b2e5-0a6578191468"
  },
  {
    "title": "Kings Rose a winner",
    "body": "I am thrilled with The Kings Rose. It arrived looking very healthy and covered in buds. It came two days after its debut on the first day at Chelsea and is still blooming. Three bees found the opened flowers within  ten minutes of unwrapping.\nIt has survived strong winds and torrential rain in an exposed position by the porch. A variegated stunner to add to my collection.",
    "rating": 5,
    "review_date": "2025-06-14 13:28:14 UTC",
    "source": "web",
    "curated": "ok",
    "product_id": "15268772315516",
    "product_handle": "the-kings-rose",
    "reply": "",
    "reply_date": "",
    "picture_urls": "",
    "ip_address": "104.28.40.85",
    "location": "Croydon, England, United Kingdom",
    "metaobject_handle": "review-01f6b5c2-0d36-44c8-af1b-1974c75c2119"
  },
  {
    "title": "Second rose flowering pale yellow and pink",
    "body": "The plant looked great The first flower came out pink and while but second pale yellow and pink \ud83e\udd14",
    "rating": 4,
    "review_date": "2025-06-14 13:37:19 UTC",
    "source": "new-rre-flow",
    "curated": "ok",
    "product_id": "15268772315516",
    "product_handle": "the-kings-rose",
    "reply": "",
    "reply_date": "",
    "picture_urls": "",
    "ip_address": "82.33.89.23",
    "location": "Coventry, England, United Kingdom",
    "metaobject_handle": "review-c50c7211-331d-4998-8fdd-5d10a1b1676f"
  },
  {
    "title": "",
    "body": "Gorgeous",
    "rating": 5,
    "review_date": "2025-06-16 07:09:08 UTC",
    "source": "shop-app",
    "curated": "ok",
    "product_id": "15268772315516",
    "product_handle": "the-kings-rose",
    "reply": "",
    "reply_date": "",
    "picture_urls": "",
    "ip_address": "",
    "location": "",
    "metaobject_handle": "shop-2519111-217066569-650e259d-86c2-4301-b865-8bf660184c23"
  },
  {
    "title": "",
    "body": "Beautiful rose . Very well packaged .",
    "rating": 5,
    "review_date": "2025-06-16 18:00:52 UTC",
    "source": "shop-app",
    "curated": "ok",
    "product_id": "15268772315516",
    "product_handle": "the-kings-rose",
    "reply": "",
    "reply_date": "",
    "picture_urls": "",
    "ip_address": "",
    "location": "",
    "metaobject_handle": "shop-2519111-217170178-ec5bbccd-2760-4cf9-aa0c-cf1bae38860c"
  },
  {
    "title": "",
    "body": "Arrived extremely well package",
    "rating": 5,
    "review_date": "2025-06-18 16:08:32 UTC",
    "source": "shop-app",
    "curated": "ok",
    "product_id": "15268772315516",
    "product_handle": "the-kings-rose",
    "reply": "",
    "reply_date": "",
    "picture_urls": "",
    "ip_address": "",
    "location": "",
    "metaobject_handle": "shop-2519111-217644340-33b5b8af-20a8-40cb-95d9-ebdcccf9e3f5"
  },
  {
    "title": "",
    "body": "Its beautiful and flowering \u2764\ufe0ffast delivery too",
    "rating": 5,
    "review_date": "2025-06-19 09:46:13 UTC",
    "source": "shop-app",
    "curated": "ok",
    "product_id": "15268772315516",
    "product_handle": "the-kings-rose",
    "reply": "",
    "reply_date": "",
    "picture_urls": "",
    "ip_address": "",
    "location": "",
    "metaobject_handle": "shop-2519111-217816625-a1632588-fa6c-46fa-be82-bd73dc6421c7"
  },
  {
    "title": "",
    "body": "Beautiful. Both roses were in great condition and are growing well",
    "rating": 5,
    "review_date": "2025-06-19 10:00:25 UTC",
    "source": "shop-app",
    "curated": "ok",
    "product_id": "15268772315516",
    "product_handle": "the-kings-rose",
    "reply": "",
    "reply_date": "",
    "picture_urls": "",
    "ip_address": "",
    "location": "",
    "metaobject_handle": "shop-2519111-217818260-37269270-aaa8-411d-aed5-0eebb9c397ce"
  },
  {
    "title": "",
    "body": "Fab",
    "rating": 5,
    "review_date": "2025-06-19 11:32:10 UTC",
    "source": "shop-app",
    "curated": "ok",
    "product_id": "15268772315516",
    "product_handle": "the-kings-rose",
    "reply": "",
    "reply_date": "",
    "picture_urls": "",
    "ip_address": "",
    "location": "",
    "metaobject_handle": "shop-2519111-217828146-bf3d9348-a5ce-4fde-8899-9ff86962a586"
  },
  {
    "title": "",
    "body": "The smell is inmense and such a beautiful flower",
    "rating": 5,
    "review_date": "2025-06-20 11:44:21 UTC",
    "source": "shop-app",
    "curated": "ok",
    "product_id": "15268772315516",
    "product_handle": "the-kings-rose",
    "reply": "",
    "reply_date": "",
    "picture_urls": "",
    "ip_address": "",
    "location": "",
    "metaobject_handle": "shop-2519111-218028381-d605c907-71ad-4d4a-9d5d-050aeef06f65"
  },
  {
    "title": "",
    "body": "Perfect- came very well packed and a good size- perfection- gorgeous scent",
    "rating": 5,
    "review_date": "2025-06-20 11:54:03 UTC",
    "source": "shop-app",
    "curated": "ok",
    "product_id": "15268772315516",
    "product_handle": "the-kings-rose",
    "reply": "",
    "reply_date": "",
    "picture_urls": "",
    "ip_address": "",
    "location": "",
    "metaobject_handle": "shop-2519111-218029750-649ae896-88aa-4c7d-8ce2-96bd3eeebd1a"
  },
  {
    "title": "",
    "body": "At present, the rose doesn\u2019t look very happy. I am hoping that will change.",
    "rating": 3,
    "review_date": "2025-06-20 13:46:39 UTC",
    "source": "shop-app",
    "curated": "ok",
    "product_id": "15268772315516",
    "product_handle": "the-kings-rose",
    "reply": "",
    "reply_date": "",
    "picture_urls": "",
    "ip_address": "",
    "location": "",
    "metaobject_handle": "shop-2519111-218046866-95c12845-74cc-4bc2-b846-1254bcd5377a"
  },
  {
    "title": "",
    "body": "Stunning healthy and beautiful",
    "rating": 5,
    "review_date": "2025-06-20 15:30:17 UTC",
    "source": "shop-app",
    "curated": "ok",
    "product_id": "15268772315516",
    "product_handle": "the-kings-rose",
    "reply": "",
    "reply_date": "",
    "picture_urls": "",
    "ip_address": "",
    "location": "",
    "metaobject_handle": "shop-2519111-218065696-7230d839-a984-4538-ab7e-9be5d70732fd"
  },
  {
    "title": "",
    "body": "Why would you go anywhere else for roses , than the top \n\nSaw the kings rose at the Chelsea flower show so preorder this immediately x \n\nIt didn\u2019t disappoint",
    "rating": 5,
    "review_date": "2025-06-20 15:59:28 UTC",
    "source": "shop-app",
    "curated": "ok",
    "product_id": "15268772315516",
    "product_handle": "the-kings-rose",
    "reply": "",
    "reply_date": "",
    "picture_urls": "",
    "ip_address": "",
    "location": "",
    "metaobject_handle": "shop-2519111-218071078-5123535e-d21e-4a4a-91ab-c8aec67ee9b3"
  },
  {
    "title": "",
    "body": "Just beautiful, perfect quality.",
    "rating": 5,
    "review_date": "2025-06-20 21:57:54 UTC",
    "source": "shop-app",
    "curated": "ok",
    "product_id": "15268772315516",
    "product_handle": "the-kings-rose",
    "reply": "",
    "reply_date": "",
    "picture_urls": "",
    "ip_address": "",
    "location": "",
    "metaobject_handle": "shop-2519111-218142800-06f74070-c7f2-436f-b72e-cd2e79904f44"
  },
  {
    "title": "",
    "body": "Well packed. Arrived quickly",
    "rating": 5,
    "review_date": "2025-06-21 13:07:00 UTC",
    "source": "shop-app",
    "curated": "ok",
    "product_id": "15268772315516",
    "product_handle": "the-kings-rose",
    "reply": "",
    "reply_date": "",
    "picture_urls": "",
    "ip_address": "",
    "location": "",
    "metaobject_handle": "shop-2519111-218238117-a9a8e477-b3e9-4acf-a7f0-6062458197d7"
  },
  {
    "title": "",
    "body": "Beautiful rose. Beautiful scent. It looks lively in our garden. We're looking forward to the next flush of blooms.",
    "rating": 5,
    "review_date": "2025-06-21 16:01:04 UTC",
    "source": "shop-app",
    "curated": "ok",
    "product_id": "15268772315516",
    "product_handle": "the-kings-rose",
    "reply": "",
    "reply_date": "",
    "picture_urls": "",
    "ip_address": "",
    "location": "",
    "metaobject_handle": "shop-2519111-218264791-70997d07-212f-4ac2-9f32-9e2d195821e6"
  },
  {
    "title": "Doesn\u2019t seem very healthy/strong",
    "body": "Arrived will as expected, planted, watered then fed a week later and it looks as if it\u2019s on its way out so disappointing:(",
    "rating": 2,
    "review_date": "2025-06-23 11:27:41 UTC",
    "source": "new-rre-flow",
    "curated": "ok",
    "product_id": "15268772315516",
    "product_handle": "the-kings-rose",
    "reply": "",
    "reply_date": "",
    "picture_urls": "",
    "ip_address": "90.215.14.120",
    "location": "Musselburgh, Scotland, United Kingdom",
    "metaobject_handle": "review-ad7e037d-7b80-4d2c-8e4d-c0ce0f7d7d9d"
  },
  {
    "title": "",
    "body": "Beautiful Rose but plant wasnt as fresh as all my previous ones and a bit dry . Rose also went to a cream colour on three of stems . A lot of buds and it has settled in the garden after feeding",
    "rating": 3,
    "review_date": "2025-06-25 13:52:38 UTC",
    "source": "shop-app",
    "curated": "ok",
    "product_id": "15268772315516",
    "product_handle": "the-kings-rose",
    "reply": "",
    "reply_date": "",
    "picture_urls": "",
    "ip_address": "",
    "location": "",
    "metaobject_handle": "shop-2519111-219095372-c536a9d3-b622-4460-b626-bc98b8f20a22"
  },
  {
    "title": "",
    "body": "Fabulous new rose. As always, arrived potted in perfect condition. Loads of beautiful flowers. Great addition to my sister\u2019s rose garden.",
    "rating": 5,
    "review_date": "2025-06-25 15:07:34 UTC",
    "source": "shop-app",
    "curated": "ok",
    "product_id": "15268772315516",
    "product_handle": "the-kings-rose",
    "reply": "",
    "reply_date": "",
    "picture_urls": "",
    "ip_address": "",
    "location": "",
    "metaobject_handle": "shop-2519111-219109777-357c92d5-7c61-402e-a550-9844de124d5f"
  },
  {
    "title": "",
    "body": "Patriotic, royalty and very English,\nNice rose colour",
    "rating": 5,
    "review_date": "2025-06-25 15:46:36 UTC",
    "source": "shop-app",
    "curated": "ok",
    "product_id": "15268772315516",
    "product_handle": "the-kings-rose",
    "reply": "",
    "reply_date": "",
    "picture_urls": "",
    "ip_address": "",
    "location": "",
    "metaobject_handle": "shop-2519111-219117892-f0f53d67-f14c-436d-9394-9b0b33acad91"
  },
  {
    "title": "",
    "body": "The rose arrived it was perfect full of buds\nNow in the garden and looking magnificent",
    "rating": 5,
    "review_date": "2025-06-26 09:22:35 UTC",
    "source": "shop-app",
    "curated": "ok",
    "product_id": "15268772315516",
    "product_handle": "the-kings-rose",
    "reply": "",
    "reply_date": "",
    "picture_urls": "",
    "ip_address": "",
    "location": "",
    "metaobject_handle": "shop-2519111-219286654-90b660aa-3b2e-479a-9920-45da7c432ab8"
  },
  {
    "title": "",
    "body": "Beautiful not stopped flowering since it arrived",
    "rating": 5,
    "review_date": "2025-06-26 14:15:05 UTC",
    "source": "shop-app",
    "curated": "ok",
    "product_id": "15268772315516",
    "product_handle": "the-kings-rose",
    "reply": "",
    "reply_date": "",
    "picture_urls": "",
    "ip_address": "",
    "location": "",
    "metaobject_handle": "shop-2519111-219329157-d85d00b2-1fe4-4865-b068-be3114ff8769"
  },
  {
    "title": "",
    "body": "Beautiful",
    "rating": 5,
    "review_date": "2025-06-27 13:04:09 UTC",
    "source": "shop-app",
    "curated": "ok",
    "product_id": "15268772315516",
    "product_handle": "the-kings-rose",
    "reply": "",
    "reply_date": "",
    "picture_urls": "",
    "ip_address": "",
    "location": "",
    "metaobject_handle": "shop-2519111-219532959-86178e0c-d8a6-4969-88d4-82b083af10f4"
  },
  {
    "title": "",
    "body": "Beautiful rose",
    "rating": 5,
    "review_date": "2025-06-27 17:24:22 UTC",
    "source": "shop-app",
    "curated": "ok",
    "product_id": "15268772315516",
    "product_handle": "the-kings-rose",
    "reply": "",
    "reply_date": "",
    "picture_urls": "",
    "ip_address": "",
    "location": "",
    "metaobject_handle": "shop-2519111-219583528-372f4419-4412-4256-9117-067bbf4af637"
  },
  {
    "title": "",
    "body": "Good healthy rose with lots of buds",
    "rating": 5,
    "review_date": "2025-06-28 06:11:28 UTC",
    "source": "shop-app",
    "curated": "ok",
    "product_id": "15268772315516",
    "product_handle": "the-kings-rose",
    "reply": "",
    "reply_date": "",
    "picture_urls": "",
    "ip_address": "",
    "location": "",
    "metaobject_handle": "shop-2519111-219709522-af77106a-0a2e-4273-abcb-aafa3111146c"
  },
  {
    "title": "",
    "body": "Absolutely beautiful, we are delighted",
    "rating": 5,
    "review_date": "2025-06-30 05:26:34 UTC",
    "source": "shop-app",
    "curated": "ok",
    "product_id": "15268772315516",
    "product_handle": "the-kings-rose",
    "reply": "",
    "reply_date": "",
    "picture_urls": "",
    "ip_address": "",
    "location": "",
    "metaobject_handle": "shop-2519111-220046957-e9083b23-aa61-48b6-84a6-5b17b8ccfe5f"
  },
  {
    "title": "",
    "body": "Stunning rose and lovely floral smell. My favourite \ud83e\udd70",
    "rating": 5,
    "review_date": "2025-07-07 23:53:21 UTC",
    "source": "shop-app",
    "curated": "ok",
    "product_id": "15268772315516",
    "product_handle": "the-kings-rose",
    "reply": "",
    "reply_date": "",
    "picture_urls": "",
    "ip_address": "",
    "location": "",
    "metaobject_handle": "shop-2519111-221713124-cbe11665-080e-48c5-a499-45d94b7e9670"
  }
]