[
  {
    "title": "",
    "body": "Really happy with my purchase beautiful rose with a lovely scent",
    "rating": 5,
    "review_date": "2023-06-17 12:32:16 UTC",
    "source": "shop-app",
    "curated": "ok",
    "product_id": "4114107990097",
    "product_handle": "the-poet-s-wife-shrub-rose-potted",
    "reply": "",
    "reply_date": "",
    "picture_urls": "",
    "ip_address": "",
    "location": "",
    "metaobject_handle": "shop-2519111-14213100-79a85066-0233-4232-a4bd-78874ee34ec6"
  },
  {
    "title": "",
    "body": "Beautiful",
    "rating": 5,
    "review_date": "2023-06-23 09:14:44 UTC",
    "source": "shop-app",
    "curated": "ok",
    "product_id": "4114107990097",
    "product_handle": "the-poet-s-wife-shrub-rose-potted",
    "reply": "",
    "reply_date": "",
    "picture_urls": "",
    "ip_address": "",
    "location": "",
    "metaobject_handle": "shop-2519111-14375027-4770d56b-d51e-4752-b280-7819706a67fe"
  },
  {
    "title": "",
    "body": "Beautiful",
    "rating": 5,
    "review_date": "2023-06-23 09:14:53 UTC",
    "source": "shop-app",
    "curated": "ok",
    "product_id": "4114107990097",
    "product_handle": "the-poet-s-wife-shrub-rose-potted",
    "reply": "",
    "reply_date": "",
    "picture_urls": "",
    "ip_address": "",
    "location": "",
    "metaobject_handle": "shop-2519111-14375029-6f903132-f0f7-47b7-a177-bb3f8af9b3a9"
  },
  {
    "title": "",
    "body": "Beautiful as expected from this wonderful grower thankyou",
    "rating": 5,
    "review_date": "2023-06-30 09:35:19 UTC",
    "source": "shop-app",
    "curated": "ok",
    "product_id": "4114107990097",
    "product_handle": "the-poet-s-wife-shrub-rose-potted",
    "reply": "",
    "reply_date": "",
    "picture_urls": "",
    "ip_address": "",
    "location": "",
    "metaobject_handle": "shop-2519111-14565245-a14367da-2de2-4caf-922c-a0d1166a0bdf"
  },
  {
    "title": "",
    "body": "A welcome successor to \u2018Happy Child\u2019, with a good scent, but without the tendency to exhibit disfiguring \nBlack Spot.",
    "rating": 5,
    "review_date": "2023-07-20 09:12:18 UTC",
    "source": "shop-app",
    "curated": "ok",
    "product_id": "4114107990097",
    "product_handle": "the-poet-s-wife-shrub-rose-potted",
    "reply": "",
    "reply_date": "",
    "picture_urls": "",
    "ip_address": "",
    "location": "",
    "metaobject_handle": "shop-2519111-33316940-8445dab5-b154-4ba1-bec5-c0f50cb99e69"
  },
  {
    "title": "",
    "body": "Gorgeous scent. Really well packaged and in amazing condition",
    "rating": 5,
    "review_date": "2023-08-14 18:02:50 UTC",
    "source": "shop-app",
    "curated": "ok",
    "product_id": "4114107990097",
    "product_handle": "the-poet-s-wife-shrub-rose-potted",
    "reply": "",
    "reply_date": "",
    "picture_urls": "",
    "ip_address": "",
    "location": "",
    "metaobject_handle": "shop-2519111-34746139-93f19962-28c3-4dc7-af5c-30d3b1ac0d25"
  },
  {
    "title": "",
    "body": "Lovely yellow flowers and very fragrant bought as a gift for my mum and she loves it",
    "rating": 5,
    "review_date": "2023-08-24 11:17:58 UTC",
    "source": "shop-app",
    "curated": "ok",
    "product_id": "4114107990097",
    "product_handle": "the-poet-s-wife-shrub-rose-potted",
    "reply": "",
    "reply_date": "",
    "picture_urls": "",
    "ip_address": "",
    "location": "",
    "metaobject_handle": "shop-2519111-35311998-70482fb2-9c6f-4ca1-b7cc-c5d064cf7fb7"
  },
  {
    "title": "",
    "body": "Arrived quick in good packaging. Blooms fell off with in a week. However grew back after a month or so. The plant has also grown. I would recommend. I'm comparing this to others I've bought locally and there is no comparison.  I would recommend as its an investment rather than buy cheaper roses that don't have the quality",
    "rating": 5,
    "review_date": "2023-09-06 23:48:25 UTC",
    "source": "shop-app",
    "curated": "ok",
    "product_id": "4114107990097",
    "product_handle": "the-poet-s-wife-shrub-rose-potted",
    "reply": "",
    "reply_date": "",
    "picture_urls": "",
    "ip_address": "",
    "location": "",
    "metaobject_handle": "shop-2519111-36207790-642c7f3b-afa4-470a-9c7b-b2f420862b21"
  }
]