[
  {
    "title": "Stunning",
    "body": "Beautiful dreamy flowers which the bees seem to love. It\u2019s my second year of having this one and it\u2019s really put on a growth spurt this year.",
    "rating": 5,
    "review_date": "2025-05-18 18:47:02 UTC",
    "source": "web",
    "curated": "ok",
    "product_id": "4113856299089",
    "product_handle": "the-lady-s-blush",
    "reply": "",
    "reply_date": "",
    "picture_urls": "",
    "ip_address": "86.163.66.110",
    "location": "Yeovil, England, United Kingdom",
    "metaobject_handle": "review-e11c6662-321d-445d-8235-c051e3b97a65"
  }
]