[
  {
    "title": "",
    "body": "Looks really healthy and has lots of flower buds. Love the colour.",
    "rating": 5,
    "review_date": "2023-08-08 13:25:17 UTC",
    "source": "shop-app",
    "curated": "ok",
    "product_id": "4114104287313",
    "product_handle": "the-lady-gardener-shrub-rose-potted",
    "reply": "",
    "reply_date": "",
    "picture_urls": "",
    "ip_address": "",
    "location": "",
    "metaobject_handle": "shop-2519111-34420416-f54a9222-e1d6-4328-a110-693f75890359"
  }
]