[
  {
    "title": "",
    "body": "It\u2019s growing really well",
    "rating": 5,
    "review_date": "2024-06-05 18:48:41 UTC",
    "source": "shop-app",
    "curated": "ok",
    "product_id": "4114034753617",
    "product_handle": "the-albrighton-rambler-rambling-rose-bare-root",
    "reply": "",
    "reply_date": "",
    "picture_urls": "",
    "ip_address": "",
    "location": "",
    "metaobject_handle": "shop-2519111-142264640-c079c9ed-8215-4555-b4f0-ac1cef93ae64"
  },
  {
    "title": "",
    "body": "Great healthy rose plant, pavkaged well and quick delivery.",
    "rating": 5,
    "review_date": "2025-07-04 13:02:03 UTC",
    "source": "shop-app",
    "curated": "ok",
    "product_id": "4113808916561",
    "product_handle": "the-albrighton-rambler-rambling-rose",
    "reply": "",
    "reply_date": "",
    "picture_urls": "",
    "ip_address": "",
    "location": "",
    "metaobject_handle": "shop-2519111-221050297-544265f3-0039-41e5-b89a-80a3d390a5a8"
  }
]