[
  {
    "title": "Smells great",
    "body": "Smells great, very healthy and not too big. Flowers really stand out.",
    "rating": 5,
    "review_date": "2025-05-23 13:51:04 UTC",
    "source": "web",
    "curated": "ok",
    "product_id": "4113863868497",
    "product_handle": "the-mayflower",
    "reply": "",
    "reply_date": "",
    "picture_urls": "",
    "ip_address": "92.23.65.54",
    "location": "Bristol, England, United Kingdom",
    "metaobject_handle": "review-30332232-09c4-40b7-83bc-2603128545b2"
  }
]