[
  {
    "title": "",
    "body": "Lovely",
    "rating": 5,
    "review_date": "2023-05-18 06:39:29 UTC",
    "source": "shop-app",
    "curated": "ok",
    "product_id": "4114077089873",
    "product_handle": "the-ingenious-mr-fairchild-shrub-rose-bare-root",
    "reply": "",
    "reply_date": "",
    "picture_urls": "",
    "ip_address": "",
    "location": "",
    "metaobject_handle": "shop-2519111-13391928-2d07d5ce-c0fb-45a9-9bd7-e6eec4eda041"
  },
  {
    "title": "",
    "body": "Lovely",
    "rating": 5,
    "review_date": "2023-05-18 06:39:57 UTC",
    "source": "shop-app",
    "curated": "ok",
    "product_id": "4114077089873",
    "product_handle": "the-ingenious-mr-fairchild-shrub-rose-bare-root",
    "reply": "",
    "reply_date": "",
    "picture_urls": "",
    "ip_address": "",
    "location": "",
    "metaobject_handle": "shop-2519111-13391932-9ff9545a-98b6-430f-8c1e-04849684c8d1"
  }
]