[
  {
    "title": "",
    "body": "Bought 3 as a wedding gift for my friends - they are delighted and now have an instant rose garden.",
    "rating": 5,
    "review_date": "2023-06-16 09:23:09 UTC",
    "source": "shop-app",
    "curated": "ok",
    "product_id": "4577377452113",
    "product_handle": "the-country-parson-potted",
    "reply": "",
    "reply_date": "",
    "picture_urls": "",
    "ip_address": "",
    "location": "",
    "metaobject_handle": "shop-2519111-14181872-4777dfa9-bd60-4ca4-bebe-151786c47e02"
  },
  {
    "title": "",
    "body": "Gorgeous roses as always",
    "rating": 5,
    "review_date": "2023-07-03 14:06:01 UTC",
    "source": "shop-app",
    "curated": "ok",
    "product_id": "4577377452113",
    "product_handle": "the-country-parson-potted",
    "reply": "",
    "reply_date": "",
    "picture_urls": "",
    "ip_address": "",
    "location": "",
    "metaobject_handle": "shop-2519111-14641806-efd5114e-797e-4d65-a80c-7edadaddcc32"
  },
  {
    "title": "",
    "body": "Really good quality rose",
    "rating": 5,
    "review_date": "2023-10-31 19:52:47 UTC",
    "source": "shop-app",
    "curated": "ok",
    "product_id": "4577377321041",
    "product_handle": "the-country-parson-bare-root",
    "reply": "",
    "reply_date": "",
    "picture_urls": "",
    "ip_address": "",
    "location": "",
    "metaobject_handle": "shop-2519111-43762731-0b1129bd-81fb-4d82-a6eb-4fbb932113be"
  },
  {
    "title": "Upright narrow rose",
    "body": "I like this rose as it\u2019s neat, the growth is upright and strong with smaller yellow flowers. It\u2019s in the middle of a mixed border and stands out well against other perennials.",
    "rating": 5,
    "review_date": "2025-04-10 16:17:34 UTC",
    "source": "web",
    "curated": "ok",
    "product_id": "4577377386577",
    "product_handle": "the-country-parson",
    "reply": "",
    "reply_date": "",
    "picture_urls": "",
    "ip_address": "92.23.65.54",
    "location": "Bristol, England, United Kingdom",
    "metaobject_handle": "review-cf718802-2275-40c7-9574-fe304a4916d1"
  },
  {
    "title": "",
    "body": "gorgeous fragrance rose which grows like a small climber, 4 foot. Flowers continuously, reliable but watch those thorns!",
    "rating": 4,
    "review_date": "2025-04-25 07:56:25 UTC",
    "source": "web",
    "curated": "ok",
    "product_id": "4577377386577",
    "product_handle": "the-country-parson",
    "reply": "",
    "reply_date": "",
    "picture_urls": "",
    "ip_address": "81.152.120.42",
    "location": "Kidderminster, England, United Kingdom",
    "metaobject_handle": "review-1320572a-a61a-4e57-ad9c-176f762241fe"
  }
]