[
  {
    "title": "",
    "body": "Healthy looking bare root but only 2 canes (stems) when others are getting 5 or more stems per plant.",
    "rating": 4,
    "review_date": "2025-04-16 19:30:56 UTC",
    "source": "shop-app",
    "curated": "ok",
    "product_id": "4113864228945",
    "product_handle": "the-mill-on-the-floss",
    "reply": "",
    "reply_date": "",
    "picture_urls": "",
    "ip_address": "",
    "location": "",
    "metaobject_handle": "shop-2519111-204513924-6d600cf4-f616-4b8a-b712-6d8c270b1550"
  },
  {
    "title": "Beautiful!!!",
    "body": "what can I say \u2026. So far, this is the best of all the different types of roses I have grown. ( We own only DA) It blooms abundantly every year, and each season seems to be its best yet! The plant is very strong and can develop into a climbing rose over time if you wish. I allow mine to grow over the fence, and it looks absolutely \u201cbloomy beautiful\u201d.",
    "rating": 5,
    "review_date": "2025-06-03 11:38:45 UTC",
    "source": "web",
    "curated": "ok",
    "product_id": "4113864228945",
    "product_handle": "the-mill-on-the-floss",
    "reply": "",
    "reply_date": "",
    "picture_urls": "https://s3.amazonaws.com/me.judge.review-images/david-austin-roses-uk/1748950725__img_4151__original.jpeg, https://s3.amazonaws.com/me.judge.review-images/david-austin-roses-uk/1748950728__img_4195__original.jpeg, https://s3.amazonaws.com/me.judge.review-images/david-austin-roses-uk/1748950731__img_4194__original.jpeg, https://s3.amazonaws.com/me.judge.review-images/david-austin-roses-uk/1748950734__img_4193__original.jpeg",
    "ip_address": "",
    "location": "",
    "metaobject_handle": "review-275ee929-4468-4be7-ae3e-399e85270b5b"
  }
]