[
  {
    "title": "",
    "body": "Smells lovely. Seems to be surviving",
    "rating": 5,
    "review_date": "2023-07-14 12:24:15 UTC",
    "source": "shop-app",
    "curated": "ok",
    "product_id": "4114094882897",
    "product_handle": "the-albrighton-ramblerrambling-rose-potted",
    "reply": "",
    "reply_date": "",
    "picture_urls": "",
    "ip_address": "",
    "location": "",
    "metaobject_handle": "shop-2519111-32929381-a01f10b2-6712-47f4-a96d-9e16df53eb1e"
  },
  {
    "title": "",
    "body": "Beautiful, really happy with purchase!",
    "rating": 5,
    "review_date": "2023-08-18 11:42:22 UTC",
    "source": "shop-app",
    "curated": "ok",
    "product_id": "4114094882897",
    "product_handle": "the-albrighton-ramblerrambling-rose-potted",
    "reply": "",
    "reply_date": "",
    "picture_urls": "",
    "ip_address": "",
    "location": "",
    "metaobject_handle": "shop-2519111-34963348-ac98d2ee-779b-4529-8056-b2f0f4199d59"
  }
]