[
  {
    "title": "",
    "body": "Excellent",
    "rating": 5,
    "review_date": "2023-05-23 15:56:42 UTC",
    "source": "shop-app",
    "curated": "ok",
    "product_id": "4114112512081",
    "product_handle": "thomas-a-becket-shrub-rose-potted",
    "reply": "",
    "reply_date": "",
    "picture_urls": "",
    "ip_address": "",
    "location": "",
    "metaobject_handle": "shop-2519111-13530606-b74a00ce-047a-4c8b-915c-02930d9e7a09"
  },
  {
    "title": "",
    "body": "beautiful colour and excellent quality",
    "rating": 5,
    "review_date": "2023-07-07 12:58:19 UTC",
    "source": "shop-app",
    "curated": "ok",
    "product_id": "4114112512081",
    "product_handle": "thomas-a-becket-shrub-rose-potted",
    "reply": "",
    "reply_date": "",
    "picture_urls": "",
    "ip_address": "",
    "location": "",
    "metaobject_handle": "shop-2519111-27047124-5937e977-8bf4-4eed-b6fb-08548d196cc9"
  },
  {
    "title": "",
    "body": "Amazing x can\u2019t wait for flowers to arrive xx",
    "rating": 5,
    "review_date": "2024-04-17 12:57:04 UTC",
    "source": "shop-app",
    "curated": "ok",
    "product_id": "4114141216849",
    "product_handle": "thomas-a-becket-shrub-rose-bare-root",
    "reply": "",
    "reply_date": "",
    "picture_urls": "",
    "ip_address": "",
    "location": "",
    "metaobject_handle": "shop-2519111-134000894-baf6f015-80a5-4c40-b4aa-a1962dd8cd72"
  }
]