[
  {
    "title": "",
    "body": "Great old fashioned looking tin with plenty of jute supplied.\nEasy to refill and at a good price.",
    "rating": 5,
    "review_date": "2023-12-11 16:42:26 UTC",
    "source": "shop-app",
    "curated": "ok",
    "product_id": "4208099885137",
    "product_handle": "tin-twine",
    "reply": "",
    "reply_date": "",
    "picture_urls": "",
    "ip_address": "",
    "location": "",
    "metaobject_handle": "shop-2519111-65670917-e0678d85-52bd-4220-9b78-96d52ba3e2a5"
  }
]