[
  {
    "title": "",
    "body": "Looks very healthy",
    "rating": 5,
    "review_date": "2023-05-17 21:39:22 UTC",
    "source": "shop-app",
    "curated": "ok",
    "product_id": "3239495630929",
    "product_handle": "tottering-by-gently-english-shrub-rose-potted",
    "reply": "",
    "reply_date": "",
    "picture_urls": "",
    "ip_address": "",
    "location": "",
    "metaobject_handle": "shop-2519111-13380809-348bdca7-a9db-403e-8760-34bcad2c7e8a"
  },
  {
    "title": "",
    "body": "Excellent quality and fast delivery.",
    "rating": 5,
    "review_date": "2023-06-08 15:26:15 UTC",
    "source": "shop-app",
    "curated": "ok",
    "product_id": "3239495630929",
    "product_handle": "tottering-by-gently-english-shrub-rose-potted",
    "reply": "",
    "reply_date": "",
    "picture_urls": "",
    "ip_address": "",
    "location": "",
    "metaobject_handle": "shop-2519111-13949465-035261ff-7ef6-458b-aeb8-ff8fa98453de"
  },
  {
    "title": "",
    "body": "Lovely quality rose",
    "rating": 5,
    "review_date": "2023-11-25 18:27:40 UTC",
    "source": "shop-app",
    "curated": "ok",
    "product_id": "3239495630929",
    "product_handle": "tottering-by-gently-english-shrub-rose-potted",
    "reply": "",
    "reply_date": "",
    "picture_urls": "",
    "ip_address": "",
    "location": "",
    "metaobject_handle": "shop-2519111-54271764-e21987a3-2c9c-4146-8d79-923e6ae2eb1e"
  },
  {
    "title": "",
    "body": "Gorgeous as always",
    "rating": 5,
    "review_date": "2024-07-09 09:13:08 UTC",
    "source": "shop-app",
    "curated": "ok",
    "product_id": "3239495630929",
    "product_handle": "tottering-by-gently-english-shrub-rose-potted",
    "reply": "",
    "reply_date": "",
    "picture_urls": "",
    "ip_address": "",
    "location": "",
    "metaobject_handle": "shop-2519111-148482215-b6f23f16-b022-40f2-bf43-bd9d6799ce3d"
  },
  {
    "title": "",
    "body": "The plant arrived well packed and in good condition.",
    "rating": 5,
    "review_date": "2024-04-11 10:02:04 UTC",
    "source": "shop-app",
    "curated": "ok",
    "product_id": "3239495794769",
    "product_handle": "tottering-by-gently-english-shrub-rose-bare-root",
    "reply": "",
    "reply_date": "",
    "picture_urls": "",
    "ip_address": "",
    "location": "",
    "metaobject_handle": "shop-2519111-132990406-8cf8adbf-a647-41d8-9e47-765a2049be93"
  }
]