[
  {
    "title": "Beutiful healthy rose grows lovely and tall",
    "body": "Buy many roses from david austin great service",
    "rating": 5,
    "review_date": "2025-02-20 00:00:00 UTC",
    "source": "judge-me",
    "curated": "ok",
    "product_id": "3239494418513",
    "product_handle": "tottering-by-gently",
    "reply": "",
    "reply_date": "",
    "picture_urls": "",
    "ip_address": "",
    "location": "",
    "metaobject_handle": "review-0283865e-2361-4ad0-920e-28a23a0e0e88"
  },
  {
    "title": "My new favourite rose!",
    "body": "I was drawn to this rose by its name (it reminded me of my elderly mum!), however, it is now my favourite rose. It has proved to be vigorous and floriferous and although the scent isn't strong, I am smitten by its open flowers, attracting pollinators to the garden. It has such cheerful flowers, bright and sunny and they bob in the breeze. It has everything!",
    "rating": 5,
    "review_date": "2025-02-19 00:00:00 UTC",
    "source": "judge-me",
    "curated": "ok",
    "product_id": "3239494418513",
    "product_handle": "tottering-by-gently",
    "reply": "",
    "reply_date": "",
    "picture_urls": "https://s3-us-west-1.amazonaws.com/user-files-1/servar/198908/93a58c09-f1ec-4986-a7cc-925782474774/da12cbe9-b97e-4d5a-a33e-5ffc113a5716/2025-02-19T23%253A47%253A36.976901%252B00%253A00/c1410270-068c-401a-9bee-34f6c88b058f-1_all_5650.jpg, https://s3-us-west-1.amazonaws.com/user-files-1/servar/198908/93a58c09-f1ec-4986-a7cc-925782474774/da12cbe9-b97e-4d5a-a33e-5ffc113a5716/2025-02-19T23%253A47%253A36.976837%252B00%253A00/c1410270-068c-401a-9bee-34f6c88b058f-1_all_5696.jpg, https://s3.amazonaws.com/me.judge.review-images/david-austin-roses-uk/1740135514__1740135507525-c1410270-068c-401a-9bee-34__original.jpg",
    "ip_address": "",
    "location": "",
    "metaobject_handle": "review-4b89f6ea-b454-4434-823d-667e990dec72"
  },
  {
    "title": "",
    "body": "Quite slow to establish, but very healthy plant. Lovely yellow.",
    "rating": 4,
    "review_date": "2025-02-19 00:00:00 UTC",
    "source": "judge-me",
    "curated": "ok",
    "product_id": "3239494418513",
    "product_handle": "tottering-by-gently",
    "reply": "",
    "reply_date": "",
    "picture_urls": "",
    "ip_address": "",
    "location": "",
    "metaobject_handle": "review-708904be-b0e1-4c97-b263-98a4fc184973"
  },
  {
    "title": "Gorgeous in every way",
    "body": "Such a pretty rose, would make a brilliant fragrant hedge,",
    "rating": 5,
    "review_date": "2025-02-19 00:00:00 UTC",
    "source": "judge-me",
    "curated": "ok",
    "product_id": "3239494418513",
    "product_handle": "tottering-by-gently",
    "reply": "",
    "reply_date": "",
    "picture_urls": "",
    "ip_address": "",
    "location": "",
    "metaobject_handle": "review-77b1dc5d-837d-4d76-b37f-40d5fb52bed9"
  },
  {
    "title": "Fan of roses",
    "body": "I bought two tottering by gently rose plants ( the first one eaten by rabbits), so pretty with a lovely light fragrance, They would make a stunning hedge.Although l have many roses l would love to find room for another gently tottering by.",
    "rating": 5,
    "review_date": "2025-02-19 00:00:00 UTC",
    "source": "judge-me",
    "curated": "ok",
    "product_id": "3239494418513",
    "product_handle": "tottering-by-gently",
    "reply": "",
    "reply_date": "",
    "picture_urls": "",
    "ip_address": "",
    "location": "",
    "metaobject_handle": "review-5a235b2b-b318-4a8e-8048-ca1ccb363e0a"
  },
  {
    "title": "Bee Friendly",
    "body": "Tottering by gently is growing alongside my meandering path.It\u201a\u00c4\u00f4s bright yellow flowers illuminate a semi shady area and demand a closer look.Its fragrance is light and musky but the best thing about it is the openness and simplicity of its flowers.A magnet for the busy summer bees.",
    "rating": 5,
    "review_date": "2025-02-19 00:00:00 UTC",
    "source": "judge-me",
    "curated": "ok",
    "product_id": "3239494418513",
    "product_handle": "tottering-by-gently",
    "reply": "",
    "reply_date": "",
    "picture_urls": "",
    "ip_address": "",
    "location": "",
    "metaobject_handle": "review-70dd1784-674b-472f-b30e-2f187e21a759"
  },
  {
    "title": "Perfect yellow",
    "body": "We are big fans of the cartoon series with this title but also of this gorgeous bright yellow rose with a wonderful scent. The bees and hoverflies love its open flower form too.",
    "rating": 5,
    "review_date": "2025-02-19 00:00:00 UTC",
    "source": "judge-me",
    "curated": "ok",
    "product_id": "3239494418513",
    "product_handle": "tottering-by-gently",
    "reply": "",
    "reply_date": "",
    "picture_urls": "",
    "ip_address": "",
    "location": "",
    "metaobject_handle": "review-81e37710-1e6f-4887-97ed-30e93a3525fa"
  },
  {
    "title": "",
    "body": "My David Austin, Tottering By Gently is a beautiful long flowering yellow rose. I opened up my garden last year and the rose shone put of the border with golden brightness.",
    "rating": 5,
    "review_date": "2025-02-19 00:00:00 UTC",
    "source": "judge-me",
    "curated": "ok",
    "product_id": "3239494418513",
    "product_handle": "tottering-by-gently",
    "reply": "",
    "reply_date": "",
    "picture_urls": "",
    "ip_address": "",
    "location": "",
    "metaobject_handle": "review-f3da481a-1e4d-401d-82c9-611d8b034c13"
  },
  {
    "title": "",
    "body": "Perfect so far, but it is indeed winter right now!",
    "rating": 5,
    "review_date": "2025-02-18 00:00:00 UTC",
    "source": "judge-me",
    "curated": "ok",
    "product_id": "3239494418513",
    "product_handle": "tottering-by-gently",
    "reply": "",
    "reply_date": "",
    "picture_urls": "",
    "ip_address": "",
    "location": "",
    "metaobject_handle": "review-77ecdcbe-629f-4498-a1d1-2dd08e62e33f"
  },
  {
    "title": "Yellow Ray Of Sunshine",
    "body": "What can I say about Tottering By Gently? It is so pretty and easy to manage, even on a dull day it brightens the garden. It loved the damp conditions last summer,it simply didn't stop flowering and then at the end of the season I had the hipps.",
    "rating": 5,
    "review_date": "2025-02-11 00:00:00 UTC",
    "source": "judge-me",
    "curated": "ok",
    "product_id": "3239494418513",
    "product_handle": "tottering-by-gently",
    "reply": "",
    "reply_date": "",
    "picture_urls": "",
    "ip_address": "",
    "location": "",
    "metaobject_handle": "review-3da7117d-7d76-4259-a225-4bbf7409e7e0"
  },
  {
    "title": "A delightful rose",
    "body": "This rose has made good growth in its first year in my garden. It has lovely healthy mid-green foliage and delightful open pale yellow flowers which attract pollinators and smell delicately of primroses. Deadheading gives a long flowering season. I love it - and the name!",
    "rating": 5,
    "review_date": "2025-02-11 00:00:00 UTC",
    "source": "judge-me",
    "curated": "ok",
    "product_id": "3239494418513",
    "product_handle": "tottering-by-gently",
    "reply": "",
    "reply_date": "",
    "picture_urls": "",
    "ip_address": "",
    "location": "",
    "metaobject_handle": "review-196a7372-6e4b-4a42-9c0e-79c098e3c0b5"
  },
  {
    "title": "Not up to standard",
    "body": "This rose has been in the ground now since Nov. 2023. Not only did it not flower last year but the growth is still very sparse and spindly. Not up to David Austin's usual standard",
    "rating": 2,
    "review_date": "2025-02-11 00:00:00 UTC",
    "source": "judge-me",
    "curated": "ok",
    "product_id": "3239494418513",
    "product_handle": "tottering-by-gently",
    "reply": "",
    "reply_date": "",
    "picture_urls": "",
    "ip_address": "",
    "location": "",
    "metaobject_handle": "review-b27e604f-51dd-41fc-bf69-1ef163e9093f"
  },
  {
    "title": "Beautiful Rose",
    "body": "Tottering by gently is a very prolific rose. Masses of blooms that carried on throughout summer. Bee friendly and we have it growing on our allotment.",
    "rating": 5,
    "review_date": "2025-02-06 00:00:00 UTC",
    "source": "judge-me",
    "curated": "ok",
    "product_id": "3239494418513",
    "product_handle": "tottering-by-gently",
    "reply": "",
    "reply_date": "",
    "picture_urls": "",
    "ip_address": "",
    "location": "",
    "metaobject_handle": "review-0db9bfde-ba27-4e19-afb1-401279245936"
  },
  {
    "title": "A friendly rose",
    "body": "The simple well stamened open face of this rose is always welcoming & its gentle soft yellow colouring is most alluring. I have 5 in a group & it\u201a\u00c4\u00f4s easy to work between them pruning etc as the thorns are negligible. They are an asset to a sunny space in the garden. They associate well with caryopteris &?rosa mutability odorata.",
    "rating": 5,
    "review_date": "2025-02-05 00:00:00 UTC",
    "source": "judge-me",
    "curated": "ok",
    "product_id": "3239494418513",
    "product_handle": "tottering-by-gently",
    "reply": "",
    "reply_date": "",
    "picture_urls": "",
    "ip_address": "",
    "location": "",
    "metaobject_handle": "review-4d285d8e-3d24-401e-b43a-2a5f07e4118d"
  },
  {
    "title": "Sweetness and light",
    "body": "A simple, single rose, an uplifting shade of yellow. A good-doer but not over-vigorous. Holds its own amongst other, more showy roses but would go equally well in a wild or semi-wild setting. Emerges early and blooms for a long time. Lifts my heart.",
    "rating": 5,
    "review_date": "2025-02-05 00:00:00 UTC",
    "source": "judge-me",
    "curated": "ok",
    "product_id": "3239494418513",
    "product_handle": "tottering-by-gently",
    "reply": "",
    "reply_date": "",
    "picture_urls": "",
    "ip_address": "",
    "location": "",
    "metaobject_handle": "review-9dd084b2-e2d8-4c89-8644-b8a974a362ff"
  },
  {
    "title": "",
    "body": "Lovely quality roses, good roots and budding up nicely. Thank you!",
    "rating": 5,
    "review_date": "2025-04-03 09:32:29 UTC",
    "source": "shop-app",
    "curated": "ok",
    "product_id": "3239494418513",
    "product_handle": "tottering-by-gently",
    "reply": "",
    "reply_date": "",
    "picture_urls": "",
    "ip_address": "",
    "location": "",
    "metaobject_handle": "shop-2519111-201377622-da0343c9-f159-450f-b3ab-cd08184e59a7"
  },
  {
    "title": "",
    "body": "Love the name. Lovely healthy plant. Got it's leaves on already. I would recommend this shop.",
    "rating": 5,
    "review_date": "2025-05-20 14:39:17 UTC",
    "source": "shop-app",
    "curated": "ok",
    "product_id": "3239494418513",
    "product_handle": "tottering-by-gently",
    "reply": "",
    "reply_date": "",
    "picture_urls": "",
    "ip_address": "",
    "location": "",
    "metaobject_handle": "shop-2519111-211084061-bbff3831-97de-4fca-aaea-28e768f51b6f"
  },
  {
    "title": "A Rose to Lighten Every Mood",
    "body": "I am so happy to have given into temptation once again. This marks my second purchase of a David Austin rose within two weeks, and each one has brought immense joy! It is an exceptionally beautiful rose.",
    "rating": 4,
    "review_date": "2025-05-15 16:19:39 UTC",
    "source": "web",
    "curated": "ok",
    "product_id": "3239494418513",
    "product_handle": "tottering-by-gently",
    "reply": "",
    "reply_date": "",
    "picture_urls": "https://s3.amazonaws.com/me.judge.review-images/david-austin-roses-uk/1747325980__img_5342__original.jpeg",
    "ip_address": "5.80.162.31",
    "location": "Taunton, England, United Kingdom",
    "metaobject_handle": "review-99967c7a-56bf-4774-82df-fc89290a6afc"
  },
  {
    "title": "A Rose to Lighten Every Mood",
    "body": "I am so happy to have given into temptation once again. This marks my second purchase of a David Austin rose within two weeks, and each one has brought immense joy! It is an exceptionally beautiful rose.",
    "rating": 5,
    "review_date": "2025-05-15 16:59:12 UTC",
    "source": "web",
    "curated": "ok",
    "product_id": "3239494418513",
    "product_handle": "tottering-by-gently",
    "reply": "",
    "reply_date": "",
    "picture_urls": "https://s3.amazonaws.com/me.judge.review-images/david-austin-roses-uk/1747328352__img_5343__original.jpeg",
    "ip_address": "5.80.162.31",
    "location": "Taunton, England, United Kingdom",
    "metaobject_handle": "review-b019bfa6-c106-4d96-a8fc-dae39fe0da9b"
  },
  {
    "title": "",
    "body": "Wonderful as ever\nThank you",
    "rating": 5,
    "review_date": "2025-06-05 11:28:21 UTC",
    "source": "new-rre-flow",
    "curated": "ok",
    "product_id": "3239494418513",
    "product_handle": "tottering-by-gently",
    "reply": "",
    "reply_date": "",
    "picture_urls": "",
    "ip_address": "2a00:23c7:9b06:f101:ccfd:7234:e71:a031",
    "location": "Liss, England, United Kingdom",
    "metaobject_handle": "review-c8568178-b3d2-4b98-9ca5-6e68723b5c00"
  },
  {
    "title": "",
    "body": "Stunning - super healthy- will be using David Austin Roses in future",
    "rating": 5,
    "review_date": "2025-06-28 11:34:44 UTC",
    "source": "shop-app",
    "curated": "ok",
    "product_id": "3239494418513",
    "product_handle": "tottering-by-gently",
    "reply": "",
    "reply_date": "",
    "picture_urls": "",
    "ip_address": "",
    "location": "",
    "metaobject_handle": "shop-2519111-219734822-e3c6c7fb-e45a-4c3a-b969-80250467dceb"
  },
  {
    "title": "",
    "body": "Very pretty delicate rose",
    "rating": 5,
    "review_date": "2025-07-09 15:33:17 UTC",
    "source": "shop-app",
    "curated": "ok",
    "product_id": "3239494418513",
    "product_handle": "tottering-by-gently",
    "reply": "",
    "reply_date": "",
    "picture_urls": "",
    "ip_address": "",
    "location": "",
    "metaobject_handle": "shop-2519111-222074784-5673ae0e-3a13-4ab1-af2c-045af8afede5"
  }
]