[
  {
    "title": "",
    "body": "Really pleased",
    "rating": 5,
    "review_date": "2023-05-10 08:35:04 UTC",
    "source": "shop-app",
    "curated": "ok",
    "product_id": "4114141413457",
    "product_handle": "tranquillity-shrub-rose-bare-root",
    "reply": "",
    "reply_date": "",
    "picture_urls": "",
    "ip_address": "",
    "location": "",
    "metaobject_handle": "shop-2519111-13163482-06c0b9af-ea2b-456b-9329-ec9b31640f63"
  },
  {
    "title": "",
    "body": "Beautiful scent",
    "rating": 5,
    "review_date": "2023-08-29 11:19:53 UTC",
    "source": "shop-app",
    "curated": "ok",
    "product_id": "4114141413457",
    "product_handle": "tranquillity-shrub-rose-bare-root",
    "reply": "",
    "reply_date": "",
    "picture_urls": "",
    "ip_address": "",
    "location": "",
    "metaobject_handle": "shop-2519111-35634593-f344d821-df24-4335-abfd-454bac1e6b0d"
  },
  {
    "title": "",
    "body": "Same as before David Austin roses are reliably good",
    "rating": 5,
    "review_date": "2023-11-07 13:10:52 UTC",
    "source": "shop-app",
    "curated": "ok",
    "product_id": "4114141413457",
    "product_handle": "tranquillity-shrub-rose-bare-root",
    "reply": "",
    "reply_date": "",
    "picture_urls": "",
    "ip_address": "",
    "location": "",
    "metaobject_handle": "shop-2519111-47723734-0ebe9928-3fa6-4814-89ae-c5ed60c052e7"
  },
  {
    "title": "",
    "body": "Beautiful quality rose.",
    "rating": 5,
    "review_date": "2023-10-01 04:21:18 UTC",
    "source": "shop-app",
    "curated": "ok",
    "product_id": "4114112577617",
    "product_handle": "tranquillity-shrub-rose-potted",
    "reply": "",
    "reply_date": "",
    "picture_urls": "",
    "ip_address": "",
    "location": "",
    "metaobject_handle": "shop-2519111-38347269-345a9739-6089-4e31-a549-9472a6f2b652"
  },
  {
    "title": "",
    "body": "Beautifully fragranced and gorgeous shape of blooms. Highly recommend this rose to others. \nIt",
    "rating": 5,
    "review_date": "2023-12-14 09:46:29 UTC",
    "source": "shop-app",
    "curated": "ok",
    "product_id": "4114112577617",
    "product_handle": "tranquillity-shrub-rose-potted",
    "reply": "",
    "reply_date": "",
    "picture_urls": "",
    "ip_address": "",
    "location": "",
    "metaobject_handle": "shop-2519111-68802324-624991e9-66d5-46d2-9b8f-36561f5277af"
  },
  {
    "title": "",
    "body": "Ordered as a anniversary gift they loved it too",
    "rating": 5,
    "review_date": "2024-04-06 09:45:09 UTC",
    "source": "shop-app",
    "curated": "ok",
    "product_id": "4114112577617",
    "product_handle": "tranquillity-shrub-rose-potted",
    "reply": "",
    "reply_date": "",
    "picture_urls": "",
    "ip_address": "",
    "location": "",
    "metaobject_handle": "shop-2519111-132232456-3faafa6b-9c66-4009-8a51-03c54b7fb59b"
  }
]