[
  {
    "title": "",
    "body": "Great customer service as usual and a perfect healthy rose. Fabulous as always",
    "rating": 5,
    "review_date": "2025-03-12 22:10:13 UTC",
    "source": "shop-app",
    "curated": "ok",
    "product_id": "4114014470225",
    "product_handle": "tranquillity",
    "reply": "",
    "reply_date": "",
    "picture_urls": "",
    "ip_address": "",
    "location": "",
    "metaobject_handle": "shop-2519111-191958630-5f0a3cbf-ac48-4457-b006-5b620db52e07"
  },
  {
    "title": "",
    "body": "Arrived well packaged looks lovely and healthy",
    "rating": 5,
    "review_date": "2025-04-01 11:38:51 UTC",
    "source": "shop-app",
    "curated": "ok",
    "product_id": "4114014470225",
    "product_handle": "tranquillity",
    "reply": "",
    "reply_date": "",
    "picture_urls": "",
    "ip_address": "",
    "location": "",
    "metaobject_handle": "shop-2519111-200525318-593d83a5-0cac-4ec3-aa1c-e0f9e485d60b"
  },
  {
    "title": "The most splendid of roses",
    "body": "I have bought roses from David Austin for many years and each and every time the rose quality; customer service; branding has been superb and the best I have ever encountered.. this keeps me coming back time and time again. Please please release a rose called \u2018Emmeline\u2019 \u2026 I have been searching for a rose for my daughter.",
    "rating": 5,
    "review_date": "2025-06-12 14:58:03 UTC",
    "source": "web",
    "curated": "ok",
    "product_id": "4114014470225",
    "product_handle": "tranquillity",
    "reply": "",
    "reply_date": "",
    "picture_urls": "https://s3.amazonaws.com/me.judge.review-images/david-austin-roses-uk/1749740283__img_3335__original.jpeg, https://s3.amazonaws.com/me.judge.review-images/david-austin-roses-uk/1749740286__img_3311__original.jpeg",
    "ip_address": "83.105.149.180",
    "location": "Wandsworth, England, United Kingdom",
    "metaobject_handle": "review-afac2ea3-5546-4a4a-9dad-f2cdfd2b630a"
  },
  {
    "title": "",
    "body": "Beautiful roses. I would always recommend David Austin for the quality of their plants. We ordered two and they came as two shipments, but when I rang, the lady on customer services was really helpful and the second rose arrived later the same day.",
    "rating": 5,
    "review_date": "2025-05-23 13:47:42 UTC",
    "source": "shop-app",
    "curated": "ok",
    "product_id": "4114014470225",
    "product_handle": "tranquillity",
    "reply": "",
    "reply_date": "",
    "picture_urls": "",
    "ip_address": "",
    "location": "",
    "metaobject_handle": "shop-2519111-211792792-e470055e-3f22-4f57-8c9a-607722f082f3"
  }
]