[
  {
    "title": "",
    "body": "Excellent quality rose , arrived safely , well packaged and ready for planting out",
    "rating": 5,
    "review_date": "2023-05-24 13:06:45 UTC",
    "source": "shop-app",
    "curated": "ok",
    "product_id": "4114112741457",
    "product_handle": "tuscany-superb-potted",
    "reply": "",
    "reply_date": "",
    "picture_urls": "",
    "ip_address": "",
    "location": "",
    "metaobject_handle": "shop-2519111-13554772-9bbb4955-5290-4f59-b8f4-e00c3d74725a"
  }
]