[
  {
    "title": "",
    "body": "Asnt bloomed yet looking forward to seeing this rose very much",
    "rating": 5,
    "review_date": "2023-05-04 14:51:44 UTC",
    "source": "shop-app",
    "curated": "ok",
    "product_id": "4114142396497",
    "product_handle": "valencia-bare-root",
    "reply": "",
    "reply_date": "",
    "picture_urls": "",
    "ip_address": "",
    "location": "",
    "metaobject_handle": "shop-2519111-13004667-2e117671-e349-4fc0-8177-16fcc4247427"
  },
  {
    "title": "",
    "body": "Confident in the product as have bought before",
    "rating": 5,
    "review_date": "2024-12-11 15:19:36 UTC",
    "source": "shop-app",
    "curated": "ok",
    "product_id": "4114019024977",
    "product_handle": "valencia",
    "reply": "",
    "reply_date": "",
    "picture_urls": "",
    "ip_address": "",
    "location": "",
    "metaobject_handle": "shop-2519111-172697533-84486f9b-c746-4b0f-8532-56f8caa6bb55"
  },
  {
    "title": "Highly fragrant, healthy and beautiful cut flower.",
    "body": "Love this rose, saw this variety in Queen Mary Rose garden decades ago, inspired me to buy this beauty, large blooms. Delicious fragrance.",
    "rating": 5,
    "review_date": "2025-06-20 07:53:29 UTC",
    "source": "web",
    "curated": "ok",
    "product_id": "4114019024977",
    "product_handle": "valencia",
    "reply": "",
    "reply_date": "",
    "picture_urls": "https://s3.amazonaws.com/me.judge.review-images/david-austin-roses-uk/1750406009__img_8720__original.jpeg",
    "ip_address": "185.115.147.148",
    "location": "Wallington, England, United Kingdom",
    "metaobject_handle": "review-e0154708-17f0-4210-a9e6-822f2e4b5f91"
  }
]