[
  {
    "title": "",
    "body": "Very healthy looking plant on arrival - waiting for flowering season",
    "rating": 4,
    "review_date": "2023-05-04 20:19:24 UTC",
    "source": "shop-app",
    "curated": "ok",
    "product_id": "4114142593105",
    "product_handle": "vanessa-bell-shrub-rose-bare-root",
    "reply": "",
    "reply_date": "",
    "picture_urls": "",
    "ip_address": "",
    "location": "",
    "metaobject_handle": "shop-2519111-13017283-1ff6de7b-e334-4645-838e-5cac87b9b0ec"
  },
  {
    "title": "",
    "body": "Always reliable DA roses",
    "rating": 5,
    "review_date": "2023-08-29 11:19:37 UTC",
    "source": "shop-app",
    "curated": "ok",
    "product_id": "4114142593105",
    "product_handle": "vanessa-bell-shrub-rose-bare-root",
    "reply": "",
    "reply_date": "",
    "picture_urls": "",
    "ip_address": "",
    "location": "",
    "metaobject_handle": "shop-2519111-35634590-c2d41c91-cf1a-4464-b3ec-d36eaf7139e6"
  }
]