[
  {
    "title": "",
    "body": "Not doing as well as first year bare root, possibly needs more time to get established",
    "rating": 3,
    "review_date": "2023-09-01 11:38:54 UTC",
    "source": "shop-app",
    "curated": "ok",
    "product_id": "4114142888017",
    "product_handle": "velvet-fragrance-bare-root",
    "reply": "",
    "reply_date": "",
    "picture_urls": "",
    "ip_address": "",
    "location": "",
    "metaobject_handle": "shop-2519111-35853957-f7e674e7-be11-44d9-9f44-65ca3cdd6bd7"
  }
]