[
  {
    "title": "",
    "body": "Quick to arrive. Really well packed. Great instructions. Super quality",
    "rating": 5,
    "review_date": "2023-05-29 13:45:04 UTC",
    "source": "shop-app",
    "curated": "ok",
    "product_id": "4114113101905",
    "product_handle": "warm-welcome-potted",
    "reply": "",
    "reply_date": "",
    "picture_urls": "",
    "ip_address": "",
    "location": "",
    "metaobject_handle": "shop-2519111-13678338-282450d0-18b7-4d37-8a1b-4bf26a2347b4"
  },
  {
    "title": "",
    "body": "My rose arrived well packaged and in good condition. Lovely small orange rose I can\u2019t wait for it to grow up my arch.",
    "rating": 5,
    "review_date": "2023-07-09 19:26:20 UTC",
    "source": "shop-app",
    "curated": "ok",
    "product_id": "4114113101905",
    "product_handle": "warm-welcome-potted",
    "reply": "",
    "reply_date": "",
    "picture_urls": "",
    "ip_address": "",
    "location": "",
    "metaobject_handle": "shop-2519111-31232627-75c4202b-34db-456b-8f1a-15143f836efd"
  },
  {
    "title": "",
    "body": "Very healthy, well packed, and courier took great care",
    "rating": 5,
    "review_date": "2023-08-17 10:13:38 UTC",
    "source": "shop-app",
    "curated": "ok",
    "product_id": "4114113101905",
    "product_handle": "warm-welcome-potted",
    "reply": "",
    "reply_date": "",
    "picture_urls": "",
    "ip_address": "",
    "location": "",
    "metaobject_handle": "shop-2519111-34898621-ddd49f86-ae0b-4953-b18f-eae2d0e7d2ff"
  },
  {
    "title": "",
    "body": "Good packaging - bare root rose therefore difficult to comment until the spring!",
    "rating": 5,
    "review_date": "2024-11-23 12:03:51 UTC",
    "source": "shop-app",
    "curated": "ok",
    "product_id": "4114024431697",
    "product_handle": "warm-welcome",
    "reply": "",
    "reply_date": "",
    "picture_urls": "",
    "ip_address": "",
    "location": "",
    "metaobject_handle": "shop-2519111-169161745-0f04d0be-73ff-42ef-8303-7019b98853d1"
  },
  {
    "title": "Beautifully uplifting rose.",
    "body": "I have had this rose for about 20 years now. It wasn\u2019t keen on its original position (west facing but near to concrete steps) and didn\u2019t grow/flower much.  I moved house and took it with me. It appears to love its new position in a south facing boarder, where it is surrounded by perennials (pictured against the Chilean potato tree). I love it.",
    "rating": 5,
    "review_date": "2025-04-11 17:46:41 UTC",
    "source": "web",
    "curated": "ok",
    "product_id": "4114024431697",
    "product_handle": "warm-welcome",
    "reply": "",
    "reply_date": "",
    "picture_urls": "https://s3.amazonaws.com/me.judge.review-images/david-austin-roses-uk/1744393601__img_2169__original.jpeg",
    "ip_address": "31.52.48.132",
    "location": "Bromsgrove, England, United Kingdom",
    "metaobject_handle": "review-485746b6-ecd5-4284-adcb-5d6e3c2a082f"
  },
  {
    "title": "Aptly named rose",
    "body": "I have had this rose for many years now. It happily lives in a pot beside my front door. As I said aptly named for where I planted it. It never fails to blossom whatever our weather throws at it. I have had many comments from people passng by because it is so eye catching when in full bloom.",
    "rating": 5,
    "review_date": "2025-05-24 10:44:02 UTC",
    "source": "web",
    "curated": "ok",
    "product_id": "4114024431697",
    "product_handle": "warm-welcome",
    "reply": "",
    "reply_date": "",
    "picture_urls": "",
    "ip_address": "78.145.32.200",
    "location": "Nuneaton, England, United Kingdom",
    "metaobject_handle": "review-21258e28-eeda-4492-b3e7-2166e532eccc"
  }
]