[
  {
    "title": "",
    "body": "Seems a very healthy rose. Would recommend.",
    "rating": 5,
    "review_date": "2023-04-25 09:37:46 UTC",
    "source": "shop-app",
    "curated": "ok",
    "product_id": "4114144198737",
    "product_handle": "william-and-catherine-shrub-rose-bare-root",
    "reply": "",
    "reply_date": "",
    "picture_urls": "",
    "ip_address": "",
    "location": "",
    "metaobject_handle": "shop-2519111-12707156-df581c8a-89c2-48dc-815a-bccf3ebba900"
  },
  {
    "title": "",
    "body": "Very healthy rose,looking forward to first blooms",
    "rating": 5,
    "review_date": "2023-05-17 11:25:13 UTC",
    "source": "shop-app",
    "curated": "ok",
    "product_id": "4114144198737",
    "product_handle": "william-and-catherine-shrub-rose-bare-root",
    "reply": "",
    "reply_date": "",
    "picture_urls": "",
    "ip_address": "",
    "location": "",
    "metaobject_handle": "shop-2519111-13363027-f46792df-1c12-4627-af2c-cc1bfe849db6"
  },
  {
    "title": "",
    "body": "As always",
    "rating": 5,
    "review_date": "2023-12-21 09:54:56 UTC",
    "source": "shop-app",
    "curated": "ok",
    "product_id": "4114144198737",
    "product_handle": "william-and-catherine-shrub-rose-bare-root",
    "reply": "",
    "reply_date": "",
    "picture_urls": "",
    "ip_address": "",
    "location": "",
    "metaobject_handle": "shop-2519111-88540187-cca27ee5-45f5-4628-8c33-67825d3bfe3e"
  },
  {
    "title": "",
    "body": "As expected",
    "rating": 5,
    "review_date": "2023-05-19 09:33:39 UTC",
    "source": "shop-app",
    "curated": "ok",
    "product_id": "4114113593425",
    "product_handle": "william-and-catherine-shrub-rose-potted",
    "reply": "",
    "reply_date": "",
    "picture_urls": "",
    "ip_address": "",
    "location": "",
    "metaobject_handle": "shop-2519111-13423685-7cf20b02-bcd5-4340-949c-e7bf7e6934d0"
  },
  {
    "title": "",
    "body": "Stunning rose, lots of buds",
    "rating": 5,
    "review_date": "2023-06-21 12:18:23 UTC",
    "source": "shop-app",
    "curated": "ok",
    "product_id": "4114113593425",
    "product_handle": "william-and-catherine-shrub-rose-potted",
    "reply": "",
    "reply_date": "",
    "picture_urls": "",
    "ip_address": "",
    "location": "",
    "metaobject_handle": "shop-2519111-14313574-70a1ecdc-b2ad-42e5-9b97-4dda8e78da6c"
  },
  {
    "title": "",
    "body": "Can\u2019t wait as look very healthy thank you xx",
    "rating": 5,
    "review_date": "2024-02-18 09:23:23 UTC",
    "source": "shop-app",
    "curated": "ok",
    "product_id": "4114113593425",
    "product_handle": "william-and-catherine-shrub-rose-potted",
    "reply": "",
    "reply_date": "",
    "picture_urls": "",
    "ip_address": "",
    "location": "",
    "metaobject_handle": "shop-2519111-119670681-68effab0-e02b-4780-97dd-e81f49110331"
  }
]