[
  {
    "title": "Beautiful rose",
    "body": "Have this rose in a large terracotta tub, It is a beautiful and showy rose, just love it.",
    "rating": 5,
    "review_date": "2025-02-11 00:00:00 UTC",
    "source": "judge-me",
    "curated": "ok",
    "product_id": "4114027184209",
    "product_handle": "william-and-catherine",
    "reply": "",
    "reply_date": "",
    "picture_urls": "",
    "ip_address": "",
    "location": "",
    "metaobject_handle": "review-64bf7fb6-b8d0-4258-a53b-eefd53a3ff8c"
  },
  {
    "title": "",
    "body": "This is a beautiful rose the scent good growth good health very good. I had treated myself to this rose and then for my 90th birthday last year a friend sent me another. Oh. Joy I now have two",
    "rating": 5,
    "review_date": "2025-02-05 00:00:00 UTC",
    "source": "judge-me",
    "curated": "ok",
    "product_id": "4114027184209",
    "product_handle": "william-and-catherine",
    "reply": "",
    "reply_date": "",
    "picture_urls": "",
    "ip_address": "",
    "location": "",
    "metaobject_handle": "review-99345062-06e4-456d-8e3c-e9f90e467180"
  },
  {
    "title": "",
    "body": "Part of my first David Austin purchase. Oh my I am so happy. It has grown so much in the few weeks I have owned this rose. I can not wait until the first blooms. I bought the potted rose and I'm glad I did.",
    "rating": 5,
    "review_date": "2025-04-20 14:30:08 UTC",
    "source": "shop-app",
    "curated": "ok",
    "product_id": "4114027184209",
    "product_handle": "william-and-catherine",
    "reply": "",
    "reply_date": "",
    "picture_urls": "",
    "ip_address": "",
    "location": "",
    "metaobject_handle": "shop-2519111-205160178-a218c5d4-7c03-43da-97e7-d41987ad0d12"
  },
  {
    "title": "",
    "body": "Just beautiful!!",
    "rating": 5,
    "review_date": "2025-06-20 11:43:54 UTC",
    "source": "shop-app",
    "curated": "ok",
    "product_id": "4114027184209",
    "product_handle": "william-and-catherine",
    "reply": "",
    "reply_date": "",
    "picture_urls": "",
    "ip_address": "",
    "location": "",
    "metaobject_handle": "shop-2519111-218028302-e36c1815-63e0-4839-9898-b9720eb59a74"
  }
]