[
  {
    "title": "",
    "body": "Fantastic gloves, very well made, fully waterproof and exceptionally warm.\nPerfect for the coldest of winter days.\nThey also allow you a good degree of dexterity and reasonably priced",
    "rating": 5,
    "review_date": "2025-01-19 13:26:55 UTC",
    "source": "shop-app",
    "curated": "ok",
    "product_id": "4208100081745",
    "product_handle": "winter-touch-gloves-mens",
    "reply": "",
    "reply_date": "",
    "picture_urls": "",
    "ip_address": "",
    "location": "",
    "metaobject_handle": "shop-2519111-180783755-f50706e1-63af-4a26-8582-8f4c3647e6c1"
  },
  {
    "title": "",
    "body": "Very well made gloves, extremely comfortable and true to size.\nShould last a good while and reasonably priced.",
    "rating": 5,
    "review_date": "2023-12-11 16:36:00 UTC",
    "source": "shop-app",
    "curated": "ok",
    "product_id": "4208100081745",
    "product_handle": "winter-touch-gloves-mens",
    "reply": "",
    "reply_date": "",
    "picture_urls": "",
    "ip_address": "",
    "location": "",
    "metaobject_handle": "shop-2519111-65662718-59613d22-58c6-4da5-b357-f7cc545fe1f2"
  }
]