[
  {
    "title": "",
    "body": "Lovely quality warm Winter gardening gloves. These will last for years.",
    "rating": 5,
    "review_date": "2023-11-20 21:54:13 UTC",
    "source": "shop-app",
    "curated": "ok",
    "product_id": "4208099950673",
    "product_handle": "winter-touch-gloves-ladies",
    "reply": "",
    "reply_date": "",
    "picture_urls": "",
    "ip_address": "",
    "location": "",
    "metaobject_handle": "shop-2519111-53386949-05bef9f6-6801-461a-b849-301904ead143"
  }
]