[
  {
    "title": "",
    "body": "Stunning, super quality rose. Flowered for ages",
    "rating": 5,
    "review_date": "2022-11-15 16:34:52 UTC",
    "source": "shop-app",
    "curated": "ok",
    "product_id": "4114098290769",
    "product_handle": "wollerton-old-hall-climbing-rose-potted",
    "reply": "",
    "reply_date": "",
    "picture_urls": "",
    "ip_address": "",
    "location": "",
    "metaobject_handle": "shop-2519111-1341392-aa3f9703-48f2-47ab-a30c-fb948b8af3c5"
  },
  {
    "title": "",
    "body": "Perfect as always.",
    "rating": 5,
    "review_date": "2024-07-03 18:08:12 UTC",
    "source": "shop-app",
    "curated": "ok",
    "product_id": "4114098290769",
    "product_handle": "wollerton-old-hall-climbing-rose-potted",
    "reply": "",
    "reply_date": "",
    "picture_urls": "",
    "ip_address": "",
    "location": "",
    "metaobject_handle": "shop-2519111-147588183-83fa50f3-1df9-4f7e-9f9f-ae2b066189ca"
  },
  {
    "title": "",
    "body": "The best as always",
    "rating": 5,
    "review_date": "2023-08-09 09:43:17 UTC",
    "source": "shop-app",
    "curated": "ok",
    "product_id": "4114098290769",
    "product_handle": "wollerton-old-hall-climbing-rose-potted",
    "reply": "",
    "reply_date": "",
    "picture_urls": "",
    "ip_address": "",
    "location": "",
    "metaobject_handle": "shop-2519111-34467873-43327fdb-1c9b-402c-aa66-7ef7c473bc77"
  },
  {
    "title": "",
    "body": "Beautiful rose. Made me realise how awful others I have bought from other places have been \ud83d\ude2c this arrived healthy, well packaged and even with some blooms and buds. I\u2019m so happy with it!",
    "rating": 5,
    "review_date": "2023-09-08 08:37:34 UTC",
    "source": "shop-app",
    "curated": "ok",
    "product_id": "4114098290769",
    "product_handle": "wollerton-old-hall-climbing-rose-potted",
    "reply": "",
    "reply_date": "",
    "picture_urls": "",
    "ip_address": "",
    "location": "",
    "metaobject_handle": "shop-2519111-36301604-f2a18d01-cddd-4a0c-adb8-6c7efb9db484"
  },
  {
    "title": "",
    "body": "Healthy twig with lots of roots. Planted, hopefully it grows well",
    "rating": 5,
    "review_date": "2024-03-20 09:41:52 UTC",
    "source": "shop-app",
    "curated": "ok",
    "product_id": "4114058936401",
    "product_handle": "wollerton-old-hall-climbing-rose-bare-root",
    "reply": "",
    "reply_date": "",
    "picture_urls": "",
    "ip_address": "",
    "location": "",
    "metaobject_handle": "shop-2519111-128788242-269c8af6-4b28-4830-a50e-94253a33dba2"
  },
  {
    "title": "",
    "body": "Lovely strong plants",
    "rating": 5,
    "review_date": "2024-03-20 13:34:55 UTC",
    "source": "shop-app",
    "curated": "ok",
    "product_id": "4114058936401",
    "product_handle": "wollerton-old-hall-climbing-rose-bare-root",
    "reply": "",
    "reply_date": "",
    "picture_urls": "",
    "ip_address": "",
    "location": "",
    "metaobject_handle": "shop-2519111-128813898-1630c1b7-68fa-4439-a484-3349348c40cb"
  },
  {
    "title": "",
    "body": "Delivered & packaged well. Can\u2019t wait to see the rose flower \ud83e\udd70",
    "rating": 5,
    "review_date": "2024-03-27 14:02:57 UTC",
    "source": "shop-app",
    "curated": "ok",
    "product_id": "4114058936401",
    "product_handle": "wollerton-old-hall-climbing-rose-bare-root",
    "reply": "",
    "reply_date": "",
    "picture_urls": "",
    "ip_address": "",
    "location": "",
    "metaobject_handle": "shop-2519111-129944023-985b67b2-dbb2-48d4-9df2-f435d76e5079"
  }
]