[
  {
    "title": "",
    "body": "Well packaged, easy delivery. \nCan\u2019t wait for them to bloom!",
    "rating": 5,
    "review_date": "2024-03-04 10:36:34 UTC",
    "source": "shop-app",
    "curated": "ok",
    "product_id": "4114145706065",
    "product_handle": "zephirine-drouhin-bare-root",
    "reply": "",
    "reply_date": "",
    "picture_urls": "",
    "ip_address": "",
    "location": "",
    "metaobject_handle": "shop-2519111-122161141-729046c4-fee2-4d48-8b1a-77b49730b95a"
  },
  {
    "title": "",
    "body": "Well packaged and now growing nicely.",
    "rating": 5,
    "review_date": "2024-05-29 17:21:39 UTC",
    "source": "shop-app",
    "curated": "ok",
    "product_id": "4114145706065",
    "product_handle": "zephirine-drouhin-bare-root",
    "reply": "",
    "reply_date": "",
    "picture_urls": "",
    "ip_address": "",
    "location": "",
    "metaobject_handle": "shop-2519111-141062699-055f6a71-08b9-478c-8366-0c1f6811e61f"
  },
  {
    "title": "Favourite",
    "body": "Our favourite rose since I bought it. Parents are admired, amazing scent, no thorns, vibrant colours, busy bees, space saver and our cats love climbing in it up and down the roof.",
    "rating": 5,
    "review_date": "2025-06-01 05:15:36 UTC",
    "source": "web",
    "curated": "ok",
    "product_id": "4114032656465",
    "product_handle": "zephirine-drouhin",
    "reply": "",
    "reply_date": "",
    "picture_urls": "https://s3.amazonaws.com/me.judge.review-images/david-austin-roses-uk/1748754936__screenshot_20250601_060405__original.jpg",
    "ip_address": "82.17.112.129",
    "location": "Luton, England, United Kingdom",
    "metaobject_handle": "review-2fda430d-7e53-491b-b2f5-a49d34a2b67e"
  }
]